Year,Real_Year,Month,Day,Hour,Predicted_Load,Actual_Load
3,2022,1,1,1,1893.9410400390625,2064
3,2022,1,1,2,1834.473876953125,1975
3,2022,1,1,3,1775.000244140625,1900
3,2022,1,1,4,1751.52392578125,1829
3,2022,1,1,5,1755.6544189453125,1828
3,2022,1,1,6,1793.866455078125,1870
3,2022,1,1,7,1886.0517578125,1884
3,2022,1,1,8,1856.42041015625,1833
3,2022,1,1,9,1928.23388671875,1769
3,2022,1,1,10,1735.091796875,1611
3,2022,1,1,11,1674.5806884765625,1439
3,2022,1,1,12,1570.3505859375,1331
3,2022,1,1,13,1601.833251953125,1360
3,2022,1,1,14,1710.807373046875,1453
3,2022,1,1,15,1769.4898681640625,1688
3,2022,1,1,16,1910.5625,1886
3,2022,1,1,17,2207.058349609375,2183
3,2022,1,1,18,2531.409423828125,2451
3,2022,1,1,19,2525.8857421875,2488
3,2022,1,1,20,2479.232421875,2454
3,2022,1,1,21,2405.09716796875,2398
3,2022,1,1,22,2353.21826171875,2314
3,2022,1,1,23,2194.895751953125,2171
3,2022,1,1,24,2016.644775390625,2050
3,2022,1,2,1,1971.6622314453125,2002
3,2022,1,2,2,1901.40869140625,1931
3,2022,1,2,3,1825.795166015625,1880
3,2022,1,2,4,1804.5712890625,1836
3,2022,1,2,5,1831.1514892578125,1887
3,2022,1,2,6,1912.2369384765625,1947
3,2022,1,2,7,2011.3734130859375,2007
3,2022,1,2,8,2065.01611328125,1981
3,2022,1,2,9,1920.2928466796875,1860
3,2022,1,2,10,1769.6905517578125,1656
3,2022,1,2,11,1640.3548583984375,1436
3,2022,1,2,12,1551.8184814453125,1330
3,2022,1,2,13,1523.3255615234375,1294
3,2022,1,2,14,1651.9351806640625,1382
3,2022,1,2,15,1775.0286865234375,1655
3,2022,1,2,16,1989.580322265625,2001
3,2022,1,2,17,2264.869140625,2279
3,2022,1,2,18,2552.2607421875,2543
3,2022,1,2,19,2561.927734375,2577
3,2022,1,2,20,2543.32177734375,2533
3,2022,1,2,21,2446.03466796875,2465
3,2022,1,2,22,2333.034912109375,2359
3,2022,1,2,23,2183.808837890625,2191
3,2022,1,2,24,2060.14453125,2069
3,2022,1,3,1,2016.5811767578125,2054
3,2022,1,3,2,1957.2489013671875,2014
3,2022,1,3,3,1946.3331298828125,2097
3,2022,1,3,4,1926.98779296875,2051
3,2022,1,3,5,2071.588134765625,2021
3,2022,1,3,6,2270.18115234375,2209
3,2022,1,3,7,2483.998779296875,2388
3,2022,1,3,8,2446.2353515625,2442
3,2022,1,3,9,2303.775390625,2288
3,2022,1,3,10,2070.06689453125,1948
3,2022,1,3,11,1888.3033447265625,1634
3,2022,1,3,12,1777.1873779296875,1507
3,2022,1,3,13,1736.106689453125,1571
3,2022,1,3,14,1823.697265625,1663
3,2022,1,3,15,1975.2713623046875,1849
3,2022,1,3,16,2175.66455078125,2130
3,2022,1,3,17,2500.51513671875,2477
3,2022,1,3,18,2777.842041015625,2781
3,2022,1,3,19,2801.652587890625,2793
3,2022,1,3,20,2713.70556640625,2731
3,2022,1,3,21,2579.53173828125,2633
3,2022,1,3,22,2400.029541015625,2488
3,2022,1,3,23,2220.33349609375,2295
3,2022,1,3,24,2036.044677734375,2138
3,2022,1,4,1,1953.7987060546875,2072
3,2022,1,4,2,1911.7562255859375,2034
3,2022,1,4,3,1874.0499267578125,2115
3,2022,1,4,4,1878.4427490234375,2116
3,2022,1,4,5,1970.7833251953125,2076
3,2022,1,4,6,2207.38134765625,2236
3,2022,1,4,7,2442.0,2456
3,2022,1,4,8,2444.809326171875,2493
3,2022,1,4,9,2281.6435546875,2393
3,2022,1,4,10,2071.210693359375,2198
3,2022,1,4,11,1913.924560546875,1815
3,2022,1,4,12,1824.23486328125,1587
3,2022,1,4,13,1808.874755859375,1551
3,2022,1,4,14,1836.52734375,1598
3,2022,1,4,15,1982.825439453125,1788
3,2022,1,4,16,2150.56982421875,2132
3,2022,1,4,17,2467.49951171875,2518
3,2022,1,4,18,2756.26953125,2785
3,2022,1,4,19,2813.677490234375,2795
3,2022,1,4,20,2717.371826171875,2729
3,2022,1,4,21,2574.236328125,2625
3,2022,1,4,22,2406.03125,2476
3,2022,1,4,23,2242.8369140625,2275
3,2022,1,4,24,2059.991455078125,2125
3,2022,1,5,1,1990.0455322265625,2130
3,2022,1,5,2,1911.7562255859375,2123
3,2022,1,5,3,1864.0718994140625,2065
3,2022,1,5,4,1856.904052734375,2100
3,2022,1,5,5,1936.75732421875,2037
3,2022,1,5,6,2115.492919921875,2203
3,2022,1,5,7,2346.456298828125,2416
3,2022,1,5,8,2431.811767578125,2405
3,2022,1,5,9,2281.619140625,2188
3,2022,1,5,10,2038.9224853515625,2005
3,2022,1,5,11,1852.147705078125,1849
3,2022,1,5,12,1791.824951171875,1630
3,2022,1,5,13,1807.2080078125,1597
3,2022,1,5,14,1879.3179931640625,1624
3,2022,1,5,15,2009.066162109375,1815
3,2022,1,5,16,2194.5244140625,2128
3,2022,1,5,17,2442.009765625,2477
3,2022,1,5,18,2661.56982421875,2738
3,2022,1,5,19,2682.857177734375,2718
3,2022,1,5,20,2572.19384765625,2647
3,2022,1,5,21,2461.3349609375,2543
3,2022,1,5,22,2327.571044921875,2408
3,2022,1,5,23,2158.387451171875,2212
3,2022,1,5,24,1999.4298095703125,2071
3,2022,1,6,1,1936.91259765625,2043
3,2022,1,6,2,1875.955078125,1927
3,2022,1,6,3,1843.642578125,1890
3,2022,1,6,4,1837.9346923828125,1896
3,2022,1,6,5,1926.972900390625,1963
3,2022,1,6,6,2116.100830078125,2122
3,2022,1,6,7,2299.928466796875,2333
3,2022,1,6,8,2354.679443359375,2346
3,2022,1,6,9,2226.828857421875,2107
3,2022,1,6,10,2055.265625,1908
3,2022,1,6,11,1848.7435302734375,1656
3,2022,1,6,12,1810.4315185546875,1651
3,2022,1,6,13,1859.541748046875,1604
3,2022,1,6,14,1877.2164306640625,1722
3,2022,1,6,15,2009.066162109375,1899
3,2022,1,6,16,2196.233642578125,2128
3,2022,1,6,17,2449.606689453125,2433
3,2022,1,6,18,2647.583984375,2668
3,2022,1,6,19,2658.8662109375,2658
3,2022,1,6,20,2531.923583984375,2578
3,2022,1,6,21,2424.716796875,2477
3,2022,1,6,22,2283.0673828125,2340
3,2022,1,6,23,2100.73974609375,2158
3,2022,1,6,24,1967.0059814453125,2013
3,2022,1,7,1,1896.4649658203125,1960
3,2022,1,7,2,1837.3916015625,1890
3,2022,1,7,3,1812.6807861328125,1903
3,2022,1,7,4,1808.1473388671875,1919
3,2022,1,7,5,1908.304443359375,2016
3,2022,1,7,6,2112.596923828125,2121
3,2022,1,7,7,2271.940673828125,2276
3,2022,1,7,8,2322.4326171875,2341
3,2022,1,7,9,2227.789794921875,2351
3,2022,1,7,10,2062.31005859375,2212
3,2022,1,7,11,1841.22265625,1948
3,2022,1,7,12,1792.8338623046875,1903
3,2022,1,7,13,1835.1529541015625,1945
3,2022,1,7,14,2016.1165771484375,2034
3,2022,1,7,15,2019.88232421875,2187
3,2022,1,7,16,2237.90576171875,2437
3,2022,1,7,17,2468.461669921875,2611
3,2022,1,7,18,2705.09375,2698
3,2022,1,7,19,2723.492919921875,2662
3,2022,1,7,20,2651.7294921875,2582
3,2022,1,7,21,2482.553955078125,2492
3,2022,1,7,22,2335.202880859375,2351
3,2022,1,7,23,2148.186279296875,2190
3,2022,1,7,24,1981.713134765625,2034
3,2022,1,8,1,1884.573974609375,1955
3,2022,1,8,2,1816.34521484375,1871
3,2022,1,8,3,1761.638916015625,1811
3,2022,1,8,4,1738.8304443359375,1783
3,2022,1,8,5,1750.04345703125,1803
3,2022,1,8,6,1817.6663818359375,1869
3,2022,1,8,7,1893.01611328125,1951
3,2022,1,8,8,1930.2086181640625,2000
3,2022,1,8,9,1950.8558349609375,2018
3,2022,1,8,10,2042.13525390625,1954
3,2022,1,8,11,2022.8626708984375,1827
3,2022,1,8,12,1725.912353515625,1638
3,2022,1,8,13,1628.6099853515625,1554
3,2022,1,8,14,1795.994140625,1657
3,2022,1,8,15,1961.04248046875,1817
3,2022,1,8,16,2106.506103515625,2070
3,2022,1,8,17,2366.486083984375,2296
3,2022,1,8,18,2543.165283203125,2493
3,2022,1,8,19,2514.644287109375,2493
3,2022,1,8,20,2487.191650390625,2435
3,2022,1,8,21,2416.154296875,2355
3,2022,1,8,22,2309.578857421875,2252
3,2022,1,8,23,2138.369873046875,2114
3,2022,1,8,24,1994.139892578125,1998
3,2022,1,9,1,1931.53271484375,1921
3,2022,1,9,2,1867.0809326171875,1869
3,2022,1,9,3,1824.0306396484375,1883
3,2022,1,9,4,1804.5712890625,1850
3,2022,1,9,5,1831.9276123046875,1808
3,2022,1,9,6,1907.23388671875,1861
3,2022,1,9,7,1968.60107421875,1923
3,2022,1,9,8,1982.14794921875,1878
3,2022,1,9,9,1947.4854736328125,1746
3,2022,1,9,10,1745.5364990234375,1626
3,2022,1,9,11,1621.7459716796875,1527
3,2022,1,9,12,1506.37744140625,1492
3,2022,1,9,13,1516.4600830078125,1558
3,2022,1,9,14,1618.1802978515625,1660
3,2022,1,9,15,1817.758056640625,1816
3,2022,1,9,16,2032.9871826171875,2027
3,2022,1,9,17,2249.233154296875,2292
3,2022,1,9,18,2504.915771484375,2491
3,2022,1,9,19,2481.4296875,2521
3,2022,1,9,20,2435.022216796875,2428
3,2022,1,9,21,2329.58642578125,2342
3,2022,1,9,22,2204.569091796875,2226
3,2022,1,9,23,2022.4737548828125,2078
3,2022,1,9,24,1911.9132080078125,1979
3,2022,1,10,1,1874.037109375,1945
3,2022,1,10,2,1824.2108154296875,1894
3,2022,1,10,3,1806.0787353515625,1875
3,2022,1,10,4,1795.79541015625,1887
3,2022,1,10,5,1860.846435546875,1910
3,2022,1,10,6,2010.0484619140625,2077
3,2022,1,10,7,2174.668212890625,2273
3,2022,1,10,8,2247.43896484375,2295
3,2022,1,10,9,2177.045166015625,2237
3,2022,1,10,10,2231.506591796875,2232
3,2022,1,10,11,2233.446044921875,2099
3,2022,1,10,12,2298.97119140625,2007
3,2022,1,10,13,2307.321044921875,2020
3,2022,1,10,14,2248.319580078125,2067
3,2022,1,10,15,2265.795166015625,2293
3,2022,1,10,16,2315.782958984375,2488
3,2022,1,10,17,2469.59375,2656
3,2022,1,10,18,2646.456787109375,2707
3,2022,1,10,19,2599.904296875,2677
3,2022,1,10,20,2528.645263671875,2584
3,2022,1,10,21,2418.15478515625,2459
3,2022,1,10,22,2270.152099609375,2314
3,2022,1,10,23,2068.397705078125,2146
3,2022,1,10,24,1952.26416015625,2055
3,2022,1,11,1,1876.6263427734375,2101
3,2022,1,11,2,1812.38720703125,1953
3,2022,1,11,3,1766.612060546875,1897
3,2022,1,11,4,1795.0567626953125,1881
3,2022,1,11,5,1869.5352783203125,1945
3,2022,1,11,6,2013.16650390625,2064
3,2022,1,11,7,2171.904296875,2277
3,2022,1,11,8,2241.216064453125,2334
3,2022,1,11,9,2116.2685546875,2108
3,2022,1,11,10,2024.0887451171875,1771
3,2022,1,11,11,1925.0579833984375,1557
3,2022,1,11,12,1897.56689453125,1490
3,2022,1,11,13,1839.3267822265625,1568
3,2022,1,11,14,1899.5245361328125,1676
3,2022,1,11,15,2083.450927734375,1885
3,2022,1,11,16,2257.831787109375,2190
3,2022,1,11,17,2527.50537109375,2473
3,2022,1,11,18,2646.77392578125,2643
3,2022,1,11,19,2618.6025390625,2628
3,2022,1,11,20,2512.741943359375,2530
3,2022,1,11,21,2379.28564453125,2423
3,2022,1,11,22,2268.29296875,2276
3,2022,1,11,23,2074.498779296875,2101
3,2022,1,11,24,1948.64111328125,1991
3,2022,1,12,1,1873.0025634765625,2019
3,2022,1,12,2,1828.004638671875,1968
3,2022,1,12,3,1798.470947265625,1932
3,2022,1,12,4,1797.7879638671875,1919
3,2022,1,12,5,1873.5220947265625,1949
3,2022,1,12,6,2036.550048828125,2058
3,2022,1,12,7,2246.4462890625,2280
3,2022,1,12,8,2290.484130859375,2328
3,2022,1,12,9,2215.56298828125,2206
3,2022,1,12,10,2341.84765625,2024
3,2022,1,12,11,2286.454345703125,2004
3,2022,1,12,12,2309.009521484375,1996
3,2022,1,12,13,2149.5234375,2009
3,2022,1,12,14,2032.147705078125,1939
3,2022,1,12,15,2147.125732421875,2054
3,2022,1,12,16,2287.9365234375,2352
3,2022,1,12,17,2539.769775390625,2627
3,2022,1,12,18,2661.39208984375,2754
3,2022,1,12,19,2633.23974609375,2642
3,2022,1,12,20,2531.923583984375,2570
3,2022,1,12,21,2415.907958984375,2471
3,2022,1,12,22,2260.310302734375,2348
3,2022,1,12,23,2066.06884765625,2180
3,2022,1,12,24,1952.26416015625,2086
3,2022,1,13,1,1878.0823974609375,2038
3,2022,1,13,2,1815.016357421875,1959
3,2022,1,13,3,1774.3062744140625,1880
3,2022,1,13,4,1795.6929931640625,1873
3,2022,1,13,5,1872.0037841796875,1901
3,2022,1,13,6,2071.72509765625,2031
3,2022,1,13,7,2245.526123046875,2219
3,2022,1,13,8,2295.3505859375,2276
3,2022,1,13,9,2315.902099609375,2301
3,2022,1,13,10,2335.94482421875,2274
3,2022,1,13,11,2330.47412109375,2135
3,2022,1,13,12,2335.316162109375,2208
3,2022,1,13,13,2345.01513671875,2382
3,2022,1,13,14,2204.1015625,2239
3,2022,1,13,15,2236.662841796875,2344
3,2022,1,13,16,2447.0341796875,2587
3,2022,1,13,17,2537.0673828125,2738
3,2022,1,13,18,2680.57861328125,2708
3,2022,1,13,19,2628.032470703125,2628
3,2022,1,13,20,2518.310302734375,2537
3,2022,1,13,21,2382.57666015625,2423
3,2022,1,13,22,2258.451171875,2273
3,2022,1,13,23,2066.609375,2107
3,2022,1,13,24,1952.26416015625,2032
3,2022,1,14,1,1876.8763427734375,1986
3,2022,1,14,2,1813.05810546875,1903
3,2022,1,14,3,1773.2877197265625,1787
3,2022,1,14,4,1796.16796875,1773
3,2022,1,14,5,1870.2049560546875,1828
3,2022,1,14,6,2025.2171630859375,1975
3,2022,1,14,7,2170.572509765625,2153
3,2022,1,14,8,2236.768310546875,2224
3,2022,1,14,9,2172.703369140625,2140
3,2022,1,14,10,1991.82470703125,1879
3,2022,1,14,11,1991.69970703125,1770
3,2022,1,14,12,2148.795654296875,1761
3,2022,1,14,13,2109.107666015625,1746
3,2022,1,14,14,2170.5849609375,1852
3,2022,1,14,15,2180.201416015625,1971
3,2022,1,14,16,2247.43505859375,2185
3,2022,1,14,17,2469.59375,2451
3,2022,1,14,18,2652.28955078125,2589
3,2022,1,14,19,2651.8271484375,2551
3,2022,1,14,20,2525.9853515625,2462
3,2022,1,14,21,2417.258056640625,2359
3,2022,1,14,22,2264.955322265625,2240
3,2022,1,14,23,2066.94677734375,2089
3,2022,1,14,24,1952.26416015625,1960
3,2022,1,15,1,1872.963623046875,1899
3,2022,1,15,2,1806.810302734375,1834
3,2022,1,15,3,1753.8009033203125,1817
3,2022,1,15,4,1746.02294921875,1809
3,2022,1,15,5,1743.1451416015625,1763
3,2022,1,15,6,1779.5367431640625,1815
3,2022,1,15,7,1896.3641357421875,1910
3,2022,1,15,8,1901.4053955078125,1995
3,2022,1,15,9,1981.3333740234375,2076
3,2022,1,15,10,2081.08154296875,2146
3,2022,1,15,11,2160.4248046875,2197
3,2022,1,15,12,2080.407470703125,2159
3,2022,1,15,13,2069.237060546875,2109
3,2022,1,15,14,2159.080322265625,2127
3,2022,1,15,15,2231.194580078125,2168
3,2022,1,15,16,2431.59033203125,2306
3,2022,1,15,17,2387.33642578125,2378
3,2022,1,15,18,2549.678955078125,2478
3,2022,1,15,19,2513.971923828125,2480
3,2022,1,15,20,2391.684814453125,2401
3,2022,1,15,21,2285.268310546875,2305
3,2022,1,15,22,2185.4052734375,2190
3,2022,1,15,23,2018.136474609375,2048
3,2022,1,15,24,1907.0606689453125,1922
3,2022,1,16,1,1871.05615234375,1850
3,2022,1,16,2,1812.216796875,1779
3,2022,1,16,3,1766.33642578125,1741
3,2022,1,16,4,1745.02880859375,1715
3,2022,1,16,5,1748.5262451171875,1714
3,2022,1,16,6,1789.25390625,1754
3,2022,1,16,7,1892.4737548828125,1810
3,2022,1,16,8,1903.9337158203125,1825
3,2022,1,16,9,1892.908447265625,1818
3,2022,1,16,10,1785.76025390625,1770
3,2022,1,16,11,1820.5255126953125,1619
3,2022,1,16,12,1890.2135009765625,1622
3,2022,1,16,13,1772.177001953125,1754
3,2022,1,16,14,1816.256591796875,1903
3,2022,1,16,15,1922.2806396484375,2002
3,2022,1,16,16,2069.426513671875,2194
3,2022,1,16,17,2342.798828125,2330
3,2022,1,16,18,2510.101806640625,2450
3,2022,1,16,19,2519.702880859375,2446
3,2022,1,16,20,2410.808349609375,2373
3,2022,1,16,21,2301.36328125,2280
3,2022,1,16,22,2185.4052734375,2165
3,2022,1,16,23,2016.23876953125,2013
3,2022,1,16,24,1911.3109130859375,1891
3,2022,1,17,1,1877.3238525390625,1838
3,2022,1,17,2,1812.072021484375,1776
3,2022,1,17,3,1771.8597412109375,1739
3,2022,1,17,4,1795.7965087890625,1735
3,2022,1,17,5,1815.666015625,1779
3,2022,1,17,6,1911.5849609375,1892
3,2022,1,17,7,2037.9097900390625,2020
3,2022,1,17,8,2082.066162109375,2077
3,2022,1,17,9,1984.2713623046875,2099
3,2022,1,17,10,1845.9200439453125,2024
3,2022,1,17,11,1916.66259765625,1978
3,2022,1,17,12,1933.569580078125,2080
3,2022,1,17,13,1886.323974609375,2112
3,2022,1,17,14,1829.947998046875,2065
3,2022,1,17,15,2033.59130859375,2116
3,2022,1,17,16,2199.6513671875,2283
3,2022,1,17,17,2404.231201171875,2504
3,2022,1,17,18,2558.866455078125,2634
3,2022,1,17,19,2581.087158203125,2583
3,2022,1,17,20,2489.880615234375,2481
3,2022,1,17,21,2384.08740234375,2395
3,2022,1,17,22,2264.6318359375,2264
3,2022,1,17,23,2072.554443359375,2057
3,2022,1,17,24,1946.5986328125,1905
3,2022,1,18,1,1879.203125,1853
3,2022,1,18,2,1814.9288330078125,1801
3,2022,1,18,3,1773.281982421875,1834
3,2022,1,18,4,1794.08740234375,1894
3,2022,1,18,5,1869.5391845703125,1850
3,2022,1,18,6,2026.27685546875,2003
3,2022,1,18,7,2170.443115234375,2174
3,2022,1,18,8,2231.7041015625,2222
3,2022,1,18,9,2225.45703125,2221
3,2022,1,18,10,2221.334228515625,2193
3,2022,1,18,11,2185.28759765625,2089
3,2022,1,18,12,2147.73046875,1966
3,2022,1,18,13,2244.6142578125,1896
3,2022,1,18,14,2143.506591796875,1886
3,2022,1,18,15,2148.596435546875,1983
3,2022,1,18,16,2296.4580078125,2142
3,2022,1,18,17,2456.583740234375,2413
3,2022,1,18,18,2660.734619140625,2633
3,2022,1,18,19,2693.526123046875,2621
3,2022,1,18,20,2554.20556640625,2527
3,2022,1,18,21,2427.700927734375,2419
3,2022,1,18,22,2287.238525390625,2298
3,2022,1,18,23,2086.14990234375,2071
3,2022,1,18,24,1948.64111328125,1931
3,2022,1,19,1,1868.837158203125,1873
3,2022,1,19,2,1828.004638671875,1816
3,2022,1,19,3,1799.373779296875,1791
3,2022,1,19,4,1796.468994140625,1789
3,2022,1,19,5,1869.9580078125,1816
3,2022,1,19,6,2033.79296875,1948
3,2022,1,19,7,2171.3798828125,2144
3,2022,1,19,8,2234.631591796875,2270
3,2022,1,19,9,2244.735107421875,2279
3,2022,1,19,10,2155.341552734375,2241
3,2022,1,19,11,2083.529541015625,2160
3,2022,1,19,12,1895.4296875,1980
3,2022,1,19,13,1862.822265625,1755
3,2022,1,19,14,1862.1634521484375,1750
3,2022,1,19,15,2006.34423828125,1848
3,2022,1,19,16,2185.398681640625,2085
3,2022,1,19,17,2377.298583984375,2342
3,2022,1,19,18,2602.83203125,2585
3,2022,1,19,19,2646.544921875,2593
3,2022,1,19,20,2583.90185546875,2512
3,2022,1,19,21,2462.756591796875,2408
3,2022,1,19,22,2334.817626953125,2274
3,2022,1,19,23,2149.508056640625,2097
3,2022,1,19,24,1985.245361328125,1971
3,2022,1,20,1,1903.022705078125,1904
3,2022,1,20,2,1839.457275390625,1844
3,2022,1,20,3,1825.0364990234375,1858
3,2022,1,20,4,1829.852294921875,1865
3,2022,1,20,5,1920.4615478515625,1921
3,2022,1,20,6,2093.3154296875,2031
3,2022,1,20,7,2297.70263671875,2238
3,2022,1,20,8,2319.3359375,2302
3,2022,1,20,9,2182.60107421875,2251
3,2022,1,20,10,2017.9652099609375,2061
3,2022,1,20,11,1842.238525390625,1817
3,2022,1,20,12,1791.0469970703125,1752
3,2022,1,20,13,1771.5079345703125,1719
3,2022,1,20,14,1856.2891845703125,1769
3,2022,1,20,15,2018.9853515625,1902
3,2022,1,20,16,2130.49072265625,2084
3,2022,1,20,17,2395.359130859375,2354
3,2022,1,20,18,2603.105712890625,2561
3,2022,1,20,19,2590.141357421875,2576
3,2022,1,20,20,2551.4072265625,2497
3,2022,1,20,21,2426.2265625,2398
3,2022,1,20,22,2290.716796875,2266
3,2022,1,20,23,2118.95263671875,2092
3,2022,1,20,24,1991.5482177734375,1966
3,2022,1,21,1,1916.9720458984375,1918
3,2022,1,21,2,1867.3621826171875,1876
3,2022,1,21,3,1837.1201171875,1915
3,2022,1,21,4,1837.5267333984375,1893
3,2022,1,21,5,1922.9976806640625,1885
3,2022,1,21,6,2116.19482421875,2037
3,2022,1,21,7,2312.240966796875,2247
3,2022,1,21,8,2345.40380859375,2293
3,2022,1,21,9,2191.48193359375,2125
3,2022,1,21,10,2017.9652099609375,1899
3,2022,1,21,11,1819.181640625,1731
3,2022,1,21,12,1750.2078857421875,1745
3,2022,1,21,13,1746.1031494140625,1793
3,2022,1,21,14,1833.93408203125,1830
3,2022,1,21,15,1989.4775390625,1902
3,2022,1,21,16,2128.7119140625,2068
3,2022,1,21,17,2383.25390625,2314
3,2022,1,21,18,2620.626953125,2540
3,2022,1,21,19,2616.35595703125,2550
3,2022,1,21,20,2561.7314453125,2468
3,2022,1,21,21,2475.961669921875,2381
3,2022,1,21,22,2337.977783203125,2264
3,2022,1,21,23,2175.499755859375,2114
3,2022,1,21,24,2008.12255859375,1993
3,2022,1,22,1,1919.4530029296875,1939
3,2022,1,22,2,1856.3193359375,1885
3,2022,1,22,3,1792.089599609375,1858
3,2022,1,22,4,1745.5618896484375,1855
3,2022,1,22,5,1765.736328125,1918
3,2022,1,22,6,1881.5570068359375,1897
3,2022,1,22,7,2012.9537353515625,1936
3,2022,1,22,8,2020.0318603515625,1931
3,2022,1,22,9,1894.458984375,1873
3,2022,1,22,10,1708.4676513671875,1658
3,2022,1,22,11,1613.585693359375,1593
3,2022,1,22,12,1528.5072021484375,1499
3,2022,1,22,13,1510.099609375,1501
3,2022,1,22,14,1584.1484375,1526
3,2022,1,22,15,1796.5811767578125,1662
3,2022,1,22,16,2028.35693359375,1851
3,2022,1,22,17,2190.59765625,2159
3,2022,1,22,18,2447.013427734375,2390
3,2022,1,22,19,2430.571533203125,2426
3,2022,1,22,20,2444.8349609375,2369
3,2022,1,22,21,2362.75732421875,2298
3,2022,1,22,22,2292.73046875,2205
3,2022,1,22,23,2145.632568359375,2076
3,2022,1,22,24,2006.1337890625,1959
3,2022,1,23,1,1946.8148193359375,1893
3,2022,1,23,2,1899.0189208984375,1828
3,2022,1,23,3,1827.069091796875,1782
3,2022,1,23,4,1806.47705078125,1762
3,2022,1,23,5,1831.9276123046875,1776
3,2022,1,23,6,1903.3839111328125,1823
3,2022,1,23,7,1999.470947265625,1894
3,2022,1,23,8,2018.1776123046875,1887
3,2022,1,23,9,1900.98291015625,1823
3,2022,1,23,10,1707.1942138671875,1645
3,2022,1,23,11,1615.2784423828125,1486
3,2022,1,23,12,1540.6741943359375,1397
3,2022,1,23,13,1512.689697265625,1348
3,2022,1,23,14,1590.7843017578125,1461
3,2022,1,23,15,1767.70166015625,1704
3,2022,1,23,16,1944.16845703125,1961
3,2022,1,23,17,2154.446044921875,2171
3,2022,1,23,18,2454.653564453125,2415
3,2022,1,23,19,2449.6494140625,2455
3,2022,1,23,20,2406.5830078125,2405
3,2022,1,23,21,2322.084228515625,2327
3,2022,1,23,22,2201.223388671875,2214
3,2022,1,23,23,2073.01416015625,2067
3,2022,1,23,24,1957.4918212890625,1955
3,2022,1,24,1,1917.1744384765625,1982
3,2022,1,24,2,1864.826904296875,1967
3,2022,1,24,3,1834.775146484375,1909
3,2022,1,24,4,1837.9346923828125,1880
3,2022,1,24,5,1925.477783203125,1916
3,2022,1,24,6,2107.033203125,2087
3,2022,1,24,7,2350.484619140625,2325
3,2022,1,24,8,2369.1806640625,2411
3,2022,1,24,9,2195.2998046875,2277
3,2022,1,24,10,2014.4249267578125,1984
3,2022,1,24,11,1846.3326416015625,1723
3,2022,1,24,12,1787.711669921875,1665
3,2022,1,24,13,1771.5079345703125,1696
3,2022,1,24,14,1851.1781005859375,1784
3,2022,1,24,15,1965.06591796875,1997
3,2022,1,24,16,2163.533203125,2210
3,2022,1,24,17,2381.06494140625,2490
3,2022,1,24,18,2627.443115234375,2606
3,2022,1,24,19,2619.935791015625,2628
3,2022,1,24,20,2563.2861328125,2542
3,2022,1,24,21,2462.22509765625,2429
3,2022,1,24,22,2329.658447265625,2288
3,2022,1,24,23,2159.007080078125,2115
3,2022,1,24,24,1994.5211181640625,1990
3,2022,1,25,1,1923.8404541015625,1947
3,2022,1,25,2,1868.7396240234375,1873
3,2022,1,25,3,1846.0819091796875,1835
3,2022,1,25,4,1837.9346923828125,1839
3,2022,1,25,5,1924.3282470703125,1923
3,2022,1,25,6,2109.36083984375,2112
3,2022,1,25,7,2332.365234375,2344
3,2022,1,25,8,2369.1806640625,2388
3,2022,1,25,9,2201.312744140625,2264
3,2022,1,25,10,2030.1376953125,2060
3,2022,1,25,11,1943.5400390625,1863
3,2022,1,25,12,1837.4886474609375,1793
3,2022,1,25,13,1787.157958984375,1708
3,2022,1,25,14,1833.93408203125,1759
3,2022,1,25,15,1957.696533203125,1883
3,2022,1,25,16,2170.959716796875,2128
3,2022,1,25,17,2377.02294921875,2445
3,2022,1,25,18,2616.611083984375,2636
3,2022,1,25,19,2667.472412109375,2664
3,2022,1,25,20,2578.635986328125,2571
3,2022,1,25,21,2485.56884765625,2451
3,2022,1,25,22,2371.14794921875,2322
3,2022,1,25,23,2198.684326171875,2170
3,2022,1,25,24,2034.7093505859375,2046
3,2022,1,26,1,1972.8529052734375,1988
3,2022,1,26,2,1921.9693603515625,1952
3,2022,1,26,3,1854.2030029296875,1982
3,2022,1,26,4,1838.618896484375,1952
3,2022,1,26,5,1926.1256103515625,1985
3,2022,1,26,6,2121.384033203125,2147
3,2022,1,26,7,2297.70263671875,2358
3,2022,1,26,8,2332.601318359375,2385
3,2022,1,26,9,2191.6884765625,2187
3,2022,1,26,10,2017.9652099609375,1920
3,2022,1,26,11,1835.03271484375,1769
3,2022,1,26,12,1754.6015625,1773
3,2022,1,26,13,1756.75390625,1817
3,2022,1,26,14,1827.8533935546875,1868
3,2022,1,26,15,1955.646240234375,1967
3,2022,1,26,16,2171.784912109375,2198
3,2022,1,26,17,2387.21533203125,2440
3,2022,1,26,18,2606.510498046875,2612
3,2022,1,26,19,2605.035888671875,2632
3,2022,1,26,20,2555.261962890625,2550
3,2022,1,26,21,2457.142822265625,2448
3,2022,1,26,22,2330.19287109375,2304
3,2022,1,26,23,2181.623779296875,2125
3,2022,1,26,24,2024.2047119140625,1997
3,2022,1,27,1,1953.5546875,1951
3,2022,1,27,2,1910.197509765625,1893
3,2022,1,27,3,1857.746337890625,1863
3,2022,1,27,4,1852.3043212890625,1871
3,2022,1,27,5,1951.433349609375,1951
3,2022,1,27,6,2138.70703125,2109
3,2022,1,27,7,2308.77685546875,2338
3,2022,1,27,8,2367.810791015625,2384
3,2022,1,27,9,2189.023681640625,2184
3,2022,1,27,10,2005.0323486328125,1862
3,2022,1,27,11,1829.3544921875,1672
3,2022,1,27,12,1745.825927734375,1605
3,2022,1,27,13,1751.7427978515625,1642
3,2022,1,27,14,1796.02978515625,1829
3,2022,1,27,15,1931.9425048828125,1961
3,2022,1,27,16,2144.244384765625,2170
3,2022,1,27,17,2388.901611328125,2341
3,2022,1,27,18,2592.33056640625,2581
3,2022,1,27,19,2628.209228515625,2621
3,2022,1,27,20,2539.787353515625,2555
3,2022,1,27,21,2425.515380859375,2460
3,2022,1,27,22,2287.676025390625,2328
3,2022,1,27,23,2113.08056640625,2171
3,2022,1,27,24,1979.2926025390625,2102
3,2022,1,28,1,1891.189453125,2043
3,2022,1,28,2,1829.5321044921875,1921
3,2022,1,28,3,1807.8692626953125,1872
3,2022,1,28,4,1795.0194091796875,1877
3,2022,1,28,5,1867.8507080078125,1952
3,2022,1,28,6,2018.7392578125,2134
3,2022,1,28,7,2177.75439453125,2328
3,2022,1,28,8,2282.582763671875,2381
3,2022,1,28,9,2174.9091796875,2270
3,2022,1,28,10,2046.8502197265625,2114
3,2022,1,28,11,1984.0728759765625,2012
3,2022,1,28,12,1952.2584228515625,1977
3,2022,1,28,13,1931.9117431640625,1835
3,2022,1,28,14,2136.313232421875,1927
3,2022,1,28,15,2148.073486328125,2022
3,2022,1,28,16,2150.0546875,2252
3,2022,1,28,17,2397.024169921875,2448
3,2022,1,28,18,2629.93359375,2595
3,2022,1,28,19,2624.491943359375,2567
3,2022,1,28,20,2532.309814453125,2469
3,2022,1,28,21,2424.0517578125,2389
3,2022,1,28,22,2283.5048828125,2285
3,2022,1,28,23,2113.803466796875,2143
3,2022,1,28,24,1974.0850830078125,2020
3,2022,1,29,1,1883.1165771484375,1959
3,2022,1,29,2,1820.1282958984375,1896
3,2022,1,29,3,1772.3685302734375,1878
3,2022,1,29,4,1746.671875,1911
3,2022,1,29,5,1750.3668212890625,1855
3,2022,1,29,6,1815.36669921875,1925
3,2022,1,29,7,1907.7989501953125,2009
3,2022,1,29,8,1964.2269287109375,2083
3,2022,1,29,9,1941.74853515625,2156
3,2022,1,29,10,2016.586669921875,2097
3,2022,1,29,11,2114.747802734375,2065
3,2022,1,29,12,1906.031005859375,2028
3,2022,1,29,13,1753.624755859375,1955
3,2022,1,29,14,1758.6376953125,2016
3,2022,1,29,15,1880.1474609375,2127
3,2022,1,29,16,2088.1650390625,2096
3,2022,1,29,17,2336.770263671875,2274
3,2022,1,29,18,2488.47021484375,2399
3,2022,1,29,19,2481.908447265625,2471
3,2022,1,29,20,2439.37939453125,2422
3,2022,1,29,21,2361.126220703125,2349
3,2022,1,29,22,2271.15478515625,2262
3,2022,1,29,23,2132.24755859375,2133
3,2022,1,29,24,1993.10888671875,2014
3,2022,1,30,1,1935.127685546875,1953
3,2022,1,30,2,1865.719970703125,1891
3,2022,1,30,3,1825.795166015625,1838
3,2022,1,30,4,1819.8658447265625,1827
3,2022,1,30,5,1846.4385986328125,1856
3,2022,1,30,6,1908.0787353515625,1904
3,2022,1,30,7,2023.0311279296875,1975
3,2022,1,30,8,2072.9677734375,1948
3,2022,1,30,9,1913.0728759765625,1817
3,2022,1,30,10,1706.3531494140625,1602
3,2022,1,30,11,1535.2330322265625,1425
3,2022,1,30,12,1491.82080078125,1336
3,2022,1,30,13,1495.944091796875,1380
3,2022,1,30,14,1534.1112060546875,1504
3,2022,1,30,15,1666.5067138671875,1640
3,2022,1,30,16,1912.4324951171875,1858
3,2022,1,30,17,2158.990966796875,2156
3,2022,1,30,18,2396.5869140625,2418
3,2022,1,30,19,2472.0341796875,2477
3,2022,1,30,20,2441.489990234375,2433
3,2022,1,30,21,2356.5224609375,2347
3,2022,1,30,22,2264.348876953125,2224
3,2022,1,30,23,2112.675048828125,2069
3,2022,1,30,24,1964.955322265625,1985
3,2022,1,31,1,1927.0992431640625,2050
3,2022,1,31,2,1875.955078125,2008
3,2022,1,31,3,1845.47509765625,1978
3,2022,1,31,4,1837.9346923828125,1937
3,2022,1,31,5,1926.718505859375,1981
3,2022,1,31,6,2115.492919921875,2139
3,2022,1,31,7,2311.227294921875,2350
3,2022,1,31,8,2417.015869140625,2382
3,2022,1,31,9,2209.43603515625,2314
3,2022,1,31,10,2048.723388671875,2211
3,2022,1,31,11,1965.35888671875,2141
3,2022,1,31,12,1910.394287109375,1970
3,2022,1,31,13,1873.3018798828125,1965
3,2022,1,31,14,2095.09130859375,2152
3,2022,1,31,15,2185.7607421875,2178
3,2022,1,31,16,2297.952880859375,2300
3,2022,1,31,17,2457.932861328125,2453
3,2022,1,31,18,2659.33154296875,2725
3,2022,1,31,19,2688.5966796875,2724
3,2022,1,31,20,2587.194580078125,2638
3,2022,1,31,21,2462.756591796875,2528
3,2022,1,31,22,2332.1572265625,2409
3,2022,1,31,23,2143.318359375,2232
3,2022,1,31,24,1990.3133544921875,2046
3,2022,2,1,1,1877.0084228515625,1972
3,2022,2,1,2,1803.632568359375,1926
3,2022,2,1,3,1770.09912109375,1975
3,2022,2,1,4,1781.1513671875,1953
3,2022,2,1,5,1845.5001220703125,2018
3,2022,2,1,6,2009.09765625,2129
3,2022,2,1,7,2178.8466796875,2248
3,2022,2,1,8,2291.280517578125,2301
3,2022,2,1,9,2267.114501953125,2273
3,2022,2,1,10,2170.51416015625,2052
3,2022,2,1,11,2076.626220703125,1989
3,2022,2,1,12,2071.0283203125,2039
3,2022,2,1,13,1982.27685546875,2154
3,2022,2,1,14,1870.852783203125,2176
3,2022,2,1,15,2057.30126953125,2235
3,2022,2,1,16,2141.0263671875,2295
3,2022,2,1,17,2370.0771484375,2459
3,2022,2,1,18,2586.040771484375,2610
3,2022,2,1,19,2648.18017578125,2659
3,2022,2,1,20,2543.7568359375,2583
3,2022,2,1,21,2421.006103515625,2483
3,2022,2,1,22,2287.51025390625,2342
3,2022,2,1,23,2120.714599609375,2199
3,2022,2,1,24,1982.62841796875,2070
3,2022,2,2,1,1901.809326171875,1988
3,2022,2,2,2,1848.527099609375,1999
3,2022,2,2,3,1825.4580078125,1982
3,2022,2,2,4,1822.6458740234375,1966
3,2022,2,2,5,1903.12255859375,2005
3,2022,2,2,6,2082.54052734375,2126
3,2022,2,2,7,2290.8828125,2339
3,2022,2,2,8,2398.619873046875,2384
3,2022,2,2,9,2198.9375,2280
3,2022,2,2,10,1990.3946533203125,2090
3,2022,2,2,11,1816.98388671875,1831
3,2022,2,2,12,1684.1585693359375,1669
3,2022,2,2,13,1666.756591796875,1624
3,2022,2,2,14,1774.86474609375,1655
3,2022,2,2,15,1853.39453125,1793
3,2022,2,2,16,2043.3773193359375,1981
3,2022,2,2,17,2319.994384765625,2298
3,2022,2,2,18,2544.259521484375,2565
3,2022,2,2,19,2644.84912109375,2647
3,2022,2,2,20,2554.5458984375,2580
3,2022,2,2,21,2431.26708984375,2484
3,2022,2,2,22,2327.75048828125,2357
3,2022,2,2,23,2154.58447265625,2194
3,2022,2,2,24,2011.7694091796875,2068
3,2022,2,3,1,1906.2974853515625,2044
3,2022,2,3,2,1833.7249755859375,1938
3,2022,2,3,3,1814.969482421875,1921
3,2022,2,3,4,1837.2559814453125,1939
3,2022,2,3,5,1940.7298583984375,2018
3,2022,2,3,6,2212.254638671875,2207
3,2022,2,3,7,2440.120849609375,2429
3,2022,2,3,8,2447.93115234375,2471
3,2022,2,3,9,2251.72705078125,2326
3,2022,2,3,10,1971.071533203125,2010
3,2022,2,3,11,1800.0657958984375,1811
3,2022,2,3,12,1681.455078125,1788
3,2022,2,3,13,1673.321044921875,1728
3,2022,2,3,14,1760.8887939453125,1672
3,2022,2,3,15,1850.2796630859375,1796
3,2022,2,3,16,2060.365234375,2004
3,2022,2,3,17,2319.994384765625,2299
3,2022,2,3,18,2550.981689453125,2554
3,2022,2,3,19,2638.339599609375,2643
3,2022,2,3,20,2562.641845703125,2589
3,2022,2,3,21,2456.3134765625,2506
3,2022,2,3,22,2299.734619140625,2370
3,2022,2,3,23,2136.790283203125,2186
3,2022,2,3,24,2006.518310546875,2046
3,2022,2,4,1,1953.3564453125,2028
3,2022,2,4,2,1895.22802734375,2054
3,2022,2,4,3,1807.93017578125,2055
3,2022,2,4,4,1820.79833984375,2083
3,2022,2,4,5,1902.473876953125,2064
3,2022,2,4,6,2148.716796875,2139
3,2022,2,4,7,2299.82666015625,2351
3,2022,2,4,8,2347.80419921875,2387
3,2022,2,4,9,2180.403564453125,2269
3,2022,2,4,10,1962.8818359375,1982
3,2022,2,4,11,1782.9417724609375,1776
3,2022,2,4,12,1681.292724609375,1688
3,2022,2,4,13,1658.42138671875,1643
3,2022,2,4,14,1759.285400390625,1599
3,2022,2,4,15,1832.4049072265625,1724
3,2022,2,4,16,2014.9105224609375,1987
3,2022,2,4,17,2300.73681640625,2278
3,2022,2,4,18,2547.56787109375,2484
3,2022,2,4,19,2611.90185546875,2534
3,2022,2,4,20,2529.26123046875,2478
3,2022,2,4,21,2417.241943359375,2408
3,2022,2,4,22,2284.846435546875,2307
3,2022,2,4,23,2130.138916015625,2160
3,2022,2,4,24,1984.4268798828125,2035
3,2022,2,5,1,1886.6717529296875,1980
3,2022,2,5,2,1806.697021484375,1915
3,2022,2,5,3,1759.155029296875,1873
3,2022,2,5,4,1735.671875,1865
3,2022,2,5,5,1761.1920166015625,1900
3,2022,2,5,6,1883.9239501953125,1971
3,2022,2,5,7,1957.9697265625,2073
3,2022,2,5,8,1977.650390625,2095
3,2022,2,5,9,1847.1746826171875,2024
3,2022,2,5,10,1644.18701171875,1867
3,2022,2,5,11,1501.955810546875,1613
3,2022,2,5,12,1431.1661376953125,1427
3,2022,2,5,13,1403.9630126953125,1352
3,2022,2,5,14,1509.8675537109375,1341
3,2022,2,5,15,1628.3558349609375,1497
3,2022,2,5,16,1834.681884765625,1756
3,2022,2,5,17,2116.565673828125,2057
3,2022,2,5,18,2355.156005859375,2329
3,2022,2,5,19,2439.507080078125,2415
3,2022,2,5,20,2410.473876953125,2377
3,2022,2,5,21,2295.685546875,2318
3,2022,2,5,22,2227.36669921875,2237
3,2022,2,5,23,2080.170654296875,2112
3,2022,2,5,24,1954.6446533203125,2006
3,2022,2,6,1,1924.6441650390625,1942
3,2022,2,6,2,1881.14697265625,1877
3,2022,2,6,3,1846.8592529296875,1848
3,2022,2,6,4,1835.961181640625,1858
3,2022,2,6,5,1859.8681640625,1858
3,2022,2,6,6,1919.3233642578125,1915
3,2022,2,6,7,1983.3375244140625,1983
3,2022,2,6,8,2043.49609375,1974
3,2022,2,6,9,1890.3629150390625,1946
3,2022,2,6,10,1649.313232421875,1793
3,2022,2,6,11,1515.1343994140625,1497
3,2022,2,6,12,1460.7958984375,1388
3,2022,2,6,13,1417.287109375,1379
3,2022,2,6,14,1594.6595458984375,1363
3,2022,2,6,15,1712.8001708984375,1446
3,2022,2,6,16,1945.8486328125,1761
3,2022,2,6,17,2098.364013671875,2042
3,2022,2,6,18,2325.0615234375,2331
3,2022,2,6,19,2444.715576171875,2430
3,2022,2,6,20,2396.911376953125,2374
3,2022,2,6,21,2290.201904296875,2289
3,2022,2,6,22,2157.414306640625,2176
3,2022,2,6,23,2000.95068359375,2025
3,2022,2,6,24,1904.78662109375,1909
3,2022,2,7,1,1852.546875,1865
3,2022,2,7,2,1797.0504150390625,1811
3,2022,2,7,3,1759.7415771484375,1778
3,2022,2,7,4,1780.3753662109375,1800
3,2022,2,7,5,1845.5001220703125,1907
3,2022,2,7,6,2012.74560546875,2047
3,2022,2,7,7,2177.052001953125,2266
3,2022,2,7,8,2263.3369140625,2335
3,2022,2,7,9,2050.905029296875,2236
3,2022,2,7,10,1919.1024169921875,2042
3,2022,2,7,11,1892.62646484375,1805
3,2022,2,7,12,1897.7899169921875,1664
3,2022,2,7,13,1858.7161865234375,1691
3,2022,2,7,14,1993.735107421875,1808
3,2022,2,7,15,2088.80810546875,1962
3,2022,2,7,16,2209.268798828125,2091
3,2022,2,7,17,2331.04248046875,2329
3,2022,2,7,18,2515.553955078125,2532
3,2022,2,7,19,2604.56884765625,2602
3,2022,2,7,20,2518.548095703125,2519
3,2022,2,7,21,2382.9111328125,2411
3,2022,2,7,22,2230.740478515625,2272
3,2022,2,7,23,2061.356689453125,2096
3,2022,2,7,24,1945.0596923828125,1966
3,2022,2,8,1,1861.5853271484375,1928
3,2022,2,8,2,1797.676513671875,1851
3,2022,2,8,3,1761.449951171875,1812
3,2022,2,8,4,1779.7017822265625,1842
3,2022,2,8,5,1843.18603515625,1928
3,2022,2,8,6,2014.0054931640625,2042
3,2022,2,8,7,2212.740234375,2252
3,2022,2,8,8,2248.7431640625,2299
3,2022,2,8,9,2069.394287109375,2157
3,2022,2,8,10,1899.451416015625,1975
3,2022,2,8,11,1848.4276123046875,1776
3,2022,2,8,12,1917.641845703125,1734
3,2022,2,8,13,1877.78759765625,1798
3,2022,2,8,14,2067.538330078125,1822
3,2022,2,8,15,2247.01611328125,1908
3,2022,2,8,16,2228.0712890625,2080
3,2022,2,8,17,2546.801513671875,2318
3,2022,2,8,18,2616.58837890625,2528
3,2022,2,8,19,2603.535400390625,2586
3,2022,2,8,20,2510.0478515625,2505
3,2022,2,8,21,2382.29736328125,2387
3,2022,2,8,22,2230.27978515625,2246
3,2022,2,8,23,2066.8154296875,2070
3,2022,2,8,24,1942.1361083984375,1943
3,2022,2,9,1,1864.150634765625,1909
3,2022,2,9,2,1803.4576416015625,1825
3,2022,2,9,3,1772.55615234375,1805
3,2022,2,9,4,1788.4188232421875,1815
3,2022,2,9,5,1849.6982421875,1885
3,2022,2,9,6,2017.4261474609375,2041
3,2022,2,9,7,2210.88427734375,2214
3,2022,2,9,8,2245.6845703125,2235
3,2022,2,9,9,2049.732177734375,2132
3,2022,2,9,10,1882.716796875,1947
3,2022,2,9,11,1987.3770751953125,1854
3,2022,2,9,12,2069.890380859375,1843
3,2022,2,9,13,2133.272705078125,1881
3,2022,2,9,14,2337.19677734375,1966
3,2022,2,9,15,2762.291015625,2032
3,2022,2,9,16,2626.579345703125,2227
3,2022,2,9,17,2818.5302734375,2444
3,2022,2,9,18,2830.027587890625,2602
3,2022,2,9,19,2763.474609375,2623
3,2022,2,9,20,2665.59228515625,2532
3,2022,2,9,21,2521.36181640625,2410
3,2022,2,9,22,2301.773681640625,2262
3,2022,2,9,23,2070.014892578125,2105
3,2022,2,9,24,1943.5386962890625,2024
3,2022,2,10,1,1856.629150390625,1877
3,2022,2,10,2,1801.04833984375,1772
3,2022,2,10,3,1770.09912109375,1689
3,2022,2,10,4,1781.1513671875,1697
3,2022,2,10,5,1845.5001220703125,1833
3,2022,2,10,6,1988.072021484375,1976
3,2022,2,10,7,2167.02783203125,2149
3,2022,2,10,8,2212.964599609375,2189
3,2022,2,10,9,2050.32763671875,2108
3,2022,2,10,10,1917.634521484375,1912
3,2022,2,10,11,2056.313232421875,1837
3,2022,2,10,12,2083.921630859375,1882
3,2022,2,10,13,2134.115966796875,2034
3,2022,2,10,14,2285.211181640625,2005
3,2022,2,10,15,2755.349853515625,2141
3,2022,2,10,16,2653.9169921875,2385
3,2022,2,10,17,2895.614501953125,2547
3,2022,2,10,18,2849.749267578125,2686
3,2022,2,10,19,2693.4072265625,2686
3,2022,2,10,20,2654.3916015625,2574
3,2022,2,10,21,2476.61279296875,2442
3,2022,2,10,22,2262.89404296875,2283
3,2022,2,10,23,2060.57568359375,2097
3,2022,2,10,24,1945.0596923828125,1955
3,2022,2,11,1,1861.6907958984375,1893
3,2022,2,11,2,1797.3695068359375,1820
3,2022,2,11,3,1762.9564208984375,1772
3,2022,2,11,4,1780.3753662109375,1768
3,2022,2,11,5,1846.757568359375,1824
3,2022,2,11,6,2003.550537109375,1936
3,2022,2,11,7,2178.8466796875,2102
3,2022,2,11,8,2233.019287109375,2146
3,2022,2,11,9,2047.6048583984375,2094
3,2022,2,11,10,1894.1636962890625,1960
3,2022,2,11,11,1970.7449951171875,1766
3,2022,2,11,12,1964.3861083984375,1696
3,2022,2,11,13,2038.708740234375,1818
3,2022,2,11,14,2165.9560546875,2003
3,2022,2,11,15,2500.698974609375,2212
3,2022,2,11,16,2307.01220703125,2373
3,2022,2,11,17,2756.978759765625,2453
3,2022,2,11,18,2736.506591796875,2573
3,2022,2,11,19,2693.883544921875,2582
3,2022,2,11,20,2567.6025390625,2488
3,2022,2,11,21,2448.759521484375,2377
3,2022,2,11,22,2264.972900390625,2250
3,2022,2,11,23,2084.0546875,2091
3,2022,2,11,24,1947.093017578125,1960
3,2022,2,12,1,1857.902587890625,1900
3,2022,2,12,2,1789.9425048828125,1819
3,2022,2,12,3,1740.6357421875,1764
3,2022,2,12,4,1730.80810546875,1744
3,2022,2,12,5,1735.1314697265625,1755
3,2022,2,12,6,1778.563720703125,1803
3,2022,2,12,7,1856.0467529296875,1862
3,2022,2,12,8,1886.701416015625,1885
3,2022,2,12,9,1681.8177490234375,1893
3,2022,2,12,10,1611.7569580078125,1789
3,2022,2,12,11,1688.96630859375,1683
3,2022,2,12,12,1802.0465087890625,1669
3,2022,2,12,13,1881.010498046875,1692
3,2022,2,12,14,2185.935302734375,1685
3,2022,2,12,15,2935.669677734375,1874
3,2022,2,12,16,2792.596923828125,2133
3,2022,2,12,17,3372.647216796875,2364
3,2022,2,12,18,3233.9228515625,2529
3,2022,2,12,19,2975.25537109375,2556
3,2022,2,12,20,2774.5830078125,2461
3,2022,2,12,21,2639.988525390625,2354
3,2022,2,12,22,2312.63623046875,2227
3,2022,2,12,23,2070.380126953125,2078
3,2022,2,12,24,1907.5572509765625,1954
3,2022,2,13,1,1856.332763671875,1876
3,2022,2,13,2,1787.6904296875,1796
3,2022,2,13,3,1739.44384765625,1753
3,2022,2,13,4,1729.5069580078125,1760
3,2022,2,13,5,1731.2169189453125,1719
3,2022,2,13,6,1781.7149658203125,1744
3,2022,2,13,7,1870.8360595703125,1763
3,2022,2,13,8,1884.0087890625,1725
3,2022,2,13,9,1708.769287109375,1692
3,2022,2,13,10,1618.16162109375,1570
3,2022,2,13,11,1682.73828125,1581
3,2022,2,13,12,1904.6253662109375,1601
3,2022,2,13,13,2277.85888671875,1649
3,2022,2,13,14,2448.45361328125,1682
3,2022,2,13,15,2545.487060546875,1860
3,2022,2,13,16,2354.084716796875,2094
3,2022,2,13,17,2703.192626953125,2380
3,2022,2,13,18,2713.89404296875,2443
3,2022,2,13,19,2582.52734375,2463
3,2022,2,13,20,2571.197998046875,2399
3,2022,2,13,21,2380.06884765625,2314
3,2022,2,13,22,2192.685546875,2188
3,2022,2,13,23,2010.8558349609375,2026
3,2022,2,13,24,1905.705078125,1896
3,2022,2,14,1,1861.6907958984375,1840
3,2022,2,14,2,1797.8914794921875,1777
3,2022,2,14,3,1758.0400390625,1745
3,2022,2,14,4,1781.1513671875,1747
3,2022,2,14,5,1847.65283203125,1802
3,2022,2,14,6,2004.40478515625,1939
3,2022,2,14,7,2178.8466796875,2110
3,2022,2,14,8,2184.9755859375,2136
3,2022,2,14,9,2010.6871337890625,1976
3,2022,2,14,10,1887.0751953125,1849
3,2022,2,14,11,1895.155029296875,1830
3,2022,2,14,12,1954.58544921875,1828
3,2022,2,14,13,1918.588623046875,1814
3,2022,2,14,14,1933.5093994140625,1796
3,2022,2,14,15,1895.6884765625,1877
3,2022,2,14,16,2043.4705810546875,2176
3,2022,2,14,17,2210.99951171875,2354
3,2022,2,14,18,2472.85888671875,2568
3,2022,2,14,19,2524.03857421875,2638
3,2022,2,14,20,2499.856689453125,2529
3,2022,2,14,21,2378.20654296875,2411
3,2022,2,14,22,2230.332763671875,2252
3,2022,2,14,23,2061.9755859375,2021
3,2022,2,14,24,1945.0596923828125,1894
3,2022,2,15,1,1861.5853271484375,1893
3,2022,2,15,2,1796.714599609375,1926
3,2022,2,15,3,1758.4412841796875,1822
3,2022,2,15,4,1778.7969970703125,1727
3,2022,2,15,5,1840.3853759765625,1781
3,2022,2,15,6,1993.8345947265625,1910
3,2022,2,15,7,2165.650146484375,2087
3,2022,2,15,8,2266.853271484375,2236
3,2022,2,15,9,2258.511474609375,2332
3,2022,2,15,10,2331.034423828125,2453
3,2022,2,15,11,2333.353759765625,2550
3,2022,2,15,12,2361.858642578125,2476
3,2022,2,15,13,2256.70263671875,2228
3,2022,2,15,14,2216.884521484375,2133
3,2022,2,15,15,2313.1630859375,2170
3,2022,2,15,16,2254.42431640625,2211
3,2022,2,15,17,2425.599853515625,2423
3,2022,2,15,18,2659.54541015625,2605
3,2022,2,15,19,2705.330078125,2690
3,2022,2,15,20,2611.34765625,2611
3,2022,2,15,21,2489.601318359375,2505
3,2022,2,15,22,2349.70849609375,2359
3,2022,2,15,23,2177.7041015625,2181
3,2022,2,15,24,2011.7694091796875,2050
3,2022,2,16,1,1905.367431640625,2002
3,2022,2,16,2,1832.0760498046875,1924
3,2022,2,16,3,1797.631591796875,1893
3,2022,2,16,4,1820.79833984375,1908
3,2022,2,16,5,1901.9730224609375,1978
3,2022,2,16,6,2082.54052734375,2147
3,2022,2,16,7,2285.735107421875,2332
3,2022,2,16,8,2270.39501953125,2310
3,2022,2,16,9,2072.0302734375,2133
3,2022,2,16,10,1903.0615234375,1940
3,2022,2,16,11,1781.8399658203125,1785
3,2022,2,16,12,1674.5128173828125,1682
3,2022,2,16,13,1624.20361328125,1627
3,2022,2,16,14,1706.2626953125,1598
3,2022,2,16,15,1783.407958984375,1743
3,2022,2,16,16,1935.257080078125,1981
3,2022,2,16,17,2159.327880859375,2251
3,2022,2,16,18,2521.86328125,2518
3,2022,2,16,19,2576.838623046875,2628
3,2022,2,16,20,2513.9443359375,2564
3,2022,2,16,21,2426.295166015625,2462
3,2022,2,16,22,2292.848388671875,2327
3,2022,2,16,23,2116.53271484375,2142
3,2022,2,16,24,1982.147705078125,2005
3,2022,2,17,1,1899.9158935546875,1956
3,2022,2,17,2,1838.967529296875,1880
3,2022,2,17,3,1825.3175048828125,1843
3,2022,2,17,4,1837.5721435546875,1849
3,2022,2,17,5,1921.0606689453125,1931
3,2022,2,17,6,2082.54052734375,2089
3,2022,2,17,7,2279.85302734375,2278
3,2022,2,17,8,2221.879638671875,2268
3,2022,2,17,9,2065.001953125,2144
3,2022,2,17,10,1898.7437744140625,2043
3,2022,2,17,11,1716.9415283203125,1721
3,2022,2,17,12,1615.6688232421875,1574
3,2022,2,17,13,1628.911865234375,1553
3,2022,2,17,14,1644.2440185546875,1581
3,2022,2,17,15,1798.7955322265625,1707
3,2022,2,17,16,2023.649169921875,1938
3,2022,2,17,17,2191.2705078125,2215
3,2022,2,17,18,2468.40771484375,2465
3,2022,2,17,19,2546.471435546875,2575
3,2022,2,17,20,2491.647705078125,2517
3,2022,2,17,21,2379.6083984375,2426
3,2022,2,17,22,2250.82177734375,2304
3,2022,2,17,23,2126.859130859375,2139
3,2022,2,17,24,2028.33642578125,2008
3,2022,2,18,1,1968.69287109375,1967
3,2022,2,18,2,1913.1131591796875,1895
3,2022,2,18,3,1889.8548583984375,1862
3,2022,2,18,4,1854.17333984375,1872
3,2022,2,18,5,1911.1600341796875,1949
3,2022,2,18,6,2088.449951171875,2098
3,2022,2,18,7,2265.436767578125,2267
3,2022,2,18,8,2231.456787109375,2258
3,2022,2,18,9,2077.95361328125,2052
3,2022,2,18,10,1905.676025390625,1839
3,2022,2,18,11,1718.6553955078125,1712
3,2022,2,18,12,1629.64013671875,1667
3,2022,2,18,13,1620.741455078125,1694
3,2022,2,18,14,1689.8021240234375,1582
3,2022,2,18,15,1822.6373291015625,1683
3,2022,2,18,16,1976.8724365234375,1893
3,2022,2,18,17,2166.12646484375,2193
3,2022,2,18,18,2446.56103515625,2410
3,2022,2,18,19,2553.319580078125,2511
3,2022,2,18,20,2499.388671875,2446
3,2022,2,18,21,2387.3671875,2364
3,2022,2,18,22,2269.641357421875,2259
3,2022,2,18,23,2116.080322265625,2117
3,2022,2,18,24,1986.459716796875,1992
3,2022,2,19,1,1922.3455810546875,1929
3,2022,2,19,2,1875.158447265625,1864
3,2022,2,19,3,1807.96630859375,1820
3,2022,2,19,4,1796.2315673828125,1808
3,2022,2,19,5,1820.3548583984375,1835
3,2022,2,19,6,1879.05615234375,1903
3,2022,2,19,7,1982.450927734375,1980
3,2022,2,19,8,1909.947998046875,2017
3,2022,2,19,9,1738.4896240234375,1943
3,2022,2,19,10,1607.107177734375,1666
3,2022,2,19,11,1486.80908203125,1518
3,2022,2,19,12,1411.099853515625,1369
3,2022,2,19,13,1360.6947021484375,1280
3,2022,2,19,14,1410.469482421875,1311
3,2022,2,19,15,1607.6822509765625,1458
3,2022,2,19,16,1800.366455078125,1701
3,2022,2,19,17,1999.4864501953125,2041
3,2022,2,19,18,2272.932373046875,2286
3,2022,2,19,19,2403.68359375,2390
3,2022,2,19,20,2369.18115234375,2346
3,2022,2,19,21,2296.563720703125,2268
3,2022,2,19,22,2174.820068359375,2175
3,2022,2,19,23,2039.066650390625,2048
3,2022,2,19,24,1924.8482666015625,1936
3,2022,2,20,1,1872.467529296875,1874
3,2022,2,20,2,1800.186767578125,1810
3,2022,2,20,3,1770.92626953125,1765
3,2022,2,20,4,1777.5009765625,1750
3,2022,2,20,5,1804.9781494140625,1768
3,2022,2,20,6,1866.8056640625,1820
3,2022,2,20,7,1921.3570556640625,1856
3,2022,2,20,8,1878.0531005859375,1857
3,2022,2,20,9,1754.5828857421875,1825
3,2022,2,20,10,1638.5872802734375,1588
3,2022,2,20,11,1502.6331787109375,1357
3,2022,2,20,12,1381.5626220703125,1216
3,2022,2,20,13,1382.72900390625,1197
3,2022,2,20,14,1486.78125,1266
3,2022,2,20,15,1588.4613037109375,1436
3,2022,2,20,16,1974.853759765625,1759
3,2022,2,20,17,2010.26220703125,2039
3,2022,2,20,18,2281.63818359375,2296
3,2022,2,20,19,2444.85302734375,2394
3,2022,2,20,20,2377.31396484375,2340
3,2022,2,20,21,2296.901611328125,2262
3,2022,2,20,22,2174.820068359375,2158
3,2022,2,20,23,2036.8365478515625,2015
3,2022,2,20,24,1917.03515625,1896
3,2022,2,21,1,1879.2674560546875,1864
3,2022,2,21,2,1801.6192626953125,1859
3,2022,2,21,3,1759.8778076171875,1802
3,2022,2,21,4,1777.768310546875,1770
3,2022,2,21,5,1812.423095703125,1788
3,2022,2,21,6,1905.88037109375,1889
3,2022,2,21,7,2037.44970703125,2038
3,2022,2,21,8,2068.97607421875,2112
3,2022,2,21,9,1959.7537841796875,2144
3,2022,2,21,10,1852.4029541015625,2122
3,2022,2,21,11,1900.6826171875,2122
3,2022,2,21,12,1858.99951171875,1971
3,2022,2,21,13,1836.6444091796875,1967
3,2022,2,21,14,1816.0135498046875,2134
3,2022,2,21,15,1966.173095703125,2143
3,2022,2,21,16,2042.40087890625,2209
3,2022,2,21,17,2381.9228515625,2347
3,2022,2,21,18,2547.95361328125,2563
3,2022,2,21,19,2567.0,2635
3,2022,2,21,20,2518.1240234375,2572
3,2022,2,21,21,2394.656005859375,2483
3,2022,2,21,22,2284.878662109375,2352
3,2022,2,21,23,2110.426513671875,2136
3,2022,2,21,24,1965.7647705078125,2014
3,2022,2,22,1,1871.6417236328125,1954
3,2022,2,22,2,1804.2535400390625,1893
3,2022,2,22,3,1772.27685546875,1916
3,2022,2,22,4,1781.1513671875,1979
3,2022,2,22,5,1848.00048828125,2115
3,2022,2,22,6,2006.7977294921875,2192
3,2022,2,22,7,2178.8466796875,2247
3,2022,2,22,8,2182.50732421875,2355
3,2022,2,22,9,2628.51953125,2334
3,2022,2,22,10,2522.984375,2162
3,2022,2,22,11,2215.0263671875,2017
3,2022,2,22,12,2144.139892578125,2041
3,2022,2,22,13,1976.21533203125,1964
3,2022,2,22,14,1712.91796875,1991
3,2022,2,22,15,2022.15283203125,2191
3,2022,2,22,16,2308.722412109375,2290
3,2022,2,22,17,2499.9130859375,2504
3,2022,2,22,18,2706.81787109375,2769
3,2022,2,22,19,2735.751953125,2743
3,2022,2,22,20,2649.697021484375,2658
3,2022,2,22,21,2509.25,2547
3,2022,2,22,22,2340.368408203125,2394
3,2022,2,22,23,2150.669921875,2207
3,2022,2,22,24,1996.013671875,2077
3,2022,2,23,1,1905.4251708984375,1979
3,2022,2,23,2,1837.318603515625,1922
3,2022,2,23,3,1796.7752685546875,1890
3,2022,2,23,4,1820.79833984375,1936
3,2022,2,23,5,1903.1669921875,1948
3,2022,2,23,6,2049.57080078125,2125
3,2022,2,23,7,2224.327392578125,2342
3,2022,2,23,8,2220.185546875,2398
3,2022,2,23,9,2200.126953125,2373
3,2022,2,23,10,2054.566650390625,2044
3,2022,2,23,11,1905.44775390625,1937
3,2022,2,23,12,1853.1702880859375,1817
3,2022,2,23,13,1892.5992431640625,1813
3,2022,2,23,14,1752.51904296875,1927
3,2022,2,23,15,1920.82373046875,2000
3,2022,2,23,16,2040.57666015625,2150
3,2022,2,23,17,2236.0615234375,2344
3,2022,2,23,18,2627.826904296875,2523
3,2022,2,23,19,2713.029541015625,2641
3,2022,2,23,20,2654.3984375,2588
3,2022,2,23,21,2600.12646484375,2498
3,2022,2,23,22,2462.7548828125,2372
3,2022,2,23,23,2278.734619140625,2209
3,2022,2,23,24,2099.00732421875,2130
3,2022,2,24,1,2000.0205078125,1959
3,2022,2,24,2,1946.651123046875,1909
3,2022,2,24,3,1964.30712890625,1958
3,2022,2,24,4,1913.8026123046875,2096
3,2022,2,24,5,2063.13671875,1980
3,2022,2,24,6,2270.673095703125,2173
3,2022,2,24,7,2512.6181640625,2467
3,2022,2,24,8,2304.72900390625,2499
3,2022,2,24,9,2098.802978515625,2246
3,2022,2,24,10,1882.2840576171875,1854
3,2022,2,24,11,1718.85888671875,1662
3,2022,2,24,12,1595.684326171875,1547
3,2022,2,24,13,1627.2344970703125,1522
3,2022,2,24,14,1636.7789306640625,1508
3,2022,2,24,15,1722.6739501953125,1645
3,2022,2,24,16,1856.830810546875,1842
3,2022,2,24,17,2148.3037109375,2155
3,2022,2,24,18,2492.0048828125,2446
3,2022,2,24,19,2636.756103515625,2563
3,2022,2,24,20,2640.66162109375,2544
3,2022,2,24,21,2600.12646484375,2465
3,2022,2,24,22,2445.9296875,2339
3,2022,2,24,23,2264.91748046875,2154
3,2022,2,24,24,2096.47607421875,2016
3,2022,2,25,1,2000.0205078125,1964
3,2022,2,25,2,1946.651123046875,1906
3,2022,2,25,3,1964.30712890625,1872
3,2022,2,25,4,1913.8026123046875,1888
3,2022,2,25,5,2063.13671875,1985
3,2022,2,25,6,2270.673095703125,2195
3,2022,2,25,7,2512.6181640625,2443
3,2022,2,25,8,2304.72900390625,2408
3,2022,2,25,9,2099.49658203125,2165
3,2022,2,25,10,1901.5677490234375,1912
3,2022,2,25,11,1767.8433837890625,1712
3,2022,2,25,12,1629.317138671875,1507
3,2022,2,25,13,1588.5115966796875,1516
3,2022,2,25,14,1655.94970703125,1523
3,2022,2,25,15,1732.805908203125,1606
3,2022,2,25,16,1849.9010009765625,1878
3,2022,2,25,17,2120.455322265625,2177
3,2022,2,25,18,2469.53271484375,2379
3,2022,2,25,19,2635.582275390625,2486
3,2022,2,25,20,2625.7431640625,2443
3,2022,2,25,21,2530.18212890625,2374
3,2022,2,25,22,2415.026611328125,2274
3,2022,2,25,23,2264.3896484375,2133
3,2022,2,25,24,2085.869140625,2006
3,2022,2,26,1,1987.460693359375,1971
3,2022,2,26,2,1929.8343505859375,2045
3,2022,2,26,3,1941.6661376953125,1924
3,2022,2,26,4,1877.9669189453125,1812
3,2022,2,26,5,1932.7044677734375,1856
3,2022,2,26,6,2035.8851318359375,1937
3,2022,2,26,7,2126.337890625,2070
3,2022,2,26,8,1947.9677734375,2017
3,2022,2,26,9,1758.0364990234375,1829
3,2022,2,26,10,1538.81787109375,1652
3,2022,2,26,11,1381.3443603515625,1386
3,2022,2,26,12,1295.5743408203125,1241
3,2022,2,26,13,1321.8643798828125,1236
3,2022,2,26,14,1366.290771484375,1299
3,2022,2,26,15,1578.05859375,1465
3,2022,2,26,16,1742.653076171875,1718
3,2022,2,26,17,1996.26318359375,1958
3,2022,2,26,18,2264.25537109375,2179
3,2022,2,26,19,2453.485107421875,2381
3,2022,2,26,20,2391.521728515625,2380
3,2022,2,26,21,2332.62939453125,2331
3,2022,2,26,22,2239.166748046875,2242
3,2022,2,26,23,2090.341552734375,2124
3,2022,2,26,24,2001.0848388671875,2021
3,2022,2,27,1,1956.44091796875,1966
3,2022,2,27,2,1898.6610107421875,1929
3,2022,2,27,3,1872.337646484375,1904
3,2022,2,27,4,1835.961181640625,1841
3,2022,2,27,5,1843.05224609375,1869
3,2022,2,27,6,1881.5606689453125,1909
3,2022,2,27,7,1961.0421142578125,1942
3,2022,2,27,8,1878.4024658203125,1912
3,2022,2,27,9,1727.0330810546875,1837
3,2022,2,27,10,1605.10595703125,1743
3,2022,2,27,11,1495.349365234375,1542
3,2022,2,27,12,1443.7274169921875,1393
3,2022,2,27,13,1444.349365234375,1351
3,2022,2,27,14,1499.4766845703125,1336
3,2022,2,27,15,1634.4368896484375,1388
3,2022,2,27,16,1888.4354248046875,1627
3,2022,2,27,17,2012.1806640625,1971
3,2022,2,27,18,2281.00732421875,2259
3,2022,2,27,19,2450.891845703125,2427
3,2022,2,27,20,2377.4453125,2390
3,2022,2,27,21,2296.901611328125,2312
3,2022,2,27,22,2184.472900390625,2194
3,2022,2,27,23,2061.69091796875,2029
3,2022,2,27,24,1953.014892578125,1936
3,2022,2,28,1,1900.725341796875,1879
3,2022,2,28,2,1832.488525390625,1816
3,2022,2,28,3,1796.7752685546875,1802
3,2022,2,28,4,1820.79833984375,1816
3,2022,2,28,5,1898.6585693359375,1906
3,2022,2,28,6,2094.834228515625,2073
3,2022,2,28,7,2246.00390625,2281
3,2022,2,28,8,2162.45654296875,2335
3,2022,2,28,9,1962.050048828125,2132
3,2022,2,28,10,1785.1370849609375,1859
3,2022,2,28,11,1661.4248046875,1696
3,2022,2,28,12,1686.836181640625,1611
3,2022,2,28,13,1834.9447021484375,1520
3,2022,2,28,14,1939.450439453125,1573
3,2022,2,28,15,2132.301513671875,1724
3,2022,2,28,16,2229.5361328125,1976
3,2022,2,28,17,2259.91650390625,2240
3,2022,2,28,18,2532.71630859375,2461
3,2022,2,28,19,2576.1015625,2590
3,2022,2,28,20,2487.951416015625,2503
3,2022,2,28,21,2381.72998046875,2395
3,2022,2,28,22,2229.442138671875,2256
3,2022,2,28,23,2078.2841796875,2081
3,2022,2,28,24,1971.4818115234375,1939
3,2022,3,1,1,1817.590087890625,1886
3,2022,3,1,2,1772.7420654296875,1827
3,2022,3,1,3,1767.9967041015625,1789
3,2022,3,1,4,1807.7108154296875,1794
3,2022,3,1,5,1921.1114501953125,1877
3,2022,3,1,6,2108.69580078125,2018
3,2022,3,1,7,2237.125,2193
3,2022,3,1,8,2180.6357421875,2173
3,2022,3,1,9,1921.38818359375,1993
3,2022,3,1,10,1712.3114013671875,1773
3,2022,3,1,11,1673.6422119140625,1619
3,2022,3,1,12,1842.51416015625,1567
3,2022,3,1,13,1728.1181640625,1541
3,2022,3,1,14,1882.7684326171875,1682
3,2022,3,1,15,2072.189208984375,1859
3,2022,3,1,16,2002.024169921875,2038
3,2022,3,1,17,2400.63232421875,2341
3,2022,3,1,18,2565.579833984375,2516
3,2022,3,1,19,2557.457275390625,2596
3,2022,3,1,20,2451.213134765625,2519
3,2022,3,1,21,2258.84228515625,2409
3,2022,3,1,22,2112.67431640625,2256
3,2022,3,1,23,1941.15673828125,2081
3,2022,3,1,24,1857.3214111328125,1929
3,2022,3,2,1,1792.7554931640625,1873
3,2022,3,2,2,1754.212646484375,1819
3,2022,3,2,3,1737.494873046875,1836
3,2022,3,2,4,1770.765380859375,1827
3,2022,3,2,5,1872.5869140625,1894
3,2022,3,2,6,2066.325927734375,2069
3,2022,3,2,7,2220.05712890625,2065
3,2022,3,2,8,2176.000732421875,1981
3,2022,3,2,9,1927.1983642578125,1810
3,2022,3,2,10,1688.5755615234375,1738
3,2022,3,2,11,1534.51220703125,1666
3,2022,3,2,12,1677.822509765625,1557
3,2022,3,2,13,1692.61474609375,1558
3,2022,3,2,14,1930.1861572265625,1711
3,2022,3,2,15,2134.28173828125,1938
3,2022,3,2,16,2194.646240234375,2266
3,2022,3,2,17,2431.997802734375,2394
3,2022,3,2,18,2525.6533203125,2504
3,2022,3,2,19,2559.798828125,2601
3,2022,3,2,20,2458.492919921875,2516
3,2022,3,2,21,2217.494873046875,2394
3,2022,3,2,22,2112.67431640625,2253
3,2022,3,2,23,1938.4591064453125,2078
3,2022,3,2,24,1837.2308349609375,1946
3,2022,3,3,1,1781.56591796875,1886
3,2022,3,3,2,1719.28759765625,1822
3,2022,3,3,3,1695.9547119140625,1780
3,2022,3,3,4,1755.2763671875,1773
3,2022,3,3,5,1868.8695068359375,1837
3,2022,3,3,6,2052.834228515625,1968
3,2022,3,3,7,2170.58203125,2077
3,2022,3,3,8,2152.883544921875,2023
3,2022,3,3,9,1947.861328125,2005
3,2022,3,3,10,1850.798095703125,1848
3,2022,3,3,11,1687.4066162109375,1845
3,2022,3,3,12,1632.525634765625,1709
3,2022,3,3,13,1633.823486328125,1552
3,2022,3,3,14,1650.9228515625,1516
3,2022,3,3,15,1738.7259521484375,1619
3,2022,3,3,16,1882.6005859375,1806
3,2022,3,3,17,2084.7568359375,2157
3,2022,3,3,18,2332.393798828125,2412
3,2022,3,3,19,2557.262451171875,2537
3,2022,3,3,20,2456.959228515625,2468
3,2022,3,3,21,2288.535400390625,2372
3,2022,3,3,22,2130.847900390625,2261
3,2022,3,3,23,1978.7166748046875,2110
3,2022,3,3,24,1856.031494140625,2007
3,2022,3,4,1,1780.595458984375,1980
3,2022,3,4,2,1720.350830078125,1895
3,2022,3,4,3,1697.0357666015625,1786
3,2022,3,4,4,1755.3021240234375,1770
3,2022,3,4,5,1865.0513916015625,1826
3,2022,3,4,6,2021.668212890625,1952
3,2022,3,4,7,2169.73876953125,2166
3,2022,3,4,8,2168.132080078125,2372
3,2022,3,4,9,2470.27587890625,2146
3,2022,3,4,10,2286.281005859375,1841
3,2022,3,4,11,2020.28369140625,1876
3,2022,3,4,12,1751.19873046875,1852
3,2022,3,4,13,1664.849609375,1705
3,2022,3,4,14,1665.3372802734375,1719
3,2022,3,4,15,1668.9029541015625,1809
3,2022,3,4,16,1916.367431640625,2140
3,2022,3,4,17,2241.924560546875,2301
3,2022,3,4,18,2374.787841796875,2460
3,2022,3,4,19,2562.3994140625,2518
3,2022,3,4,20,2464.992431640625,2464
3,2022,3,4,21,2305.287353515625,2375
3,2022,3,4,22,2124.82373046875,2267
3,2022,3,4,23,1942.387939453125,2111
3,2022,3,4,24,1856.16943359375,1997
3,2022,3,5,1,1768.31982421875,1986
3,2022,3,5,2,1715.652587890625,1896
3,2022,3,5,3,1680.779296875,1803
3,2022,3,5,4,1693.2362060546875,1779
3,2022,3,5,5,1721.620361328125,1796
3,2022,3,5,6,1775.394287109375,1846
3,2022,3,5,7,1803.8974609375,1905
3,2022,3,5,8,1798.9427490234375,2014
3,2022,3,5,9,1753.191650390625,2015
3,2022,3,5,10,1838.256591796875,1812
3,2022,3,5,11,1799.6146240234375,1718
3,2022,3,5,12,1636.5648193359375,1687
3,2022,3,5,13,1593.1070556640625,1624
3,2022,3,5,14,1615.1392822265625,1501
3,2022,3,5,15,1769.3448486328125,1629
3,2022,3,5,16,1797.990966796875,1801
3,2022,3,5,17,1976.5892333984375,2056
3,2022,3,5,18,2302.25439453125,2340
3,2022,3,5,19,2454.923828125,2475
3,2022,3,5,20,2402.884765625,2446
3,2022,3,5,21,2275.735595703125,2380
3,2022,3,5,22,2154.273193359375,2274
3,2022,3,5,23,1982.28369140625,2155
3,2022,3,5,24,1868.9111328125,2039
3,2022,3,6,1,1809.3155517578125,1963
3,2022,3,6,2,1757.5140380859375,1889
3,2022,3,6,3,1726.1148681640625,1833
3,2022,3,6,4,1747.271484375,1824
3,2022,3,6,5,1792.904052734375,1860
3,2022,3,6,6,1869.580078125,1883
3,2022,3,6,7,1900.8658447265625,1902
3,2022,3,6,8,1834.253173828125,1838
3,2022,3,6,9,1741.98876953125,1755
3,2022,3,6,10,1549.5833740234375,1595
3,2022,3,6,11,1399.69775390625,1426
3,2022,3,6,12,1344.85009765625,1343
3,2022,3,6,13,1361.572998046875,1351
3,2022,3,6,14,1443.90966796875,1413
3,2022,3,6,15,1623.2685546875,1473
3,2022,3,6,16,1703.7718505859375,1689
3,2022,3,6,17,1910.546875,1946
3,2022,3,6,18,2220.88525390625,2220
3,2022,3,6,19,2414.75830078125,2432
3,2022,3,6,20,2361.1923828125,2419
3,2022,3,6,21,2220.2333984375,2346
3,2022,3,6,22,2119.145751953125,2284
3,2022,3,6,23,1978.065185546875,2239
3,2022,3,6,24,1906.2977294921875,1970
3,2022,3,7,1,1876.0462646484375,1916
3,2022,3,7,2,1852.7803955078125,1850
3,2022,3,7,3,1821.936767578125,1823
3,2022,3,7,4,1850.095458984375,1836
3,2022,3,7,5,1970.38818359375,1918
3,2022,3,7,6,2203.012451171875,2089
3,2022,3,7,7,2380.35791015625,2242
3,2022,3,7,8,2239.898193359375,2211
3,2022,3,7,9,2021.69384765625,1996
3,2022,3,7,10,1728.3145751953125,1725
3,2022,3,7,11,1530.470458984375,1530
3,2022,3,7,12,1475.515869140625,1384
3,2022,3,7,13,1466.3900146484375,1411
3,2022,3,7,14,1529.5528564453125,1514
3,2022,3,7,15,1656.90673828125,1667
3,2022,3,7,16,1851.4215087890625,1879
3,2022,3,7,17,2078.25048828125,2207
3,2022,3,7,18,2337.420166015625,2419
3,2022,3,7,19,2523.355224609375,2590
3,2022,3,7,20,2411.08349609375,2537
3,2022,3,7,21,2291.702880859375,2445
3,2022,3,7,22,2136.354248046875,2298
3,2022,3,7,23,1985.6956787109375,2117
3,2022,3,7,24,1896.1658935546875,1994
3,2022,3,8,1,1839.94140625,1969
3,2022,3,8,2,1783.23388671875,2024
3,2022,3,8,3,1782.4337158203125,1837
3,2022,3,8,4,1821.58642578125,1847
3,2022,3,8,5,1927.7916259765625,1935
3,2022,3,8,6,2106.213134765625,2107
3,2022,3,8,7,2279.44482421875,2234
3,2022,3,8,8,2208.41552734375,2123
3,2022,3,8,9,1942.1962890625,1903
3,2022,3,8,10,1692.577880859375,1701
3,2022,3,8,11,1523.445068359375,1494
3,2022,3,8,12,1500.2142333984375,1453
3,2022,3,8,13,1446.3592529296875,1437
3,2022,3,8,14,1492.4188232421875,1490
3,2022,3,8,15,1672.87646484375,1615
3,2022,3,8,16,1842.6114501953125,1891
3,2022,3,8,17,2047.31640625,2195
3,2022,3,8,18,2311.14501953125,2397
3,2022,3,8,19,2529.787353515625,2559
3,2022,3,8,20,2460.17236328125,2507
3,2022,3,8,21,2300.982666015625,2413
3,2022,3,8,22,2148.62353515625,2283
3,2022,3,8,23,2007.1103515625,2114
3,2022,3,8,24,1920.932373046875,1970
3,2022,3,9,1,1852.975830078125,1927
3,2022,3,9,2,1783.540283203125,1866
3,2022,3,9,3,1780.940185546875,1829
3,2022,3,9,4,1821.7384033203125,1841
3,2022,3,9,5,1931.681884765625,1928
3,2022,3,9,6,2106.453369140625,2076
3,2022,3,9,7,2241.2412109375,2216
3,2022,3,9,8,2208.41552734375,2165
3,2022,3,9,9,1921.992919921875,1934
3,2022,3,9,10,1691.602294921875,1654
3,2022,3,9,11,1521.9765625,1515
3,2022,3,9,12,1482.2799072265625,1405
3,2022,3,9,13,1461.3082275390625,1427
3,2022,3,9,14,1503.6624755859375,1490
3,2022,3,9,15,1674.200439453125,1692
3,2022,3,9,16,1851.4215087890625,1948
3,2022,3,9,17,2043.32470703125,2207
3,2022,3,9,18,2300.43408203125,2383
3,2022,3,9,19,2516.32763671875,2510
3,2022,3,9,20,2444.8037109375,2514
3,2022,3,9,21,2302.957275390625,2435
3,2022,3,9,22,2124.82373046875,2315
3,2022,3,9,23,1942.387939453125,2222
3,2022,3,9,24,1859.72412109375,1955
3,2022,3,10,1,1781.5244140625,1929
3,2022,3,10,2,1719.273681640625,1953
3,2022,3,10,3,1696.770263671875,1893
3,2022,3,10,4,1755.3021240234375,1809
3,2022,3,10,5,1865.305419921875,1861
3,2022,3,10,6,2033.7628173828125,1977
3,2022,3,10,7,2156.771240234375,2138
3,2022,3,10,8,2160.15576171875,2193
3,2022,3,10,9,2121.4228515625,2016
3,2022,3,10,10,2185.020263671875,1802
3,2022,3,10,11,1928.615234375,1728
3,2022,3,10,12,1938.964599609375,1638
3,2022,3,10,13,2250.351806640625,1477
3,2022,3,10,14,1840.5341796875,1531
3,2022,3,10,15,1878.98876953125,1721
3,2022,3,10,16,2002.6893310546875,2030
3,2022,3,10,17,2093.439697265625,2210
3,2022,3,10,18,2309.7080078125,2408
3,2022,3,10,19,2512.806884765625,2569
3,2022,3,10,20,2445.602294921875,2508
3,2022,3,10,21,2290.35546875,2399
3,2022,3,10,22,2132.009765625,2264
3,2022,3,10,23,1987.75927734375,2090
3,2022,3,10,24,1897.521728515625,1960
3,2022,3,11,1,1828.58935546875,1913
3,2022,3,11,2,1778.3267822265625,1852
3,2022,3,11,3,1782.4337158203125,1816
3,2022,3,11,4,1832.1300048828125,1822
3,2022,3,11,5,1967.5665283203125,1890
3,2022,3,11,6,2130.46484375,2037
3,2022,3,11,7,2356.067138671875,2171
3,2022,3,11,8,2210.97607421875,2142
3,2022,3,11,9,1983.6910400390625,1944
3,2022,3,11,10,1664.3568115234375,1699
3,2022,3,11,11,1519.2703857421875,1529
3,2022,3,11,12,1439.611572265625,1449
3,2022,3,11,13,1468.876953125,1452
3,2022,3,11,14,1538.30322265625,1510
3,2022,3,11,15,1715.12060546875,1608
3,2022,3,11,16,1959.0555419921875,1754
3,2022,3,11,17,2057.48828125,2075
3,2022,3,11,18,2319.33203125,2328
3,2022,3,11,19,2442.535400390625,2452
3,2022,3,11,20,2356.505126953125,2409
3,2022,3,11,21,2291.10693359375,2334
3,2022,3,11,22,2146.9560546875,2241
3,2022,3,11,23,1968.09716796875,2093
3,2022,3,11,24,1900.008544921875,1974
3,2022,3,12,1,1811.8016357421875,1924
3,2022,3,12,2,1756.5391845703125,1857
3,2022,3,12,3,1735.99169921875,1810
3,2022,3,12,4,1764.09130859375,1802
3,2022,3,12,5,1803.2470703125,1850
3,2022,3,12,6,1865.91357421875,1863
3,2022,3,12,7,1867.4473876953125,1892
3,2022,3,12,8,1762.8197021484375,1903
3,2022,3,12,9,1549.4830322265625,1754
3,2022,3,12,10,1378.5025634765625,1522
3,2022,3,12,11,1327.7274169921875,1368
3,2022,3,12,12,1223.4755859375,1244
3,2022,3,12,13,1188.3118896484375,1208
3,2022,3,12,14,1272.1015625,1186
3,2022,3,12,15,1477.07470703125,1311
3,2022,3,12,16,1711.6102294921875,1611
3,2022,3,12,17,1885.623779296875,1938
3,2022,3,12,18,2149.214111328125,2186
3,2022,3,12,19,2296.314208984375,2338
3,2022,3,12,20,2252.60986328125,2302
3,2022,3,12,21,2200.074462890625,2229
3,2022,3,12,22,2080.341064453125,2148
3,2022,3,12,23,1933.9132080078125,2013
3,2022,3,12,24,1817.0589599609375,1896
3,2022,3,13,1,1773.67333984375,1813
3,2022,3,13,2,1732.4451904296875,1761
3,2022,3,13,3,1699.29931640625,1724
3,2022,3,13,4,1700.3577880859375,1676
3,2022,3,13,5,1732.738037109375,1687
3,2022,3,13,6,1837.3980712890625,1755
3,2022,3,13,7,1888.778076171875,1788
3,2022,3,13,8,1793.4517822265625,1763
3,2022,3,13,9,1619.45703125,1685
3,2022,3,13,10,1462.5562744140625,1580
3,2022,3,13,11,1286.73486328125,1557
3,2022,3,13,12,1191.8641357421875,1415
3,2022,3,13,13,1175.5745849609375,1243
3,2022,3,13,14,1222.25048828125,1250
3,2022,3,13,15,1451.0103759765625,1357
3,2022,3,13,16,1635.9569091796875,1566
3,2022,3,13,17,1882.49365234375,1948
3,2022,3,13,18,2108.552001953125,2202
3,2022,3,13,19,2251.114501953125,2368
3,2022,3,13,20,2246.879150390625,2333
3,2022,3,13,21,2202.234375,2223
3,2022,3,13,22,2061.594482421875,2069
3,2022,3,13,23,1932.69580078125,1931
3,2022,3,13,24,1844.737060546875,1877
3,2022,3,14,1,1807.877685546875,1820
3,2022,3,14,2,1752.8984375,1793
3,2022,3,14,3,1749.167724609375,1790
3,2022,3,14,4,1793.958984375,1818
3,2022,3,14,5,1890.4783935546875,1970
3,2022,3,14,6,2050.912109375,2180
3,2022,3,14,7,2190.25634765625,2246
3,2022,3,14,8,2157.415771484375,2109
3,2022,3,14,9,1913.4862060546875,1945
3,2022,3,14,10,1658.5396728515625,1700
3,2022,3,14,11,1524.7679443359375,1553
3,2022,3,14,12,1454.2646484375,1494
3,2022,3,14,13,1492.6776123046875,1464
3,2022,3,14,14,1586.258544921875,1561
3,2022,3,14,15,1713.6337890625,1652
3,2022,3,14,16,1918.5963134765625,1883
3,2022,3,14,17,2060.155029296875,2196
3,2022,3,14,18,2321.4140625,2368
3,2022,3,14,19,2430.8056640625,2500
3,2022,3,14,20,2366.7724609375,2427
3,2022,3,14,21,2286.808349609375,2290
3,2022,3,14,22,2122.966796875,2113
3,2022,3,14,23,1972.0380859375,1973
3,2022,3,14,24,1856.031494140625,1890
3,2022,3,15,1,1770.090576171875,1820
3,2022,3,15,2,1723.5755615234375,1775
3,2022,3,15,3,1712.444091796875,1770
3,2022,3,15,4,1761.065673828125,1836
3,2022,3,15,5,1867.6265869140625,1967
3,2022,3,15,6,2028.1468505859375,2203
3,2022,3,15,7,2189.556884765625,2218
3,2022,3,15,8,2097.351318359375,2096
3,2022,3,15,9,1801.4146728515625,1871
3,2022,3,15,10,1616.0081787109375,1716
3,2022,3,15,11,1545.5865478515625,1596
3,2022,3,15,12,1482.2393798828125,1554
3,2022,3,15,13,1481.5762939453125,1527
3,2022,3,15,14,1600.650634765625,1594
3,2022,3,15,15,1707.5927734375,1713
3,2022,3,15,16,1911.413818359375,1982
3,2022,3,15,17,2050.14013671875,2260
3,2022,3,15,18,2336.814453125,2437
3,2022,3,15,19,2439.743408203125,2551
3,2022,3,15,20,2373.925537109375,2437
3,2022,3,15,21,2287.830322265625,2304
3,2022,3,15,22,2122.95947265625,2123
3,2022,3,15,23,1941.818115234375,1981
3,2022,3,15,24,1856.031494140625,1914
3,2022,3,16,1,1771.01318359375,1852
3,2022,3,16,2,1717.288818359375,1810
3,2022,3,16,3,1696.7359619140625,1785
3,2022,3,16,4,1755.00732421875,1826
3,2022,3,16,5,1865.305419921875,1951
3,2022,3,16,6,2021.3472900390625,2193
3,2022,3,16,7,2160.9384765625,2386
3,2022,3,16,8,2174.941162109375,2395
3,2022,3,16,9,2075.244384765625,2215
3,2022,3,16,10,1869.9110107421875,1885
3,2022,3,16,11,1705.3359375,1558
3,2022,3,16,12,1604.038818359375,1397
3,2022,3,16,13,1533.6204833984375,1409
3,2022,3,16,14,1543.842041015625,1499
3,2022,3,16,15,1710.5203857421875,1640
3,2022,3,16,16,1966.238037109375,1895
3,2022,3,16,17,2051.057373046875,2204
3,2022,3,16,18,2270.427734375,2388
3,2022,3,16,19,2423.004150390625,2515
3,2022,3,16,20,2358.83349609375,2441
3,2022,3,16,21,2290.436279296875,2303
3,2022,3,16,22,2124.273681640625,2127
3,2022,3,16,23,1975.220703125,1981
3,2022,3,16,24,1856.031494140625,1912
3,2022,3,17,1,1773.31494140625,1855
3,2022,3,17,2,1730.3280029296875,1863
3,2022,3,17,3,1726.5501708984375,1836
3,2022,3,17,4,1768.1900634765625,1832
3,2022,3,17,5,1866.5772705078125,1957
3,2022,3,17,6,2031.7186279296875,2143
3,2022,3,17,7,2167.7763671875,2192
3,2022,3,17,8,2068.9951171875,2024
3,2022,3,17,9,1769.6595458984375,1791
3,2022,3,17,10,1635.756103515625,1578
3,2022,3,17,11,1568.237548828125,1537
3,2022,3,17,12,1581.9493408203125,1539
3,2022,3,17,13,1627.2757568359375,1584
3,2022,3,17,14,1819.3204345703125,1675
3,2022,3,17,15,2068.76953125,1763
3,2022,3,17,16,1969.7293701171875,1924
3,2022,3,17,17,2388.984619140625,2216
3,2022,3,17,18,2553.6533203125,2449
3,2022,3,17,19,2481.814453125,2590
3,2022,3,17,20,2380.6689453125,2607
3,2022,3,17,21,2238.86572265625,2368
3,2022,3,17,22,2144.69775390625,2154
3,2022,3,17,23,1939.367431640625,2029
3,2022,3,17,24,1841.004638671875,2036
3,2022,3,18,1,1783.773681640625,1883
3,2022,3,18,2,1720.0438232421875,1897
3,2022,3,18,3,1700.9881591796875,1840
3,2022,3,18,4,1755.3021240234375,1837
3,2022,3,18,5,1866.2647705078125,2005
3,2022,3,18,6,2020.4774169921875,2136
3,2022,3,18,7,2163.170654296875,2198
3,2022,3,18,8,2054.873046875,2021
3,2022,3,18,9,1772.27587890625,1828
3,2022,3,18,10,1614.8486328125,1586
3,2022,3,18,11,1602.07373046875,1516
3,2022,3,18,12,1500.456298828125,1449
3,2022,3,18,13,1536.135986328125,1462
3,2022,3,18,14,1649.224609375,1545
3,2022,3,18,15,1838.955322265625,1705
3,2022,3,18,16,1842.2879638671875,1935
3,2022,3,18,17,2312.843017578125,2173
3,2022,3,18,18,2547.061767578125,2417
3,2022,3,18,19,2417.516845703125,2552
3,2022,3,18,20,2378.842529296875,2659
3,2022,3,18,21,2273.8681640625,2498
3,2022,3,18,22,2125.76611328125,2149
3,2022,3,18,23,1942.4564208984375,2006
3,2022,3,18,24,1857.0386962890625,1921
3,2022,3,19,1,1774.5391845703125,1839
3,2022,3,19,2,1712.747314453125,1778
3,2022,3,19,3,1668.49658203125,1749
3,2022,3,19,4,1688.900146484375,1761
3,2022,3,19,5,1717.6202392578125,1804
3,2022,3,19,6,1780.339599609375,1875
3,2022,3,19,7,1783.140869140625,1900
3,2022,3,19,8,1793.5877685546875,1866
3,2022,3,19,9,1721.3934326171875,1781
3,2022,3,19,10,1431.9224853515625,1645
3,2022,3,19,11,1299.8790283203125,1458
3,2022,3,19,12,1193.6260986328125,1280
3,2022,3,19,13,1181.9246826171875,1250
3,2022,3,19,14,1250.01025390625,1428
3,2022,3,19,15,1460.5711669921875,1526
3,2022,3,19,16,1656.4970703125,1667
3,2022,3,19,17,1897.04833984375,1979
3,2022,3,19,18,2129.605224609375,2243
3,2022,3,19,19,2308.057861328125,2349
3,2022,3,19,20,2247.18408203125,2341
3,2022,3,19,21,2194.475341796875,2184
3,2022,3,19,22,2076.336181640625,2057
3,2022,3,19,23,1905.057861328125,1957
3,2022,3,19,24,1814.6907958984375,1979
3,2022,3,20,1,1774.92138671875,2086
3,2022,3,20,2,1712.0924072265625,2018
3,2022,3,20,3,1669.7156982421875,1887
3,2022,3,20,4,1688.5281982421875,1786
3,2022,3,20,5,1716.057373046875,1803
3,2022,3,20,6,1769.059326171875,1855
3,2022,3,20,7,1793.6549072265625,1872
3,2022,3,20,8,1764.9000244140625,1796
3,2022,3,20,9,1679.706298828125,1765
3,2022,3,20,10,1663.4638671875,1669
3,2022,3,20,11,1462.538818359375,1488
3,2022,3,20,12,1382.7705078125,1324
3,2022,3,20,13,1323.2762451171875,1211
3,2022,3,20,14,1449.23974609375,1193
3,2022,3,20,15,1564.6640625,1316
3,2022,3,20,16,1777.6119384765625,1563
3,2022,3,20,17,1919.7860107421875,1856
3,2022,3,20,18,2139.10791015625,2172
3,2022,3,20,19,2243.230712890625,2392
3,2022,3,20,20,2237.40576171875,2410
3,2022,3,20,21,2189.052001953125,2205
3,2022,3,20,22,2054.97314453125,2066
3,2022,3,20,23,1901.85791015625,1900
3,2022,3,20,24,1821.8955078125,1843
3,2022,3,21,1,1784.9041748046875,1779
3,2022,3,21,2,1744.8603515625,1732
3,2022,3,21,3,1738.851318359375,1729
3,2022,3,21,4,1778.3310546875,1792
3,2022,3,21,5,1884.8597412109375,1937
3,2022,3,21,6,2035.52685546875,2129
3,2022,3,21,7,2192.21240234375,2162
3,2022,3,21,8,2071.094482421875,1995
3,2022,3,21,9,1775.971923828125,1764
3,2022,3,21,10,1608.859375,1572
3,2022,3,21,11,1506.720458984375,1441
3,2022,3,21,12,1434.4136962890625,1409
3,2022,3,21,13,1460.8817138671875,1429
3,2022,3,21,14,1554.748291015625,1558
3,2022,3,21,15,1700.9954833984375,1629
3,2022,3,21,16,1939.3768310546875,1769
3,2022,3,21,17,2079.078857421875,2083
3,2022,3,21,18,2290.933837890625,2322
3,2022,3,21,19,2387.38330078125,2476
3,2022,3,21,20,2365.53759765625,2405
3,2022,3,21,21,2285.929443359375,2269
3,2022,3,21,22,2122.133544921875,2093
3,2022,3,21,23,1963.3514404296875,1941
3,2022,3,21,24,1856.031494140625,1875
3,2022,3,22,1,1775.208984375,1804
3,2022,3,22,2,1718.5308837890625,1767
3,2022,3,22,3,1696.11279296875,1776
3,2022,3,22,4,1761.061279296875,1814
3,2022,3,22,5,1865.305419921875,1954
3,2022,3,22,6,2033.1988525390625,2212
3,2022,3,22,7,2115.8876953125,2295
3,2022,3,22,8,2045.2362060546875,2092
3,2022,3,22,9,1769.186279296875,1834
3,2022,3,22,10,1613.7081298828125,1581
3,2022,3,22,11,1769.6158447265625,1500
3,2022,3,22,12,1814.6600341796875,1496
3,2022,3,22,13,1677.34521484375,1490
3,2022,3,22,14,1877.773681640625,1582
3,2022,3,22,15,2168.83837890625,1768
3,2022,3,22,16,2179.786376953125,1981
3,2022,3,22,17,2451.79541015625,2278
3,2022,3,22,18,2591.74072265625,2511
3,2022,3,22,19,2506.56640625,2586
3,2022,3,22,20,2483.416748046875,2512
3,2022,3,22,21,2283.51513671875,2363
3,2022,3,22,22,2188.64404296875,2173
3,2022,3,22,23,2003.3548583984375,2001
3,2022,3,22,24,1838.857421875,1923
3,2022,3,23,1,1782.86181640625,1847
3,2022,3,23,2,1717.9779052734375,1789
3,2022,3,23,3,1698.4224853515625,1779
3,2022,3,23,4,1754.6353759765625,1814
3,2022,3,23,5,1865.305419921875,1934
3,2022,3,23,6,2031.8800048828125,2102
3,2022,3,23,7,2129.8798828125,2162
3,2022,3,23,8,2111.6748046875,2097
3,2022,3,23,9,1866.809814453125,1871
3,2022,3,23,10,2171.03564453125,1779
3,2022,3,23,11,1985.93310546875,1745
3,2022,3,23,12,2058.374267578125,1666
3,2022,3,23,13,2213.355224609375,1654
3,2022,3,23,14,2168.5791015625,1783
3,2022,3,23,15,2429.69970703125,1968
3,2022,3,23,16,2541.24951171875,2166
3,2022,3,23,17,2767.09619140625,2440
3,2022,3,23,18,2881.05078125,2700
3,2022,3,23,19,2749.3671875,2916
3,2022,3,23,20,2617.057861328125,2832
3,2022,3,23,21,2281.546142578125,2450
3,2022,3,23,22,2145.37255859375,2250
3,2022,3,23,23,1949.638916015625,2071
3,2022,3,23,24,1838.78173828125,1957
3,2022,3,24,1,1782.86181640625,1870
3,2022,3,24,2,1717.386962890625,1807
3,2022,3,24,3,1695.104248046875,1772
3,2022,3,24,4,1754.6353759765625,1816
3,2022,3,24,5,1864.633544921875,1939
3,2022,3,24,6,2007.64501953125,2098
3,2022,3,24,7,2118.396240234375,2183
3,2022,3,24,8,2056.004638671875,2041
3,2022,3,24,9,1815.6236572265625,1825
3,2022,3,24,10,1827.2464599609375,1693
3,2022,3,24,11,1787.988037109375,1571
3,2022,3,24,12,1910.580078125,1538
3,2022,3,24,13,1780.0906982421875,1627
3,2022,3,24,14,1846.4066162109375,1704
3,2022,3,24,15,2100.10546875,2021
3,2022,3,24,16,2094.019287109375,2193
3,2022,3,24,17,2507.297119140625,2382
3,2022,3,24,18,2705.864013671875,2560
3,2022,3,24,19,2520.43310546875,2632
3,2022,3,24,20,2384.020751953125,2552
3,2022,3,24,21,2217.494873046875,2410
3,2022,3,24,22,2112.67431640625,2210
3,2022,3,24,23,1945.76220703125,2073
3,2022,3,24,24,1838.78173828125,2005
3,2022,3,25,1,1783.18017578125,1895
3,2022,3,25,2,1724.5137939453125,1827
3,2022,3,25,3,1698.8101806640625,1774
3,2022,3,25,4,1758.6416015625,1807
3,2022,3,25,5,1863.861328125,1927
3,2022,3,25,6,2036.932373046875,2111
3,2022,3,25,7,2140.523681640625,2118
3,2022,3,25,8,2079.519287109375,2064
3,2022,3,25,9,1830.751708984375,1956
3,2022,3,25,10,1665.7423095703125,1860
3,2022,3,25,11,1569.3414306640625,1717
3,2022,3,25,12,1494.2237548828125,1541
3,2022,3,25,13,1549.7890625,1639
3,2022,3,25,14,1680.06298828125,1719
3,2022,3,25,15,1819.259033203125,1804
3,2022,3,25,16,1922.18896484375,1995
3,2022,3,25,17,2187.046875,2237
3,2022,3,25,18,2440.212646484375,2473
3,2022,3,25,19,2432.669677734375,2651
3,2022,3,25,20,2379.0927734375,2446
3,2022,3,25,21,2258.228515625,2333
3,2022,3,25,22,2112.67431640625,2203
3,2022,3,25,23,1939.09814453125,2056
3,2022,3,25,24,1855.9012451171875,1938
3,2022,3,26,1,1777.0894775390625,1883
3,2022,3,26,2,1721.2750244140625,1885
3,2022,3,26,3,1671.2767333984375,1796
3,2022,3,26,4,1697.118896484375,1779
3,2022,3,26,5,1723.887451171875,1800
3,2022,3,26,6,1772.61669921875,1849
3,2022,3,26,7,1821.59375,1874
3,2022,3,26,8,1785.381103515625,1815
3,2022,3,26,9,1695.9583740234375,1590
3,2022,3,26,10,1573.4251708984375,1373
3,2022,3,26,11,1363.29638671875,1253
3,2022,3,26,12,1226.701171875,1185
3,2022,3,26,13,1217.2039794921875,1144
3,2022,3,26,14,1284.0579833984375,1191
3,2022,3,26,15,1476.5010986328125,1380
3,2022,3,26,16,1726.4892578125,1657
3,2022,3,26,17,1878.950439453125,1973
3,2022,3,26,18,2152.93310546875,2202
3,2022,3,26,19,2296.115966796875,2317
3,2022,3,26,20,2271.251953125,2282
3,2022,3,26,21,2194.1181640625,2189
3,2022,3,26,22,2054.13623046875,2050
3,2022,3,26,23,1923.3565673828125,1933
3,2022,3,26,24,1815.629638671875,1864
3,2022,3,27,1,1764.9130859375,1785
3,2022,3,27,2,1709.61181640625,1727
3,2022,3,27,3,1666.1536865234375,1698
3,2022,3,27,4,1688.900146484375,1697
3,2022,3,27,5,1717.3907470703125,1728
3,2022,3,27,6,1773.3753662109375,1768
3,2022,3,27,7,1771.6573486328125,1802
3,2022,3,27,8,1782.851318359375,1722
3,2022,3,27,9,1739.822509765625,1585
3,2022,3,27,10,1441.4486083984375,1382
3,2022,3,27,11,1292.19091796875,1205
3,2022,3,27,12,1173.132568359375,1051
3,2022,3,27,13,1157.612060546875,1003
3,2022,3,27,14,1180.830078125,1104
3,2022,3,27,15,1468.13134765625,1276
3,2022,3,27,16,1613.5455322265625,1571
3,2022,3,27,17,1847.8768310546875,1948
3,2022,3,27,18,2114.30517578125,2162
3,2022,3,27,19,2289.014404296875,2305
3,2022,3,27,20,2245.60888671875,2271
3,2022,3,27,21,2200.897216796875,2184
3,2022,3,27,22,2077.9833984375,2013
3,2022,3,27,23,1900.5938720703125,1896
3,2022,3,27,24,1817.3492431640625,1882
3,2022,3,28,1,1778.7359619140625,1777
3,2022,3,28,2,1718.1385498046875,1706
3,2022,3,28,3,1693.5391845703125,1721
3,2022,3,28,4,1758.403564453125,1804
3,2022,3,28,5,1872.434326171875,1904
3,2022,3,28,6,2041.23193359375,2032
3,2022,3,28,7,2145.66357421875,2065
3,2022,3,28,8,2145.04443359375,2046
3,2022,3,28,9,2119.46875,1986
3,2022,3,28,10,2054.823974609375,2061
3,2022,3,28,11,1905.57861328125,2072
3,2022,3,28,12,1760.8682861328125,2189
3,2022,3,28,13,2002.226318359375,2228
3,2022,3,28,14,2412.665771484375,2180
3,2022,3,28,15,2244.50634765625,2098
3,2022,3,28,16,2366.02392578125,1978
3,2022,3,28,17,2364.3974609375,2121
3,2022,3,28,18,2363.3369140625,2384
3,2022,3,28,19,2399.780029296875,2452
3,2022,3,28,20,2356.86767578125,2386
3,2022,3,28,21,2302.031005859375,2261
3,2022,3,28,22,2131.47705078125,2091
3,2022,3,28,23,1984.4508056640625,1954
3,2022,3,28,24,1864.421630859375,1867
3,2022,3,29,1,1783.431396484375,1795
3,2022,3,29,2,1718.5308837890625,1753
3,2022,3,29,3,1696.11279296875,1745
3,2022,3,29,4,1755.2763671875,1794
3,2022,3,29,5,1865.305419921875,1930
3,2022,3,29,6,2031.55078125,2095
3,2022,3,29,7,2069.8779296875,2180
3,2022,3,29,8,2021.6810302734375,2153
3,2022,3,29,9,1768.5009765625,1977
3,2022,3,29,10,1679.91357421875,1756
3,2022,3,29,11,1554.781494140625,1715
3,2022,3,29,12,1602.775146484375,1730
3,2022,3,29,13,1625.625244140625,1628
3,2022,3,29,14,1782.881103515625,1594
3,2022,3,29,15,1853.8883056640625,1648
3,2022,3,29,16,1940.2791748046875,1831
3,2022,3,29,17,2083.11865234375,2069
3,2022,3,29,18,2320.816162109375,2309
3,2022,3,29,19,2394.61962890625,2425
3,2022,3,29,20,2357.13232421875,2378
3,2022,3,29,21,2283.58349609375,2253
3,2022,3,29,22,2115.156494140625,2080
3,2022,3,29,23,1930.864013671875,1936
3,2022,3,29,24,1859.6085205078125,1865
3,2022,3,30,1,1778.5408935546875,1801
3,2022,3,30,2,1754.4124755859375,1755
3,2022,3,30,3,1729.052978515625,1747
3,2022,3,30,4,1755.2763671875,1805
3,2022,3,30,5,1865.305419921875,1914
3,2022,3,30,6,2033.2811279296875,2081
3,2022,3,30,7,2067.625,2111
3,2022,3,30,8,2034.6419677734375,1973
3,2022,3,30,9,1777.925537109375,1752
3,2022,3,30,10,1606.132568359375,1553
3,2022,3,30,11,1516.3372802734375,1355
3,2022,3,30,12,1500.2005615234375,1305
3,2022,3,30,13,1510.1859130859375,1365
3,2022,3,30,14,1481.112548828125,1413
3,2022,3,30,15,1663.6982421875,1573
3,2022,3,30,16,1793.202880859375,1892
3,2022,3,30,17,2002.005859375,2147
3,2022,3,30,18,2308.21484375,2311
3,2022,3,30,19,2448.3154296875,2433
3,2022,3,30,20,2440.989990234375,2383
3,2022,3,30,21,2286.808349609375,2241
3,2022,3,30,22,2121.224853515625,2066
3,2022,3,30,23,1944.767333984375,1925
3,2022,3,30,24,1855.9012451171875,1851
3,2022,3,31,1,1779.1170654296875,1781
3,2022,3,31,2,1719.388916015625,1734
3,2022,3,31,3,1694.691162109375,1725
3,2022,3,31,4,1754.6353759765625,1787
3,2022,3,31,5,1870.1473388671875,1886
3,2022,3,31,6,2035.1492919921875,2074
3,2022,3,31,7,2077.4072265625,2288
3,2022,3,31,8,2134.763916015625,2386
3,2022,3,31,9,2137.298095703125,2303
3,2022,3,31,10,2265.5625,2145
3,2022,3,31,11,1985.7431640625,2042
3,2022,3,31,12,1873.021728515625,1950
3,2022,3,31,13,1851.57666015625,1964
3,2022,3,31,14,1802.2352294921875,2121
3,2022,3,31,15,1910.8099365234375,2227
3,2022,3,31,16,2037.9044189453125,2302
3,2022,3,31,17,2260.07470703125,2290
3,2022,3,31,18,2449.87841796875,2359
3,2022,3,31,19,2514.701904296875,2448
3,2022,3,31,20,2452.195068359375,2397
3,2022,3,31,21,2294.166748046875,2258
3,2022,3,31,22,2150.078857421875,2085
3,2022,3,31,23,1975.9541015625,1943
3,2022,3,31,24,1855.9012451171875,1892
3,2022,4,1,1,1733.2152099609375,1856
3,2022,4,1,2,1719.705078125,1817
3,2022,4,1,3,1699.75244140625,1754
3,2022,4,1,4,1703.3052978515625,1796
3,2022,4,1,5,1807.8017578125,1922
3,2022,4,1,6,1949.934814453125,2123
3,2022,4,1,7,2024.497802734375,2251
3,2022,4,1,8,2010.1314697265625,2218
3,2022,4,1,9,1925.508544921875,2036
3,2022,4,1,10,1636.453369140625,1878
3,2022,4,1,11,1443.5906982421875,1778
3,2022,4,1,12,1457.158203125,1694
3,2022,4,1,13,1459.22509765625,1555
3,2022,4,1,14,1535.9305419921875,1535
3,2022,4,1,15,1683.4549560546875,1587
3,2022,4,1,16,1870.5496826171875,1753
3,2022,4,1,17,2048.568115234375,2024
3,2022,4,1,18,2229.611572265625,2199
3,2022,4,1,19,2350.728759765625,2367
3,2022,4,1,20,2304.789306640625,2347
3,2022,4,1,21,2216.350830078125,2227
3,2022,4,1,22,2026.544677734375,2093
3,2022,4,1,23,1860.7015380859375,1979
3,2022,4,1,24,1834.2457275390625,1899
3,2022,4,2,1,1737.5408935546875,1838
3,2022,4,2,2,1661.168701171875,1850
3,2022,4,2,3,1650.4559326171875,1827
3,2022,4,2,4,1659.76123046875,1724
3,2022,4,2,5,1674.956787109375,1761
3,2022,4,2,6,1687.126708984375,1849
3,2022,4,2,7,1735.1253662109375,1975
3,2022,4,2,8,1811.622314453125,2072
3,2022,4,2,9,1854.065185546875,2268
3,2022,4,2,10,1616.984619140625,2259
3,2022,4,2,11,1638.9503173828125,2103
3,2022,4,2,12,1748.351806640625,2064
3,2022,4,2,13,1826.16943359375,2077
3,2022,4,2,14,1752.1650390625,2062
3,2022,4,2,15,1896.9632568359375,2134
3,2022,4,2,16,1909.5777587890625,2145
3,2022,4,2,17,2237.86083984375,2206
3,2022,4,2,18,2271.02783203125,2248
3,2022,4,2,19,2293.828125,2300
3,2022,4,2,20,2260.753173828125,2253
3,2022,4,2,21,2163.940185546875,2169
3,2022,4,2,22,2040.0140380859375,2035
3,2022,4,2,23,1919.1309814453125,1934
3,2022,4,2,24,1813.7490234375,1848
3,2022,4,3,1,1741.61572265625,1786
3,2022,4,3,2,1719.7930908203125,1736
3,2022,4,3,3,1658.1920166015625,1704
3,2022,4,3,4,1660.48828125,1711
3,2022,4,3,5,1673.8865966796875,1740
3,2022,4,3,6,1684.4161376953125,1786
3,2022,4,3,7,1720.7547607421875,1909
3,2022,4,3,8,1806.9019775390625,2093
3,2022,4,3,9,1860.7928466796875,2288
3,2022,4,3,10,1770.58837890625,2201
3,2022,4,3,11,1754.7567138671875,2022
3,2022,4,3,12,1804.61572265625,1924
3,2022,4,3,13,1852.3048095703125,1934
3,2022,4,3,14,1708.4775390625,1899
3,2022,4,3,15,1892.0953369140625,1932
3,2022,4,3,16,1947.9337158203125,2035
3,2022,4,3,17,2110.191162109375,2187
3,2022,4,3,18,2196.467529296875,2281
3,2022,4,3,19,2301.59814453125,2377
3,2022,4,3,20,2251.104736328125,2307
3,2022,4,3,21,2134.81982421875,2204
3,2022,4,3,22,2003.4259033203125,2046
3,2022,4,3,23,1882.2080078125,1902
3,2022,4,3,24,1801.82177734375,1834
3,2022,4,4,1,1739.4381103515625,1789
3,2022,4,4,2,1718.45947265625,1827
3,2022,4,4,3,1665.7703857421875,1805
3,2022,4,4,4,1712.8238525390625,1795
3,2022,4,4,5,1797.0291748046875,1914
3,2022,4,4,6,1886.0479736328125,2074
3,2022,4,4,7,1952.8197021484375,2156
3,2022,4,4,8,1990.8753662109375,2100
3,2022,4,4,9,1936.9976806640625,1919
3,2022,4,4,10,1762.4605712890625,1629
3,2022,4,4,11,1578.428466796875,1479
3,2022,4,4,12,1590.27392578125,1425
3,2022,4,4,13,1432.0372314453125,1409
3,2022,4,4,14,1450.5498046875,1481
3,2022,4,4,15,1610.2745361328125,1552
3,2022,4,4,16,1857.271240234375,1834
3,2022,4,4,17,2022.238525390625,2178
3,2022,4,4,18,2217.604248046875,2412
3,2022,4,4,19,2394.1259765625,2488
3,2022,4,4,20,2351.628173828125,2426
3,2022,4,4,21,2230.000244140625,2313
3,2022,4,4,22,2050.35107421875,2120
3,2022,4,4,23,1859.0537109375,1997
3,2022,4,4,24,1813.439208984375,1898
3,2022,4,5,1,1672.7755126953125,1833
3,2022,4,5,2,1554.0654296875,1788
3,2022,4,5,3,1660.8875732421875,1786
3,2022,4,5,4,1709.6116943359375,1861
3,2022,4,5,5,1816.4287109375,2009
3,2022,4,5,6,1932.0848388671875,2087
3,2022,4,5,7,2024.3253173828125,2122
3,2022,4,5,8,1994.1129150390625,2041
3,2022,4,5,9,1837.9215087890625,1940
3,2022,4,5,10,1645.1524658203125,1764
3,2022,4,5,11,1468.202880859375,1614
3,2022,4,5,12,1411.6712646484375,1477
3,2022,4,5,13,1465.01806640625,1412
3,2022,4,5,14,1524.678466796875,1503
3,2022,4,5,15,1636.128173828125,1604
3,2022,4,5,16,1859.4825439453125,1868
3,2022,4,5,17,2062.480712890625,2180
3,2022,4,5,18,2275.9609375,2390
3,2022,4,5,19,2421.580322265625,2515
3,2022,4,5,20,2386.47509765625,2474
3,2022,4,5,21,2257.8623046875,2345
3,2022,4,5,22,2108.215576171875,2158
3,2022,4,5,23,1951.8099365234375,2000
3,2022,4,5,24,1846.1729736328125,1937
3,2022,4,6,1,1743.569091796875,1862
3,2022,4,6,2,1715.521240234375,1808
3,2022,4,6,3,1668.857666015625,1792
3,2022,4,6,4,1712.5006103515625,1837
3,2022,4,6,5,1806.861572265625,1947
3,2022,4,6,6,1913.3006591796875,2117
3,2022,4,6,7,2032.664306640625,2229
3,2022,4,6,8,1867.9083251953125,2179
3,2022,4,6,9,1651.8902587890625,1885
3,2022,4,6,10,1671.009521484375,1682
3,2022,4,6,11,1772.3128662109375,1591
3,2022,4,6,12,1882.670654296875,1595
3,2022,4,6,13,1830.828369140625,1599
3,2022,4,6,14,1840.52685546875,1667
3,2022,4,6,15,2054.03369140625,1878
3,2022,4,6,16,2144.68798828125,2132
3,2022,4,6,17,2414.360107421875,2424
3,2022,4,6,18,2490.369140625,2585
3,2022,4,6,19,2637.98291015625,2679
3,2022,4,6,20,2484.19873046875,2601
3,2022,4,6,21,2320.077392578125,2450
3,2022,4,6,22,2144.52978515625,2249
3,2022,4,6,23,1963.9898681640625,2080
3,2022,4,6,24,1860.7685546875,2014
3,2022,4,7,1,1764.5941162109375,1926
3,2022,4,7,2,1706.454345703125,1895
3,2022,4,7,3,1694.8394775390625,1873
3,2022,4,7,4,1777.3973388671875,1879
3,2022,4,7,5,1864.8731689453125,1957
3,2022,4,7,6,1867.224853515625,2111
3,2022,4,7,7,1938.7862548828125,2197
3,2022,4,7,8,1852.5595703125,2118
3,2022,4,7,9,1842.8045654296875,2073
3,2022,4,7,10,2115.42138671875,1918
3,2022,4,7,11,2169.350341796875,1809
3,2022,4,7,12,2337.520751953125,1849
3,2022,4,7,13,2604.2607421875,2012
3,2022,4,7,14,2520.41748046875,2196
3,2022,4,7,15,2941.587890625,2465
3,2022,4,7,16,3187.759765625,2745
3,2022,4,7,17,3478.81640625,3029
3,2022,4,7,18,3392.768310546875,3134
3,2022,4,7,19,3485.19921875,3134
3,2022,4,7,20,3132.4853515625,2995
3,2022,4,7,21,2784.232177734375,2792
3,2022,4,7,22,2541.257080078125,2538
3,2022,4,7,23,2302.911376953125,2336
3,2022,4,7,24,2139.940673828125,2178
3,2022,4,8,1,1928.197998046875,2071
3,2022,4,8,2,1764.5286865234375,2072
3,2022,4,8,3,1771.0360107421875,2006
3,2022,4,8,4,1775.8604736328125,1927
3,2022,4,8,5,1838.8709716796875,2017
3,2022,4,8,6,1909.741455078125,2146
3,2022,4,8,7,2016.6419677734375,2165
3,2022,4,8,8,2051.54052734375,2066
3,2022,4,8,9,2211.51416015625,2014
3,2022,4,8,10,2445.963623046875,2031
3,2022,4,8,11,2577.130615234375,2106
3,2022,4,8,12,2482.4541015625,2227
3,2022,4,8,13,2718.373779296875,2371
3,2022,4,8,14,2617.888916015625,2595
3,2022,4,8,15,2992.26220703125,2985
3,2022,4,8,16,3075.32958984375,3192
3,2022,4,8,17,3505.712890625,3283
3,2022,4,8,18,3383.029052734375,3263
3,2022,4,8,19,3528.935302734375,3196
3,2022,4,8,20,3236.22802734375,3036
3,2022,4,8,21,2984.621337890625,2845
3,2022,4,8,22,2513.72412109375,2630
3,2022,4,8,23,2358.044677734375,2412
3,2022,4,8,24,2197.10400390625,2208
3,2022,4,9,1,1935.921142578125,2067
3,2022,4,9,2,1758.6119384765625,1947
3,2022,4,9,3,1683.27294921875,1894
3,2022,4,9,4,1689.5673828125,1867
3,2022,4,9,5,1670.5775146484375,1912
3,2022,4,9,6,1655.0369873046875,1892
3,2022,4,9,7,1616.88720703125,1922
3,2022,4,9,8,1591.9276123046875,1946
3,2022,4,9,9,1615.9801025390625,1867
3,2022,4,9,10,1660.197265625,1594
3,2022,4,9,11,1747.505859375,1480
3,2022,4,9,12,1663.982177734375,1424
3,2022,4,9,13,1619.658203125,1428
3,2022,4,9,14,1506.9444580078125,1540
3,2022,4,9,15,1667.4384765625,1718
3,2022,4,9,16,1725.8123779296875,1972
3,2022,4,9,17,1965.903076171875,2207
3,2022,4,9,18,2160.2236328125,2378
3,2022,4,9,19,2312.259033203125,2446
3,2022,4,9,20,2264.06298828125,2401
3,2022,4,9,21,2168.547607421875,2300
3,2022,4,9,22,2055.438232421875,2158
3,2022,4,9,23,1916.6737060546875,2027
3,2022,4,9,24,1813.7490234375,1959
3,2022,4,10,1,1740.864013671875,1860
3,2022,4,10,2,1718.164306640625,1823
3,2022,4,10,3,1652.072265625,1845
3,2022,4,10,4,1655.5723876953125,1744
3,2022,4,10,5,1666.388916015625,1757
3,2022,4,10,6,1686.56396484375,1800
3,2022,4,10,7,1722.3897705078125,1924
3,2022,4,10,8,1711.1014404296875,2082
3,2022,4,10,9,1638.7479248046875,2097
3,2022,4,10,10,1435.8553466796875,1961
3,2022,4,10,11,1328.320556640625,1693
3,2022,4,10,12,1271.6263427734375,1418
3,2022,4,10,13,1216.9698486328125,1347
3,2022,4,10,14,1266.3502197265625,1353
3,2022,4,10,15,1443.6727294921875,1494
3,2022,4,10,16,1647.9505615234375,1772
3,2022,4,10,17,1908.0257568359375,2030
3,2022,4,10,18,2124.48681640625,2216
3,2022,4,10,19,2192.956787109375,2328
3,2022,4,10,20,2216.625244140625,2298
3,2022,4,10,21,2165.294189453125,2194
3,2022,4,10,22,2055.438232421875,2060
3,2022,4,10,23,1917.2943115234375,1922
3,2022,4,10,24,1813.7490234375,1862
3,2022,4,11,1,1743.24951171875,1809
3,2022,4,11,2,1715.5106201171875,1755
3,2022,4,11,3,1675.5262451171875,1740
3,2022,4,11,4,1716.5257568359375,1786
3,2022,4,11,5,1804.2010498046875,1901
3,2022,4,11,6,1910.384765625,2019
3,2022,4,11,7,1949.9027099609375,2076
3,2022,4,11,8,1977.856201171875,2098
3,2022,4,11,9,1905.1536865234375,2029
3,2022,4,11,10,1731.7532958984375,1847
3,2022,4,11,11,1615.7994384765625,1674
3,2022,4,11,12,1578.2288818359375,1452
3,2022,4,11,13,1467.9840087890625,1334
3,2022,4,11,14,1473.1226806640625,1375
3,2022,4,11,15,1568.519775390625,1635
3,2022,4,11,16,1774.58056640625,1954
3,2022,4,11,17,2017.373291015625,2200
3,2022,4,11,18,2210.4814453125,2399
3,2022,4,11,19,2316.2724609375,2478
3,2022,4,11,20,2301.838134765625,2416
3,2022,4,11,21,2237.2236328125,2294
3,2022,4,11,22,2087.638916015625,2120
3,2022,4,11,23,1947.47900390625,1973
3,2022,4,11,24,1846.1729736328125,1939
3,2022,4,12,1,1742.4776611328125,1843
3,2022,4,12,2,1709.503662109375,1848
3,2022,4,12,3,1660.8875732421875,1816
3,2022,4,12,4,1709.6116943359375,1799
3,2022,4,12,5,1814.814453125,1935
3,2022,4,12,6,1933.8778076171875,2053
3,2022,4,12,7,2025.076171875,2077
3,2022,4,12,8,1976.15966796875,2001
3,2022,4,12,9,1732.08203125,1930
3,2022,4,12,10,1495.43701171875,1713
3,2022,4,12,11,1414.59765625,1498
3,2022,4,12,12,1360.06689453125,1373
3,2022,4,12,13,1364.5728759765625,1377
3,2022,4,12,14,1419.2264404296875,1459
3,2022,4,12,15,1560.97998046875,1506
3,2022,4,12,16,1739.90478515625,1715
3,2022,4,12,17,1966.6326904296875,2009
3,2022,4,12,18,2164.44677734375,2249
3,2022,4,12,19,2319.614990234375,2427
3,2022,4,12,20,2328.968017578125,2399
3,2022,4,12,21,2203.9482421875,2278
3,2022,4,12,22,2035.050048828125,2118
3,2022,4,12,23,1888.153564453125,1974
3,2022,4,12,24,1790.7845458984375,1896
3,2022,4,13,1,1702.8763427734375,1835
3,2022,4,13,2,1643.501708984375,1787
3,2022,4,13,3,1656.2149658203125,1772
3,2022,4,13,4,1714.2523193359375,1831
3,2022,4,13,5,1833.1976318359375,1981
3,2022,4,13,6,1985.14697265625,2092
3,2022,4,13,7,2004.15478515625,2063
3,2022,4,13,8,1788.1683349609375,1871
3,2022,4,13,9,1592.49169921875,1710
3,2022,4,13,10,1448.5068359375,1616
3,2022,4,13,11,1387.5052490234375,1487
3,2022,4,13,12,1362.7669677734375,1351
3,2022,4,13,13,1383.3841552734375,1243
3,2022,4,13,14,1441.759033203125,1356
3,2022,4,13,15,1580.940673828125,1443
3,2022,4,13,16,1734.3546142578125,1685
3,2022,4,13,17,1984.869384765625,2015
3,2022,4,13,18,2176.394287109375,2236
3,2022,4,13,19,2341.279541015625,2413
3,2022,4,13,20,2326.73583984375,2401
3,2022,4,13,21,2204.0966796875,2309
3,2022,4,13,22,2033.7158203125,2116
3,2022,4,13,23,1880.0501708984375,1958
3,2022,4,13,24,1798.59765625,1905
3,2022,4,14,1,1716.5950927734375,1836
3,2022,4,14,2,1720.68798828125,1793
3,2022,4,14,3,1681.07568359375,1780
3,2022,4,14,4,1739.6624755859375,1832
3,2022,4,14,5,1844.484619140625,1966
3,2022,4,14,6,1990.0382080078125,2076
3,2022,4,14,7,1985.312255859375,2023
3,2022,4,14,8,1792.2054443359375,1874
3,2022,4,14,9,1639.8765869140625,1690
3,2022,4,14,10,1498.3673095703125,1534
3,2022,4,14,11,1385.334228515625,1517
3,2022,4,14,12,1365.7489013671875,1377
3,2022,4,14,13,1395.625732421875,1374
3,2022,4,14,14,1441.759033203125,1386
3,2022,4,14,15,1580.858154296875,1444
3,2022,4,14,16,1753.311279296875,1738
3,2022,4,14,17,1996.033935546875,2077
3,2022,4,14,18,2205.0615234375,2257
3,2022,4,14,19,2352.332763671875,2412
3,2022,4,14,20,2329.985595703125,2393
3,2022,4,14,21,2205.53173828125,2278
3,2022,4,14,22,2039.172119140625,2117
3,2022,4,14,23,1857.799560546875,2007
3,2022,4,14,24,1813.439208984375,1903
3,2022,4,15,1,1704.7113037109375,1832
3,2022,4,15,2,1693.8363037109375,1793
3,2022,4,15,3,1655.066650390625,1787
3,2022,4,15,4,1704.74951171875,1811
3,2022,4,15,5,1813.4681396484375,1900
3,2022,4,15,6,1940.4971923828125,2011
3,2022,4,15,7,1937.2313232421875,2067
3,2022,4,15,8,1827.61083984375,1991
3,2022,4,15,9,1762.688720703125,1736
3,2022,4,15,10,1512.6458740234375,1633
3,2022,4,15,11,1409.316650390625,1481
3,2022,4,15,12,1394.635009765625,1317
3,2022,4,15,13,1419.5067138671875,1174
3,2022,4,15,14,1474.482666015625,1324
3,2022,4,15,15,1627.4510498046875,1452
3,2022,4,15,16,1853.314208984375,1726
3,2022,4,15,17,2010.1429443359375,2018
3,2022,4,15,18,2224.95947265625,2285
3,2022,4,15,19,2346.138671875,2391
3,2022,4,15,20,2338.6669921875,2347
3,2022,4,15,21,2236.9951171875,2253
3,2022,4,15,22,2091.612060546875,2124
3,2022,4,15,23,1941.111572265625,2010
3,2022,4,15,24,1817.8519287109375,1915
3,2022,4,16,1,1708.6263427734375,1835
3,2022,4,16,2,1630.5233154296875,1773
3,2022,4,16,3,1621.02783203125,1738
3,2022,4,16,4,1660.3656005859375,1734
3,2022,4,16,5,1680.3753662109375,1761
3,2022,4,16,6,1701.60791015625,1800
3,2022,4,16,7,1666.3045654296875,1852
3,2022,4,16,8,1701.320068359375,1826
3,2022,4,16,9,1715.6005859375,1831
3,2022,4,16,10,1580.7496337890625,1659
3,2022,4,16,11,1466.250244140625,1404
3,2022,4,16,12,1419.0726318359375,1257
3,2022,4,16,13,1293.310302734375,1089
3,2022,4,16,14,1232.356689453125,1118
3,2022,4,16,15,1408.921875,1267
3,2022,4,16,16,1584.27587890625,1509
3,2022,4,16,17,1892.9609375,1810
3,2022,4,16,18,2109.8017578125,2071
3,2022,4,16,19,2226.06201171875,2282
3,2022,4,16,20,2241.109130859375,2292
3,2022,4,16,21,2161.816162109375,2207
3,2022,4,16,22,2055.681884765625,2072
3,2022,4,16,23,1916.6737060546875,1943
3,2022,4,16,24,1813.7490234375,1881
3,2022,4,17,1,1741.61572265625,1838
3,2022,4,17,2,1718.164306640625,1780
3,2022,4,17,3,1652.3516845703125,1747
3,2022,4,17,4,1655.5723876953125,1743
3,2022,4,17,5,1659.5333251953125,1726
3,2022,4,17,6,1684.604736328125,1729
3,2022,4,17,7,1655.50732421875,1693
3,2022,4,17,8,1637.4949951171875,1517
3,2022,4,17,9,1513.7734375,1355
3,2022,4,17,10,1370.89794921875,1300
3,2022,4,17,11,1289.045654296875,1173
3,2022,4,17,12,1225.147216796875,1086
3,2022,4,17,13,1199.932373046875,1036
3,2022,4,17,14,1251.4814453125,1090
3,2022,4,17,15,1396.9737548828125,1216
3,2022,4,17,16,1606.0294189453125,1460
3,2022,4,17,17,1850.76708984375,1768
3,2022,4,17,18,2100.707275390625,2062
3,2022,4,17,19,2263.382080078125,2264
3,2022,4,17,20,2247.26318359375,2273
3,2022,4,17,21,2124.9912109375,2180
3,2022,4,17,22,1981.4227294921875,2023
3,2022,4,17,23,1868.4830322265625,1901
3,2022,4,17,24,1783.218994140625,1862
3,2022,4,18,1,1704.7113037109375,1778
3,2022,4,18,2,1686.75830078125,1739
3,2022,4,18,3,1660.266357421875,1727
3,2022,4,18,4,1708.379150390625,1773
3,2022,4,18,5,1813.0194091796875,1894
3,2022,4,18,6,1930.0665283203125,2043
3,2022,4,18,7,2005.3323974609375,2065
3,2022,4,18,8,1916.82421875,2013
3,2022,4,18,9,1724.4202880859375,1764
3,2022,4,18,10,1533.781005859375,1458
3,2022,4,18,11,1443.8648681640625,1418
3,2022,4,18,12,1414.2296142578125,1427
3,2022,4,18,13,1451.86083984375,1441
3,2022,4,18,14,1510.04296875,1513
3,2022,4,18,15,1649.9219970703125,1667
3,2022,4,18,16,1891.41357421875,1881
3,2022,4,18,17,2095.616943359375,2132
3,2022,4,18,18,2257.423828125,2392
3,2022,4,18,19,2362.581787109375,2529
3,2022,4,18,20,2367.856689453125,2487
3,2022,4,18,21,2259.1669921875,2354
3,2022,4,18,22,2108.215576171875,2174
3,2022,4,18,23,1953.439697265625,2038
3,2022,4,18,24,1846.1729736328125,1964
3,2022,4,19,1,1742.179443359375,1890
3,2022,4,19,2,1718.45947265625,1830
3,2022,4,19,3,1667.20849609375,1810
3,2022,4,19,4,1712.19873046875,1836
3,2022,4,19,5,1808.146484375,1952
3,2022,4,19,6,1897.254150390625,2056
3,2022,4,19,7,1907.3052978515625,2028
3,2022,4,19,8,1902.884765625,1835
3,2022,4,19,9,1725.2498779296875,1717
3,2022,4,19,10,1504.3319091796875,1584
3,2022,4,19,11,1435.9508056640625,1541
3,2022,4,19,12,1411.7388916015625,1437
3,2022,4,19,13,1450.56494140625,1414
3,2022,4,19,14,1462.8895263671875,1428
3,2022,4,19,15,1600.734130859375,1580
3,2022,4,19,16,1824.8284912109375,1750
3,2022,4,19,17,2007.142333984375,2082
3,2022,4,19,18,2223.818603515625,2327
3,2022,4,19,19,2403.114990234375,2496
3,2022,4,19,20,2335.86083984375,2445
3,2022,4,19,21,2243.98681640625,2329
3,2022,4,19,22,2108.459228515625,2159
3,2022,4,19,23,1951.8099365234375,2011
3,2022,4,19,24,1846.1729736328125,1959
3,2022,4,20,1,1742.93115234375,1915
3,2022,4,20,2,1715.0760498046875,1871
3,2022,4,20,3,1674.086669921875,1827
3,2022,4,20,4,1717.3338623046875,1825
3,2022,4,20,5,1807.244873046875,1943
3,2022,4,20,6,1897.0557861328125,2054
3,2022,4,20,7,1862.2193603515625,1970
3,2022,4,20,8,1829.99853515625,1887
3,2022,4,20,9,1723.0740966796875,1760
3,2022,4,20,10,1566.913330078125,1671
3,2022,4,20,11,1471.7779541015625,1503
3,2022,4,20,12,1484.53076171875,1392
3,2022,4,20,13,1401.3470458984375,1410
3,2022,4,20,14,1454.606689453125,1358
3,2022,4,20,15,1602.5560302734375,1515
3,2022,4,20,16,1798.2760009765625,1743
3,2022,4,20,17,2012.2109375,2007
3,2022,4,20,18,2205.30126953125,2234
3,2022,4,20,19,2339.475341796875,2425
3,2022,4,20,20,2346.445068359375,2415
3,2022,4,20,21,2215.231201171875,2295
3,2022,4,20,22,2039.4576416015625,2121
3,2022,4,20,23,1873.5338134765625,1988
3,2022,4,20,24,1778.3953857421875,1963
3,2022,4,21,1,1660.099609375,1921
3,2022,4,21,2,1692.1339111328125,1837
3,2022,4,21,3,1663.4788818359375,1808
3,2022,4,21,4,1704.74951171875,1819
3,2022,4,21,5,1807.6875,1928
3,2022,4,21,6,1945.0242919921875,2004
3,2022,4,21,7,1942.063232421875,1923
3,2022,4,21,8,1831.3828125,1842
3,2022,4,21,9,1615.71875,1763
3,2022,4,21,10,1458.317138671875,1594
3,2022,4,21,11,1393.581298828125,1436
3,2022,4,21,12,1369.4853515625,1352
3,2022,4,21,13,1395.625732421875,1272
3,2022,4,21,14,1441.759033203125,1308
3,2022,4,21,15,1578.5933837890625,1494
3,2022,4,21,16,1758.4068603515625,1712
3,2022,4,21,17,1996.033935546875,1921
3,2022,4,21,18,2205.844482421875,2221
3,2022,4,21,19,2343.16064453125,2358
3,2022,4,21,20,2342.330078125,2352
3,2022,4,21,21,2245.203857421875,2221
3,2022,4,21,22,2108.919921875,2055
3,2022,4,21,23,1954.6580810546875,1915
3,2022,4,21,24,1846.1729736328125,1891
3,2022,4,22,1,1742.179443359375,1833
3,2022,4,22,2,1705.9267578125,1780
3,2022,4,22,3,1660.29638671875,1781
3,2022,4,22,4,1712.857177734375,1845
3,2022,4,22,5,1805.1710205078125,1865
3,2022,4,22,6,1937.259033203125,1990
3,2022,4,22,7,2008.50048828125,1962
3,2022,4,22,8,2037.8848876953125,1905
3,2022,4,22,9,1791.627685546875,1847
3,2022,4,22,10,1564.1873779296875,1664
3,2022,4,22,11,1430.2353515625,1545
3,2022,4,22,12,1365.2584228515625,1510
3,2022,4,22,13,1387.6983642578125,1299
3,2022,4,22,14,1397.199951171875,1277
3,2022,4,22,15,1567.806396484375,1401
3,2022,4,22,16,1816.3387451171875,1602
3,2022,4,22,17,1988.8966064453125,1936
3,2022,4,22,18,2196.655029296875,2136
3,2022,4,22,19,2319.2275390625,2303
3,2022,4,22,20,2290.5126953125,2317
3,2022,4,22,21,2205.32568359375,2219
3,2022,4,22,22,2031.9354248046875,2068
3,2022,4,22,23,1893.0496826171875,1939
3,2022,4,22,24,1793.80322265625,1887
3,2022,4,23,1,1672.09423828125,1816
3,2022,4,23,2,1642.535888671875,1751
3,2022,4,23,3,1640.62939453125,1717
3,2022,4,23,4,1659.0977783203125,1719
3,2022,4,23,5,1688.3248291015625,1758
3,2022,4,23,6,1727.2567138671875,1722
3,2022,4,23,7,1674.20703125,1585
3,2022,4,23,8,1477.8004150390625,1463
3,2022,4,23,9,1331.4708251953125,1433
3,2022,4,23,10,1243.5400390625,1274
3,2022,4,23,11,1213.6544189453125,1131
3,2022,4,23,12,1191.9346923828125,986
3,2022,4,23,13,1182.29638671875,982
3,2022,4,23,14,1224.6571044921875,1120
3,2022,4,23,15,1391.7108154296875,1292
3,2022,4,23,16,1542.029296875,1536
3,2022,4,23,17,1855.4808349609375,1822
3,2022,4,23,18,2122.361572265625,2042
3,2022,4,23,19,2249.310791015625,2244
3,2022,4,23,20,2267.841552734375,2258
3,2022,4,23,21,2185.117431640625,2168
3,2022,4,23,22,2055.681884765625,2032
3,2022,4,23,23,1918.303466796875,1914
3,2022,4,23,24,1801.977783203125,1844
3,2022,4,24,1,1729.7774658203125,1774
3,2022,4,24,2,1714.640625,1713
3,2022,4,24,3,1682.113525390625,1678
3,2022,4,24,4,1651.5474853515625,1688
3,2022,4,24,5,1691.1951904296875,1693
3,2022,4,24,6,1737.23876953125,1656
3,2022,4,24,7,1677.79345703125,1538
3,2022,4,24,8,1446.47607421875,1430
3,2022,4,24,9,1363.7005615234375,1349
3,2022,4,24,10,1366.15283203125,1189
3,2022,4,24,11,1328.6187744140625,1072
3,2022,4,24,12,1378.1494140625,1040
3,2022,4,24,13,1475.301513671875,1108
3,2022,4,24,14,1725.780029296875,1126
3,2022,4,24,15,1946.9044189453125,1285
3,2022,4,24,16,2236.37548828125,1593
3,2022,4,24,17,2346.524658203125,1955
3,2022,4,24,18,2451.780029296875,2262
3,2022,4,24,19,2626.291015625,2433
3,2022,4,24,20,2538.92236328125,2416
3,2022,4,24,21,2375.521484375,2302
3,2022,4,24,22,2180.07958984375,2123
3,2022,4,24,23,2038.7777099609375,1957
3,2022,4,24,24,1940.0711669921875,1893
3,2022,4,25,1,1791.7139892578125,1805
3,2022,4,25,2,1707.0057373046875,1764
3,2022,4,25,3,1674.5306396484375,1735
3,2022,4,25,4,1700.191162109375,1777
3,2022,4,25,5,1788.758056640625,1880
3,2022,4,25,6,1950.3104248046875,1932
3,2022,4,25,7,1989.6656494140625,1877
3,2022,4,25,8,1749.4468994140625,1830
3,2022,4,25,9,1664.8992919921875,1821
3,2022,4,25,10,1731.3223876953125,1721
3,2022,4,25,11,1737.9703369140625,1657
3,2022,4,25,12,1817.7540283203125,1658
3,2022,4,25,13,1944.23388671875,1710
3,2022,4,25,14,2078.99169921875,1754
3,2022,4,25,15,2137.283203125,1927
3,2022,4,25,16,2218.487060546875,2160
3,2022,4,25,17,2419.6650390625,2459
3,2022,4,25,18,2603.3828125,2612
3,2022,4,25,19,2646.234619140625,2697
3,2022,4,25,20,2587.3359375,2608
3,2022,4,25,21,2368.598876953125,2430
3,2022,4,25,22,2174.00634765625,2223
3,2022,4,25,23,1999.138427734375,2043
3,2022,4,25,24,1865.0029296875,1956
3,2022,4,26,1,1741.447021484375,1876
3,2022,4,26,2,1716.553955078125,1847
3,2022,4,26,3,1689.4105224609375,1827
3,2022,4,26,4,1716.3494873046875,1834
3,2022,4,26,5,1807.244873046875,1914
3,2022,4,26,6,1924.0357666015625,1946
3,2022,4,26,7,1915.1513671875,1911
3,2022,4,26,8,1760.0047607421875,1901
3,2022,4,26,9,1621.36572265625,1785
3,2022,4,26,10,1637.9400634765625,1586
3,2022,4,26,11,1658.9317626953125,1405
3,2022,4,26,12,1607.0281982421875,1416
3,2022,4,26,13,1586.524658203125,1525
3,2022,4,26,14,1727.395263671875,1631
3,2022,4,26,15,1722.7432861328125,1890
3,2022,4,26,16,1895.10595703125,2084
3,2022,4,26,17,2098.023681640625,2227
3,2022,4,26,18,2247.481201171875,2383
3,2022,4,26,19,2423.240478515625,2497
3,2022,4,26,20,2381.723388671875,2462
3,2022,4,26,21,2265.896728515625,2326
3,2022,4,26,22,2100.2646484375,2143
3,2022,4,26,23,1936.708251953125,2020
3,2022,4,26,24,1839.483154296875,1914
3,2022,4,27,1,1739.4381103515625,1836
3,2022,4,27,2,1705.9267578125,1783
3,2022,4,27,3,1670.4556884765625,1764
3,2022,4,27,4,1710.8448486328125,1798
3,2022,4,27,5,1816.0616455078125,1925
3,2022,4,27,6,1897.6959228515625,1995
3,2022,4,27,7,1894.701171875,1970
3,2022,4,27,8,1840.3714599609375,1938
3,2022,4,27,9,1690.708251953125,1691
3,2022,4,27,10,1582.9300537109375,1438
3,2022,4,27,11,1480.4005126953125,1320
3,2022,4,27,12,1414.191650390625,1323
3,2022,4,27,13,1413.26171875,1523
3,2022,4,27,14,1467.05859375,1638
3,2022,4,27,15,1605.779296875,1758
3,2022,4,27,16,1789.04541015625,1753
3,2022,4,27,17,1995.9569091796875,1932
3,2022,4,27,18,2198.56689453125,2218
3,2022,4,27,19,2357.3017578125,2393
3,2022,4,27,20,2351.244873046875,2391
3,2022,4,27,21,2218.872314453125,2262
3,2022,4,27,22,2041.1258544921875,2082
3,2022,4,27,23,1906.4697265625,1941
3,2022,4,27,24,1790.4786376953125,1880
3,2022,4,28,1,1717.4505615234375,1811
3,2022,4,28,2,1656.3048095703125,1763
3,2022,4,28,3,1644.8975830078125,1744
3,2022,4,28,4,1712.272705078125,1784
3,2022,4,28,5,1820.5577392578125,1907
3,2022,4,28,6,1949.68310546875,2040
3,2022,4,28,7,1937.57373046875,2070
3,2022,4,28,8,1958.5357666015625,2037
3,2022,4,28,9,2065.510009765625,1905
3,2022,4,28,10,1919.0733642578125,1762
3,2022,4,28,11,1764.9619140625,1610
3,2022,4,28,12,1564.998779296875,1525
3,2022,4,28,13,1384.44677734375,1629
3,2022,4,28,14,1421.79248046875,1672
3,2022,4,28,15,1575.0721435546875,1878
3,2022,4,28,16,1758.931884765625,1944
3,2022,4,28,17,1983.6639404296875,2162
3,2022,4,28,18,2193.956298828125,2309
3,2022,4,28,19,2341.22265625,2402
3,2022,4,28,20,2355.475341796875,2376
3,2022,4,28,21,2238.03466796875,2259
3,2022,4,28,22,2087.638916015625,2090
3,2022,4,28,23,1936.708251953125,1954
3,2022,4,28,24,1839.483154296875,1891
3,2022,4,29,1,1738.8563232421875,1863
3,2022,4,29,2,1648.71435546875,1812
3,2022,4,29,3,1642.6353759765625,1774
3,2022,4,29,4,1714.2596435546875,1772
3,2022,4,29,5,1828.71240234375,1862
3,2022,4,29,6,1934.2288818359375,1935
3,2022,4,29,7,1981.356689453125,1912
3,2022,4,29,8,1763.1431884765625,1757
3,2022,4,29,9,1588.9228515625,1704
3,2022,4,29,10,1437.72607421875,1600
3,2022,4,29,11,1406.657470703125,1439
3,2022,4,29,12,1370.382080078125,1326
3,2022,4,29,13,1383.3961181640625,1243
3,2022,4,29,14,1448.7177734375,1328
3,2022,4,29,15,1607.161376953125,1537
3,2022,4,29,16,1803.3983154296875,1773
3,2022,4,29,17,2026.233154296875,2062
3,2022,4,29,18,2262.2626953125,2293
3,2022,4,29,19,2455.389892578125,2352
3,2022,4,29,20,2387.935791015625,2344
3,2022,4,29,21,2265.896728515625,2249
3,2022,4,29,22,2108.919921875,2110
3,2022,4,29,23,1954.6580810546875,1983
3,2022,4,29,24,1846.1729736328125,1906
3,2022,4,30,1,1737.5408935546875,1857
3,2022,4,30,2,1647.6846923828125,1766
3,2022,4,30,3,1628.8533935546875,1748
3,2022,4,30,4,1656.3543701171875,1732
3,2022,4,30,5,1685.5404052734375,1726
3,2022,4,30,6,1727.984130859375,1703
3,2022,4,30,7,1692.853759765625,1662
3,2022,4,30,8,1476.5452880859375,1612
3,2022,4,30,9,1357.3553466796875,1472
3,2022,4,30,10,1261.6903076171875,1288
3,2022,4,30,11,1229.03662109375,1213
3,2022,4,30,12,1190.0616455078125,1223
3,2022,4,30,13,1156.7938232421875,1283
3,2022,4,30,14,1262.2786865234375,1246
3,2022,4,30,15,1411.1324462890625,1302
3,2022,4,30,16,1597.4168701171875,1599
3,2022,4,30,17,1925.7064208984375,1921
3,2022,4,30,18,2133.66650390625,2177
3,2022,4,30,19,2296.78515625,2285
3,2022,4,30,20,2306.38818359375,2296
3,2022,4,30,21,2244.67529296875,2213
3,2022,4,30,22,2055.438232421875,2097
3,2022,4,30,23,1918.303466796875,1970
3,2022,4,30,24,1813.7490234375,1868
3,2022,5,1,1,1786.6456298828125,1807
3,2022,5,1,2,1734.0140380859375,1741
3,2022,5,1,3,1694.841552734375,1706
3,2022,5,1,4,1692.9775390625,1712
3,2022,5,1,5,1703.1195068359375,1701
3,2022,5,1,6,1732.6192626953125,1696
3,2022,5,1,7,1777.344970703125,1749
3,2022,5,1,8,1756.2275390625,1808
3,2022,5,1,9,1636.153076171875,1583
3,2022,5,1,10,1552.101318359375,1289
3,2022,5,1,11,1385.3343505859375,1135
3,2022,5,1,12,1280.9571533203125,1114
3,2022,5,1,13,1305.0048828125,1180
3,2022,5,1,14,1408.016845703125,1249
3,2022,5,1,15,1526.7220458984375,1368
3,2022,5,1,16,1727.231689453125,1694
3,2022,5,1,17,2017.672607421875,1986
3,2022,5,1,18,2132.809326171875,2135
3,2022,5,1,19,2217.662841796875,2269
3,2022,5,1,20,2293.656494140625,2269
3,2022,5,1,21,2198.06494140625,2165
3,2022,5,1,22,2060.89794921875,2011
3,2022,5,1,23,1917.7220458984375,1871
3,2022,5,1,24,1836.791748046875,1828
3,2022,5,2,1,1788.5673828125,1780
3,2022,5,2,2,1736.8895263671875,1742
3,2022,5,2,3,1715.2012939453125,1710
3,2022,5,2,4,1747.0880126953125,1751
3,2022,5,2,5,1831.1881103515625,1865
3,2022,5,2,6,1954.6053466796875,1968
3,2022,5,2,7,2043.3994140625,2055
3,2022,5,2,8,1982.9044189453125,2006
3,2022,5,2,9,1831.7677001953125,1830
3,2022,5,2,10,1697.786376953125,1686
3,2022,5,2,11,1520.0311279296875,1451
3,2022,5,2,12,1453.7066650390625,1375
3,2022,5,2,13,1477.9114990234375,1404
3,2022,5,2,14,1567.4405517578125,1472
3,2022,5,2,15,1693.5745849609375,1531
3,2022,5,2,16,1887.548828125,1798
3,2022,5,2,17,2099.964599609375,2132
3,2022,5,2,18,2229.00341796875,2301
3,2022,5,2,19,2351.05712890625,2424
3,2022,5,2,20,2382.43505859375,2384
3,2022,5,2,21,2281.65576171875,2284
3,2022,5,2,22,2135.694580078125,2124
3,2022,5,2,23,1978.5443115234375,1956
3,2022,5,2,24,1894.5081787109375,1913
3,2022,5,3,1,1793.2093505859375,1833
3,2022,5,3,2,1737.8636474609375,1774
3,2022,5,3,3,1712.971435546875,1743
3,2022,5,3,4,1747.0880126953125,1783
3,2022,5,3,5,1812.956298828125,1890
3,2022,5,3,6,1879.68408203125,2029
3,2022,5,3,7,2063.844970703125,2182
3,2022,5,3,8,2118.202880859375,2190
3,2022,5,3,9,2183.850341796875,2195
3,2022,5,3,10,2026.416259765625,2016
3,2022,5,3,11,1980.4898681640625,1725
3,2022,5,3,12,1824.6319580078125,1409
3,2022,5,3,13,1612.8255615234375,1415
3,2022,5,3,14,1594.155029296875,1400
3,2022,5,3,15,1690.1783447265625,1482
3,2022,5,3,16,1885.8505859375,1755
3,2022,5,3,17,2101.729248046875,2043
3,2022,5,3,18,2237.767333984375,2316
3,2022,5,3,19,2361.68310546875,2448
3,2022,5,3,20,2383.950439453125,2369
3,2022,5,3,21,2287.54638671875,2251
3,2022,5,3,22,2136.907470703125,2074
3,2022,5,3,23,1974.0628662109375,1934
3,2022,5,3,24,1882.6614990234375,1884
3,2022,5,4,1,1787.951171875,1838
3,2022,5,4,2,1738.0208740234375,1750
3,2022,5,4,3,1719.029296875,1730
3,2022,5,4,4,1746.2972412109375,1765
3,2022,5,4,5,1832.050048828125,1868
3,2022,5,4,6,1957.7823486328125,1953
3,2022,5,4,7,2004.534912109375,1909
3,2022,5,4,8,1774.4007568359375,1814
3,2022,5,4,9,1658.1943359375,1667
3,2022,5,4,10,1564.34619140625,1489
3,2022,5,4,11,1464.7164306640625,1360
3,2022,5,4,12,1501.994140625,1326
3,2022,5,4,13,1529.2449951171875,1362
3,2022,5,4,14,1576.814208984375,1393
3,2022,5,4,15,1744.7447509765625,1533
3,2022,5,4,16,1931.8260498046875,1835
3,2022,5,4,17,2148.184326171875,2206
3,2022,5,4,18,2328.88818359375,2363
3,2022,5,4,19,2446.2265625,2468
3,2022,5,4,20,2407.27001953125,2461
3,2022,5,4,21,2283.629638671875,2345
3,2022,5,4,22,2123.323974609375,2148
3,2022,5,4,23,1965.290283203125,1997
3,2022,5,4,24,1895.5380859375,1941
3,2022,5,5,1,1788.14208984375,1849
3,2022,5,5,2,1716.6336669921875,1789
3,2022,5,5,3,1721.2235107421875,1767
3,2022,5,5,4,1753.685791015625,1807
3,2022,5,5,5,1840.663330078125,1919
3,2022,5,5,6,1979.88037109375,2004
3,2022,5,5,7,2052.546142578125,2016
3,2022,5,5,8,2048.08203125,1893
3,2022,5,5,9,1858.3394775390625,1760
3,2022,5,5,10,1620.8602294921875,1649
3,2022,5,5,11,1546.396728515625,1615
3,2022,5,5,12,1503.94580078125,1604
3,2022,5,5,13,1536.502685546875,1514
3,2022,5,5,14,1552.7373046875,1623
3,2022,5,5,15,1757.3529052734375,1848
3,2022,5,5,16,1951.790771484375,2056
3,2022,5,5,17,2191.10009765625,2271
3,2022,5,5,18,2382.884033203125,2525
3,2022,5,5,19,2440.98388671875,2553
3,2022,5,5,20,2414.747802734375,2503
3,2022,5,5,21,2283.015869140625,2379
3,2022,5,5,22,2123.948486328125,2191
3,2022,5,5,23,1950.4012451171875,2069
3,2022,5,5,24,1864.0538330078125,1955
3,2022,5,6,1,1775.8951416015625,1880
3,2022,5,6,2,1727.5274658203125,1805
3,2022,5,6,3,1706.3060302734375,1778
3,2022,5,6,4,1735.4542236328125,1813
3,2022,5,6,5,1829.8619384765625,1898
3,2022,5,6,6,1967.658447265625,1946
3,2022,5,6,7,2040.9393310546875,1952
3,2022,5,6,8,1997.5267333984375,1918
3,2022,5,6,9,1809.712158203125,1775
3,2022,5,6,10,1641.453857421875,1604
3,2022,5,6,11,1556.422607421875,1450
3,2022,5,6,12,1621.8878173828125,1399
3,2022,5,6,13,1670.3282470703125,1449
3,2022,5,6,14,1801.5496826171875,1673
3,2022,5,6,15,1919.841552734375,1929
3,2022,5,6,16,2121.809326171875,2027
3,2022,5,6,17,2221.1943359375,2233
3,2022,5,6,18,2297.044921875,2392
3,2022,5,6,19,2419.427001953125,2457
3,2022,5,6,20,2407.53271484375,2458
3,2022,5,6,21,2283.015869140625,2357
3,2022,5,6,22,2123.948486328125,2206
3,2022,5,6,23,1950.4012451171875,2074
3,2022,5,6,24,1868.0611572265625,1977
3,2022,5,7,1,1773.447509765625,1912
3,2022,5,7,2,1722.4981689453125,1816
3,2022,5,7,3,1669.1947021484375,1783
3,2022,5,7,4,1679.82373046875,1788
3,2022,5,7,5,1674.41845703125,1784
3,2022,5,7,6,1654.73583984375,1788
3,2022,5,7,7,1688.9591064453125,1836
3,2022,5,7,8,1653.9010009765625,1686
3,2022,5,7,9,1542.5115966796875,1596
3,2022,5,7,10,1440.8193359375,1526
3,2022,5,7,11,1340.256103515625,1406
3,2022,5,7,12,1267.47509765625,1311
3,2022,5,7,13,1287.6424560546875,1199
3,2022,5,7,14,1348.7393798828125,1289
3,2022,5,7,15,1543.4610595703125,1445
3,2022,5,7,16,1750.0770263671875,1701
3,2022,5,7,17,1967.3271484375,2095
3,2022,5,7,18,2140.77685546875,2256
3,2022,5,7,19,2264.551513671875,2364
3,2022,5,7,20,2286.629150390625,2329
3,2022,5,7,21,2201.231689453125,2248
3,2022,5,7,22,2065.120849609375,2116
3,2022,5,7,23,1916.579345703125,1988
3,2022,5,7,24,1818.1534423828125,1922
3,2022,5,8,1,1773.405029296875,1852
3,2022,5,8,2,1714.3199462890625,1781
3,2022,5,8,3,1698.0904541015625,1726
3,2022,5,8,4,1699.87841796875,1716
3,2022,5,8,5,1706.8594970703125,1730
3,2022,5,8,6,1747.1849365234375,1716
3,2022,5,8,7,1792.9991455078125,1805
3,2022,5,8,8,1794.562744140625,1861
3,2022,5,8,9,1806.8978271484375,1786
3,2022,5,8,10,1701.3558349609375,1658
3,2022,5,8,11,1599.5943603515625,1526
3,2022,5,8,12,1471.0611572265625,1418
3,2022,5,8,13,1443.8197021484375,1317
3,2022,5,8,14,1460.109619140625,1392
3,2022,5,8,15,1573.3092041015625,1620
3,2022,5,8,16,1845.044677734375,1853
3,2022,5,8,17,2013.7098388671875,2047
3,2022,5,8,18,2139.370849609375,2176
3,2022,5,8,19,2234.10888671875,2269
3,2022,5,8,20,2276.624267578125,2241
3,2022,5,8,21,2197.970458984375,2153
3,2022,5,8,22,2063.276123046875,2003
3,2022,5,8,23,1916.3538818359375,1873
3,2022,5,8,24,1836.791748046875,1834
3,2022,5,9,1,1788.8173828125,1805
3,2022,5,9,2,1737.613037109375,1825
3,2022,5,9,3,1718.2989501953125,1800
3,2022,5,9,4,1748.2786865234375,1760
3,2022,5,9,5,1831.1881103515625,1879
3,2022,5,9,6,1952.06689453125,1956
3,2022,5,9,7,2053.797119140625,2081
3,2022,5,9,8,2024.729736328125,2079
3,2022,5,9,9,1862.7518310546875,1790
3,2022,5,9,10,1720.669677734375,1554
3,2022,5,9,11,1529.6416015625,1359
3,2022,5,9,12,1442.59619140625,1324
3,2022,5,9,13,1462.2183837890625,1339
3,2022,5,9,14,1505.7779541015625,1409
3,2022,5,9,15,1672.7608642578125,1521
3,2022,5,9,16,1807.12158203125,1728
3,2022,5,9,17,2065.305419921875,2005
3,2022,5,9,18,2215.44775390625,2219
3,2022,5,9,19,2345.639404296875,2361
3,2022,5,9,20,2375.767822265625,2390
3,2022,5,9,21,2280.14697265625,2269
3,2022,5,9,22,2128.230224609375,2090
3,2022,5,9,23,1966.2603759765625,1945
3,2022,5,9,24,1882.6614990234375,1887
3,2022,5,10,1,1793.9068603515625,1839
3,2022,5,10,2,1739.87060546875,1790
3,2022,5,10,3,1718.98583984375,1766
3,2022,5,10,4,1745.6236572265625,1805
3,2022,5,10,5,1831.7960205078125,1883
3,2022,5,10,6,1971.313232421875,1903
3,2022,5,10,7,1884.95654296875,1840
3,2022,5,10,8,1694.3558349609375,1765
3,2022,5,10,9,1628.1767578125,1715
3,2022,5,10,10,1484.5465087890625,1559
3,2022,5,10,11,1458.86767578125,1403
3,2022,5,10,12,1449.361572265625,1400
3,2022,5,10,13,1453.77001953125,1414
3,2022,5,10,14,1539.0333251953125,1473
3,2022,5,10,15,1689.04052734375,1483
3,2022,5,10,16,1857.427734375,1737
3,2022,5,10,17,2083.602294921875,2050
3,2022,5,10,18,2218.24609375,2267
3,2022,5,10,19,2367.11767578125,2364
3,2022,5,10,20,2374.657958984375,2389
3,2022,5,10,21,2287.61767578125,2274
3,2022,5,10,22,2137.17724609375,2102
3,2022,5,10,23,1979.025634765625,1960
3,2022,5,10,24,1881.2589111328125,1915
3,2022,5,11,1,1798.4808349609375,1869
3,2022,5,11,2,1744.4599609375,1837
3,2022,5,11,3,1736.82958984375,1817
3,2022,5,11,4,1752.1375732421875,1829
3,2022,5,11,5,1831.509033203125,1916
3,2022,5,11,6,1968.805908203125,1936
3,2022,5,11,7,1881.5885009765625,1904
3,2022,5,11,8,1695.4393310546875,1868
3,2022,5,11,9,1627.505126953125,1684
3,2022,5,11,10,1466.234130859375,1437
3,2022,5,11,11,1423.412353515625,1391
3,2022,5,11,12,1416.1224365234375,1379
3,2022,5,11,13,1410.92333984375,1301
3,2022,5,11,14,1432.910888671875,1305
3,2022,5,11,15,1624.615234375,1410
3,2022,5,11,16,1744.1229248046875,1732
3,2022,5,11,17,2060.4375,1970
3,2022,5,11,18,2199.61962890625,2236
3,2022,5,11,19,2279.445556640625,2349
3,2022,5,11,20,2371.843505859375,2383
3,2022,5,11,21,2280.922119140625,2269
3,2022,5,11,22,2124.017578125,2101
3,2022,5,11,23,1970.3829345703125,1950
3,2022,5,11,24,1882.6614990234375,1908
3,2022,5,12,1,1787.951171875,1842
3,2022,5,12,2,1744.97314453125,1807
3,2022,5,12,3,1726.9095458984375,1808
3,2022,5,12,4,1749.94580078125,1803
3,2022,5,12,5,1834.3779296875,1896
3,2022,5,12,6,1974.134033203125,1936
3,2022,5,12,7,1861.322998046875,1867
3,2022,5,12,8,1692.308837890625,1725
3,2022,5,12,9,1589.4283447265625,1709
3,2022,5,12,10,1612.603759765625,1488
3,2022,5,12,11,1611.0615234375,1343
3,2022,5,12,12,1592.8199462890625,1272
3,2022,5,12,13,1635.3035888671875,1287
3,2022,5,12,14,1745.8543701171875,1383
3,2022,5,12,15,1916.3236083984375,1591
3,2022,5,12,16,2126.400634765625,1861
3,2022,5,12,17,2408.31396484375,2264
3,2022,5,12,18,2517.13330078125,2406
3,2022,5,12,19,2574.620361328125,2477
3,2022,5,12,20,2572.343505859375,2444
3,2022,5,12,21,2390.69921875,2325
3,2022,5,12,22,2218.1826171875,2152
3,2022,5,12,23,2016.4996337890625,2039
3,2022,5,12,24,1869.6956787109375,1944
3,2022,5,13,1,1768.255859375,1970
3,2022,5,13,2,1715.2791748046875,1982
3,2022,5,13,3,1715.466796875,1989
3,2022,5,13,4,1747.0880126953125,1936
3,2022,5,13,5,1831.1881103515625,1863
3,2022,5,13,6,1957.7547607421875,1867
3,2022,5,13,7,1857.6373291015625,1821
3,2022,5,13,8,1761.726806640625,1776
3,2022,5,13,9,1720.7388916015625,1629
3,2022,5,13,10,1666.5911865234375,1507
3,2022,5,13,11,1655.2938232421875,1502
3,2022,5,13,12,1755.0771484375,1538
3,2022,5,13,13,1820.7191162109375,1561
3,2022,5,13,14,1981.83837890625,1708
3,2022,5,13,15,2153.081298828125,1845
3,2022,5,13,16,2460.264892578125,2064
3,2022,5,13,17,2645.1044921875,2328
3,2022,5,13,18,2639.891845703125,2525
3,2022,5,13,19,2657.723876953125,2593
3,2022,5,13,20,2629.1591796875,2543
3,2022,5,13,21,2486.1259765625,2426
3,2022,5,13,22,2286.197998046875,2258
3,2022,5,13,23,2072.374755859375,2085
3,2022,5,13,24,1932.9168701171875,1996
3,2022,5,14,1,1791.5218505859375,1902
3,2022,5,14,2,1728.520263671875,1810
3,2022,5,14,3,1699.2166748046875,1761
3,2022,5,14,4,1701.464599609375,1751
3,2022,5,14,5,1685.25537109375,1749
3,2022,5,14,6,1620.548095703125,1695
3,2022,5,14,7,1584.0751953125,1688
3,2022,5,14,8,1565.9898681640625,1711
3,2022,5,14,9,1660.6395263671875,1681
3,2022,5,14,10,1607.1328125,1596
3,2022,5,14,11,1776.9561767578125,1526
3,2022,5,14,12,1737.804443359375,1523
3,2022,5,14,13,1757.443603515625,1668
3,2022,5,14,14,2084.5537109375,1669
3,2022,5,14,15,2498.546142578125,1897
3,2022,5,14,16,2661.295166015625,2227
3,2022,5,14,17,3007.50537109375,2542
3,2022,5,14,18,2887.077880859375,2740
3,2022,5,14,19,2847.35498046875,2754
3,2022,5,14,20,2729.651123046875,2688
3,2022,5,14,21,2534.517578125,2551
3,2022,5,14,22,2378.857666015625,2359
3,2022,5,14,23,2222.47119140625,2166
3,2022,5,14,24,2080.72607421875,2060
3,2022,5,15,1,1933.8155517578125,1944
3,2022,5,15,2,1809.1790771484375,1856
3,2022,5,15,3,1718.3826904296875,1809
3,2022,5,15,4,1701.708251953125,1764
3,2022,5,15,5,1681.4276123046875,1735
3,2022,5,15,6,1620.940673828125,1653
3,2022,5,15,7,1584.3182373046875,1651
3,2022,5,15,8,1556.1217041015625,1601
3,2022,5,15,9,1653.7308349609375,1611
3,2022,5,15,10,1563.329833984375,1639
3,2022,5,15,11,1542.904541015625,1602
3,2022,5,15,12,1556.5404052734375,1489
3,2022,5,15,13,1614.5479736328125,1520
3,2022,5,15,14,1700.3585205078125,1551
3,2022,5,15,15,1817.3095703125,1694
3,2022,5,15,16,1883.42578125,1965
3,2022,5,15,17,2070.83056640625,2259
3,2022,5,15,18,2214.564697265625,2459
3,2022,5,15,19,2283.49755859375,2485
3,2022,5,15,20,2292.306396484375,2462
3,2022,5,15,21,2199.8525390625,2347
3,2022,5,15,22,2062.263427734375,2162
3,2022,5,15,23,1918.2821044921875,2015
3,2022,5,15,24,1818.1534423828125,1940
3,2022,5,16,1,1778.1728515625,1885
3,2022,5,16,2,1747.7637939453125,1837
3,2022,5,16,3,1719.607177734375,1823
3,2022,5,16,4,1756.7994384765625,1851
3,2022,5,16,5,1837.261474609375,1926
3,2022,5,16,6,1939.8013916015625,1991
3,2022,5,16,7,2019.808349609375,2039
3,2022,5,16,8,1996.267333984375,1960
3,2022,5,16,9,1736.379638671875,1840
3,2022,5,16,10,1568.5255126953125,1692
3,2022,5,16,11,1504.0496826171875,1641
3,2022,5,16,12,1523.7108154296875,1543
3,2022,5,16,13,1577.3359375,1514
3,2022,5,16,14,1642.286376953125,1598
3,2022,5,16,15,1802.9571533203125,1709
3,2022,5,16,16,1951.7796630859375,1961
3,2022,5,16,17,2146.070068359375,2269
3,2022,5,16,18,2273.944091796875,2479
3,2022,5,16,19,2403.7109375,2591
3,2022,5,16,20,2394.31884765625,2496
3,2022,5,16,21,2283.933837890625,2376
3,2022,5,16,22,2128.643310546875,2185
3,2022,5,16,23,1971.0555419921875,2035
3,2022,5,16,24,1868.6683349609375,1977
3,2022,5,17,1,1775.5767822265625,1907
3,2022,5,17,2,1715.529052734375,1842
3,2022,5,17,3,1718.8575439453125,1806
3,2022,5,17,4,1756.7481689453125,1845
3,2022,5,17,5,1847.67626953125,1946
3,2022,5,17,6,1973.182861328125,2059
3,2022,5,17,7,2053.8271484375,2244
3,2022,5,17,8,2099.705810546875,2267
3,2022,5,17,9,2025.0684814453125,2109
3,2022,5,17,10,1856.4613037109375,1808
3,2022,5,17,11,1606.8626708984375,1554
3,2022,5,17,12,1459.01220703125,1375
3,2022,5,17,13,1537.308349609375,1332
3,2022,5,17,14,1616.097900390625,1423
3,2022,5,17,15,1703.253662109375,1601
3,2022,5,17,16,1903.1688232421875,1863
3,2022,5,17,17,2099.964599609375,2143
3,2022,5,17,18,2231.03759765625,2411
3,2022,5,17,19,2381.815185546875,2579
3,2022,5,17,20,2384.577392578125,2550
3,2022,5,17,21,2283.933837890625,2350
3,2022,5,17,22,2132.648193359375,2161
3,2022,5,17,23,1977.297119140625,2035
3,2022,5,17,24,1897.1925048828125,2002
3,2022,5,18,1,1793.789306640625,1893
3,2022,5,18,2,1747.0614013671875,1829
3,2022,5,18,3,1723.1707763671875,1805
3,2022,5,18,4,1754.1036376953125,1834
3,2022,5,18,5,1843.8099365234375,1946
3,2022,5,18,6,1961.451904296875,2012
3,2022,5,18,7,2034.4564208984375,1969
3,2022,5,18,8,2009.5113525390625,1864
3,2022,5,18,9,1836.591064453125,1699
3,2022,5,18,10,1603.091552734375,1649
3,2022,5,18,11,1511.1376953125,1640
3,2022,5,18,12,1476.2320556640625,1550
3,2022,5,18,13,1477.5706787109375,1469
3,2022,5,18,14,1588.0433349609375,1559
3,2022,5,18,15,1688.034423828125,1761
3,2022,5,18,16,1865.93603515625,1911
3,2022,5,18,17,2105.925048828125,2247
3,2022,5,18,18,2254.166748046875,2386
3,2022,5,18,19,2382.872314453125,2470
3,2022,5,18,20,2382.8037109375,2510
3,2022,5,18,21,2283.933837890625,2386
3,2022,5,18,22,2135.694580078125,2211
3,2022,5,18,23,1978.5443115234375,2061
3,2022,5,18,24,1887.7843017578125,2025
3,2022,5,19,1,1788.5673828125,1977
3,2022,5,19,2,1740.53759765625,2025
3,2022,5,19,3,1719.308837890625,1994
3,2022,5,19,4,1747.0880126953125,1980
3,2022,5,19,5,1829.1365966796875,2024
3,2022,5,19,6,1926.796630859375,2116
3,2022,5,19,7,2028.348876953125,2192
3,2022,5,19,8,2045.609619140625,2112
3,2022,5,19,9,1884.4859619140625,1876
3,2022,5,19,10,1765.971923828125,1747
3,2022,5,19,11,1601.6553955078125,1592
3,2022,5,19,12,1522.3848876953125,1461
3,2022,5,19,13,1550.5609130859375,1530
3,2022,5,19,14,1669.3594970703125,1695
3,2022,5,19,15,1708.0540771484375,1914
3,2022,5,19,16,1929.016357421875,2126
3,2022,5,19,17,2141.94287109375,2302
3,2022,5,19,18,2261.78466796875,2376
3,2022,5,19,19,2393.935546875,2488
3,2022,5,19,20,2386.686279296875,2489
3,2022,5,19,21,2283.54296875,2344
3,2022,5,19,22,2134.629638671875,2168
3,2022,5,19,23,1977.297119140625,2033
3,2022,5,19,24,1897.1925048828125,1998
3,2022,5,20,1,1790.7381591796875,1978
3,2022,5,20,2,1748.868408203125,1992
3,2022,5,20,3,1719.3797607421875,2031
3,2022,5,20,4,1742.9954833984375,1964
3,2022,5,20,5,1830.7786865234375,1977
3,2022,5,20,6,1942.4271240234375,2082
3,2022,5,20,7,2049.193603515625,2201
3,2022,5,20,8,2117.76953125,2233
3,2022,5,20,9,2090.32421875,2221
3,2022,5,20,10,2047.17333984375,2163
3,2022,5,20,11,1869.1685791015625,2144
3,2022,5,20,12,1746.9307861328125,2190
3,2022,5,20,13,1721.46337890625,2106
3,2022,5,20,14,1826.349609375,2069
3,2022,5,20,15,1953.187255859375,2087
3,2022,5,20,16,2153.953369140625,2178
3,2022,5,20,17,2349.339111328125,2270
3,2022,5,20,18,2323.52001953125,2332
3,2022,5,20,19,2320.661865234375,2356
3,2022,5,20,20,2376.478271484375,2363
3,2022,5,20,21,2283.3203125,2278
3,2022,5,20,22,2133.134765625,2135
3,2022,5,20,23,1971.0555419921875,2010
3,2022,5,20,24,1872.6756591796875,1943
3,2022,5,21,1,1771.9473876953125,1883
3,2022,5,21,2,1722.4981689453125,1804
3,2022,5,21,3,1664.9661865234375,1768
3,2022,5,21,4,1679.30029296875,1765
3,2022,5,21,5,1672.5758056640625,1788
3,2022,5,21,6,1627.0592041015625,1817
3,2022,5,21,7,1679.9755859375,1905
3,2022,5,21,8,1621.7113037109375,1926
3,2022,5,21,9,1539.1044921875,1910
3,2022,5,21,10,1549.7393798828125,1877
3,2022,5,21,11,1520.372802734375,1870
3,2022,5,21,12,1638.4371337890625,1741
3,2022,5,21,13,1582.2340087890625,1793
3,2022,5,21,14,1420.987548828125,1925
3,2022,5,21,15,1543.7974853515625,1995
3,2022,5,21,16,1674.117431640625,2014
3,2022,5,21,17,1938.282470703125,2064
3,2022,5,21,18,2101.360107421875,2140
3,2022,5,21,19,2205.800048828125,2239
3,2022,5,21,20,2288.470458984375,2273
3,2022,5,21,21,2202.35107421875,2203
3,2022,5,21,22,2063.10107421875,2080
3,2022,5,21,23,1913.2847900390625,1964
3,2022,5,21,24,1821.055419921875,1899
3,2022,5,22,1,1774.136962890625,1836
3,2022,5,22,2,1722.7235107421875,1776
3,2022,5,22,3,1692.017578125,1766
3,2022,5,22,4,1700.158447265625,1721
3,2022,5,22,5,1710.5596923828125,1735
3,2022,5,22,6,1720.4549560546875,1782
3,2022,5,22,7,1653.9661865234375,1847
3,2022,5,22,8,1586.716552734375,1835
3,2022,5,22,9,1507.72705078125,1645
3,2022,5,22,10,1521.811767578125,1440
3,2022,5,22,11,1400.2310791015625,1242
3,2022,5,22,12,1296.7379150390625,1102
3,2022,5,22,13,1339.3006591796875,1148
3,2022,5,22,14,1408.8675537109375,1315
3,2022,5,22,15,1536.2957763671875,1505
3,2022,5,22,16,1699.76708984375,1741
3,2022,5,22,17,1935.7337646484375,1957
3,2022,5,22,18,2110.168212890625,2153
3,2022,5,22,19,2248.0849609375,2310
3,2022,5,22,20,2276.744140625,2357
3,2022,5,22,21,2200.050537109375,2271
3,2022,5,22,22,2071.71142578125,2122
3,2022,5,22,23,1937.0245361328125,1971
3,2022,5,22,24,1824.2733154296875,1918
3,2022,5,23,1,1775.8951416015625,1841
3,2022,5,23,2,1722.918212890625,1799
3,2022,5,23,3,1710.5528564453125,1807
3,2022,5,23,4,1741.1630859375,1886
3,2022,5,23,5,1829.8619384765625,1907
3,2022,5,23,6,1941.6839599609375,2052
3,2022,5,23,7,2042.2945556640625,2238
3,2022,5,23,8,2121.09814453125,2286
3,2022,5,23,9,2087.71484375,2168
3,2022,5,23,10,2022.1785888671875,1932
3,2022,5,23,11,1681.445068359375,1767
3,2022,5,23,12,1493.9000244140625,1663
3,2022,5,23,13,1486.626708984375,1593
3,2022,5,23,14,1591.3470458984375,1612
3,2022,5,23,15,1693.18359375,1690
3,2022,5,23,16,1878.239990234375,1867
3,2022,5,23,17,2089.47314453125,2105
3,2022,5,23,18,2224.589599609375,2268
3,2022,5,23,19,2374.43115234375,2386
3,2022,5,23,20,2380.148681640625,2421
3,2022,5,23,21,2280.922119140625,2322
3,2022,5,23,22,2126.179443359375,2160
3,2022,5,23,23,1970.065673828125,2014
3,2022,5,23,24,1884.1824951171875,1948
3,2022,5,24,1,1788.8173828125,1903
3,2022,5,24,2,1741.507568359375,1913
3,2022,5,24,3,1724.029052734375,1879
3,2022,5,24,4,1746.0738525390625,1845
3,2022,5,24,5,1829.1365966796875,1929
3,2022,5,24,6,1881.7862548828125,2064
3,2022,5,24,7,1987.487548828125,2253
3,2022,5,24,8,1966.3436279296875,2239
3,2022,5,24,9,1819.67138671875,1851
3,2022,5,24,10,1610.540771484375,1544
3,2022,5,24,11,1491.77490234375,1473
3,2022,5,24,12,1472.53515625,1508
3,2022,5,24,13,1501.712158203125,1514
3,2022,5,24,14,1568.17138671875,1553
3,2022,5,24,15,1692.45703125,1704
3,2022,5,24,16,1861.422607421875,1918
3,2022,5,24,17,2112.479736328125,2151
3,2022,5,24,18,2260.038818359375,2312
3,2022,5,24,19,2335.592529296875,2419
3,2022,5,24,20,2378.272216796875,2458
3,2022,5,24,21,2288.406494140625,2363
3,2022,5,24,22,2124.16162109375,2176
3,2022,5,24,23,1950.4012451171875,2029
3,2022,5,24,24,1864.0538330078125,1968
3,2022,5,25,1,1775.8951416015625,1896
3,2022,5,25,2,1722.918212890625,1825
3,2022,5,25,3,1695.487548828125,1807
3,2022,5,25,4,1733.330322265625,1840
3,2022,5,25,5,1827.7474365234375,1907
3,2022,5,25,6,1927.705810546875,1976
3,2022,5,25,7,1857.78173828125,2072
3,2022,5,25,8,1726.1181640625,2098
3,2022,5,25,9,1593.8328857421875,2005
3,2022,5,25,10,1520.5250244140625,1838
3,2022,5,25,11,1506.828369140625,1649
3,2022,5,25,12,1486.0133056640625,1586
3,2022,5,25,13,1490.9783935546875,1544
3,2022,5,25,14,1567.161376953125,1582
3,2022,5,25,15,1750.5703125,1693
3,2022,5,25,16,1951.7796630859375,1928
3,2022,5,25,17,2156.3544921875,2179
3,2022,5,25,18,2334.588134765625,2368
3,2022,5,25,19,2385.880615234375,2477
3,2022,5,25,20,2390.794921875,2503
3,2022,5,25,21,2288.182861328125,2403
3,2022,5,25,22,2123.323974609375,2221
3,2022,5,25,23,1950.4012451171875,2057
3,2022,5,25,24,1868.0611572265625,1978
3,2022,5,26,1,1775.5767822265625,1917
3,2022,5,26,2,1716.6336669921875,1851
3,2022,5,26,3,1721.2235107421875,1841
3,2022,5,26,4,1756.58154296875,1848
3,2022,5,26,5,1844.6845703125,1937
3,2022,5,26,6,1925.9345703125,2072
3,2022,5,26,7,2000.5733642578125,2196
3,2022,5,26,8,2000.659912109375,2060
3,2022,5,26,9,1802.249755859375,1739
3,2022,5,26,10,1611.3731689453125,1546
3,2022,5,26,11,1550.4130859375,1545
3,2022,5,26,12,1506.2069091796875,1528
3,2022,5,26,13,1513.7313232421875,1504
3,2022,5,26,14,1588.0433349609375,1609
3,2022,5,26,15,1688.034423828125,1865
3,2022,5,26,16,1855.4833984375,2002
3,2022,5,26,17,2101.12646484375,2187
3,2022,5,26,18,2276.08154296875,2291
3,2022,5,26,19,2399.782470703125,2402
3,2022,5,26,20,2381.422607421875,2431
3,2022,5,26,21,2287.370849609375,2357
3,2022,5,26,22,2128.643310546875,2213
3,2022,5,26,23,1971.0555419921875,2053
3,2022,5,26,24,1868.6683349609375,1983
3,2022,5,27,1,1774.119140625,1926
3,2022,5,27,2,1722.1524658203125,1933
3,2022,5,27,3,1710.5528564453125,1842
3,2022,5,27,4,1741.97119140625,1844
3,2022,5,27,5,1833.8563232421875,1915
3,2022,5,27,6,1927.998046875,2027
3,2022,5,27,7,2005.0091552734375,2200
3,2022,5,27,8,2052.544921875,2301
3,2022,5,27,9,1986.5384521484375,2207
3,2022,5,27,10,1762.54150390625,1968
3,2022,5,27,11,1615.492431640625,1541
3,2022,5,27,12,1571.083251953125,1354
3,2022,5,27,13,1571.2086181640625,1351
3,2022,5,27,14,1627.435546875,1417
3,2022,5,27,15,1690.2161865234375,1585
3,2022,5,27,16,1870.91943359375,1842
3,2022,5,27,17,2103.010498046875,2083
3,2022,5,27,18,2267.108154296875,2232
3,2022,5,27,19,2366.174072265625,2346
3,2022,5,27,20,2376.0634765625,2386
3,2022,5,27,21,2289.89111328125,2313
3,2022,5,27,22,2126.62353515625,2195
3,2022,5,27,23,1957.8692626953125,2042
3,2022,5,27,24,1868.0611572265625,1983
3,2022,5,28,1,1768.0721435546875,1929
3,2022,5,28,2,1703.997802734375,1822
3,2022,5,28,3,1653.3232421875,1810
3,2022,5,28,4,1681.9384765625,1814
3,2022,5,28,5,1668.3095703125,1809
3,2022,5,28,6,1590.2314453125,1903
3,2022,5,28,7,1648.9222412109375,1976
3,2022,5,28,8,1711.332275390625,2008
3,2022,5,28,9,1775.189697265625,2009
3,2022,5,28,10,1722.0916748046875,2076
3,2022,5,28,11,1883.044677734375,1955
3,2022,5,28,12,1710.4488525390625,1712
3,2022,5,28,13,1605.0537109375,1657
3,2022,5,28,14,1569.8917236328125,1609
3,2022,5,28,15,1634.179443359375,1651
3,2022,5,28,16,1768.791748046875,1756
3,2022,5,28,17,1982.5113525390625,1987
3,2022,5,28,18,2120.552490234375,2166
3,2022,5,28,19,2250.330078125,2223
3,2022,5,28,20,2283.23291015625,2253
3,2022,5,28,21,2202.35107421875,2203
3,2022,5,28,22,2065.120849609375,2089
3,2022,5,28,23,1927.978759765625,1966
3,2022,5,28,24,1825.669921875,1904
3,2022,5,29,1,1772.8095703125,1837
3,2022,5,29,2,1707.290283203125,1778
3,2022,5,29,3,1659.7607421875,1744
3,2022,5,29,4,1679.30029296875,1756
3,2022,5,29,5,1669.037353515625,1765
3,2022,5,29,6,1608.7467041015625,1838
3,2022,5,29,7,1644.2314453125,1889
3,2022,5,29,8,1711.0225830078125,1814
3,2022,5,29,9,1734.52294921875,1578
3,2022,5,29,10,1624.228515625,1253
3,2022,5,29,11,1496.42333984375,1006
3,2022,5,29,12,1395.326416015625,864
3,2022,5,29,13,1319.824462890625,868
3,2022,5,29,14,1374.395263671875,1001
3,2022,5,29,15,1521.608642578125,1164
3,2022,5,29,16,1747.173095703125,1426
3,2022,5,29,17,1960.9951171875,1788
3,2022,5,29,18,2131.609130859375,2054
3,2022,5,29,19,2256.843994140625,2199
3,2022,5,29,20,2284.6982421875,2268
3,2022,5,29,21,2205.22705078125,2206
3,2022,5,29,22,2061.5517578125,2079
3,2022,5,29,23,1905.8167724609375,1954
3,2022,5,29,24,1819.86767578125,1881
3,2022,5,30,1,1779.7354736328125,1804
3,2022,5,30,2,1717.85498046875,1755
3,2022,5,30,3,1718.5107421875,1723
3,2022,5,30,4,1747.9615478515625,1724
3,2022,5,30,5,1791.6307373046875,1762
3,2022,5,30,6,1860.5291748046875,1833
3,2022,5,30,7,1862.809814453125,1898
3,2022,5,30,8,1913.40185546875,1756
3,2022,5,30,9,1692.8193359375,1482
3,2022,5,30,10,1452.963623046875,1197
3,2022,5,30,11,1369.4757080078125,1087
3,2022,5,30,12,1399.7596435546875,1043
3,2022,5,30,13,1418.8818359375,1067
3,2022,5,30,14,1452.1680908203125,1155
3,2022,5,30,15,1648.944580078125,1332
3,2022,5,30,16,1799.79052734375,1622
3,2022,5,30,17,2065.9619140625,1925
3,2022,5,30,18,2236.389892578125,2174
3,2022,5,30,19,2372.17138671875,2322
3,2022,5,30,20,2399.3076171875,2386
3,2022,5,30,21,2275.234375,2289
3,2022,5,30,22,2116.571533203125,2127
3,2022,5,30,23,1952.4810791015625,1990
3,2022,5,30,24,1865.486328125,1976
3,2022,5,31,1,1776.3087158203125,1870
3,2022,5,31,2,1726.987060546875,1793
3,2022,5,31,3,1721.371337890625,1791
3,2022,5,31,4,1739.0391845703125,1770
3,2022,5,31,5,1828.6641845703125,1816
3,2022,5,31,6,1916.7344970703125,1916
3,2022,5,31,7,1999.8271484375,2021
3,2022,5,31,8,1974.4208984375,1892
3,2022,5,31,9,1652.126708984375,1823
3,2022,5,31,10,1523.933349609375,1653
3,2022,5,31,11,1485.2896728515625,1529
3,2022,5,31,12,1469.400146484375,1429
3,2022,5,31,13,1472.40576171875,1438
3,2022,5,31,14,1529.829833984375,1468
3,2022,5,31,15,1690.9720458984375,1643
3,2022,5,31,16,1885.0491943359375,1893
3,2022,5,31,17,2154.48193359375,2162
3,2022,5,31,18,2308.8544921875,2344
3,2022,5,31,19,2386.602294921875,2461
3,2022,5,31,20,2452.356689453125,2511
3,2022,5,31,21,2328.268310546875,2406
3,2022,5,31,22,2126.753173828125,2226
3,2022,5,31,23,1952.938232421875,2073
3,2022,5,31,24,1866.8734130859375,2043
3,2022,6,1,1,1857.3397216796875,1949
3,2022,6,1,2,1786.4676513671875,1866
3,2022,6,1,3,1770.63916015625,1813
3,2022,6,1,4,1793.8863525390625,1824
3,2022,6,1,5,1867.1436767578125,1913
3,2022,6,1,6,1985.482421875,2063
3,2022,6,1,7,2023.7449951171875,2211
3,2022,6,1,8,1844.9586181640625,2062
3,2022,6,1,9,1735.18798828125,1870
3,2022,6,1,10,1709.147216796875,1717
3,2022,6,1,11,1693.0513916015625,1610
3,2022,6,1,12,1726.14697265625,1507
3,2022,6,1,13,1771.4710693359375,1507
3,2022,6,1,14,1785.115966796875,1599
3,2022,6,1,15,1899.5972900390625,1756
3,2022,6,1,16,2072.47119140625,1978
3,2022,6,1,17,2246.225341796875,2199
3,2022,6,1,18,2356.990966796875,2335
3,2022,6,1,19,2430.7451171875,2444
3,2022,6,1,20,2474.3671875,2491
3,2022,6,1,21,2392.769287109375,2395
3,2022,6,1,22,2228.459228515625,2203
3,2022,6,1,23,2059.582763671875,2046
3,2022,6,1,24,1947.259521484375,1999
3,2022,6,2,1,1857.3397216796875,1906
3,2022,6,2,2,1786.4676513671875,1840
3,2022,6,2,3,1771.0205078125,1840
3,2022,6,2,4,1794.6944580078125,1836
3,2022,6,2,5,1869.572265625,1927
3,2022,6,2,6,2009.993408203125,2063
3,2022,6,2,7,2087.4716796875,2211
3,2022,6,2,8,2085.89794921875,2182
3,2022,6,2,9,1964.1004638671875,1975
3,2022,6,2,10,1746.04736328125,1653
3,2022,6,2,11,1678.3385009765625,1551
3,2022,6,2,12,1657.4578857421875,1468
3,2022,6,2,13,1678.0826416015625,1470
3,2022,6,2,14,1747.10546875,1643
3,2022,6,2,15,1913.2901611328125,1908
3,2022,6,2,16,2077.43994140625,2086
3,2022,6,2,17,2254.930908203125,2245
3,2022,6,2,18,2340.093994140625,2355
3,2022,6,2,19,2476.90478515625,2432
3,2022,6,2,20,2487.12841796875,2463
3,2022,6,2,21,2394.263916015625,2364
3,2022,6,2,22,2228.459228515625,2189
3,2022,6,2,23,2056.674560546875,2063
3,2022,6,2,24,1947.259521484375,1989
3,2022,6,3,1,1857.5787353515625,1914
3,2022,6,3,2,1787.2491455078125,1844
3,2022,6,3,3,1761.1920166015625,1838
3,2022,6,3,4,1786.69873046875,1886
3,2022,6,3,5,1871.3485107421875,1941
3,2022,6,3,6,2010.0296630859375,2082
3,2022,6,3,7,2001.228271484375,2250
3,2022,6,3,8,1927.14501953125,2211
3,2022,6,3,9,1856.2891845703125,2028
3,2022,6,3,10,1707.023193359375,1934
3,2022,6,3,11,1685.8048095703125,1677
3,2022,6,3,12,1617.93408203125,1418
3,2022,6,3,13,1632.8138427734375,1459
3,2022,6,3,14,1699.963134765625,1556
3,2022,6,3,15,1905.9581298828125,1693
3,2022,6,3,16,2075.617919921875,1898
3,2022,6,3,17,2258.927978515625,2135
3,2022,6,3,18,2329.7568359375,2289
3,2022,6,3,19,2493.50048828125,2391
3,2022,6,3,20,2484.89453125,2452
3,2022,6,3,21,2394.263916015625,2373
3,2022,6,3,22,2228.459228515625,2213
3,2022,6,3,23,2055.907958984375,2073
3,2022,6,3,24,1947.259521484375,2001
3,2022,6,4,1,1854.7777099609375,1938
3,2022,6,4,2,1787.9072265625,1844
3,2022,6,4,3,1751.008544921875,1805
3,2022,6,4,4,1740.714599609375,1801
3,2022,6,4,5,1745.9140625,1858
3,2022,6,4,6,1692.0521240234375,2016
3,2022,6,4,7,1717.8697509765625,2142
3,2022,6,4,8,1792.884033203125,2105
3,2022,6,4,9,1776.540283203125,1898
3,2022,6,4,10,1750.779052734375,1652
3,2022,6,4,11,1555.451904296875,1402
3,2022,6,4,12,1468.36669921875,1288
3,2022,6,4,13,1409.70068359375,1261
3,2022,6,4,14,1499.93359375,1361
3,2022,6,4,15,1623.028564453125,1565
3,2022,6,4,16,1836.84423828125,1826
3,2022,6,4,17,2023.1845703125,2114
3,2022,6,4,18,2208.826171875,2213
3,2022,6,4,19,2254.4736328125,2315
3,2022,6,4,20,2323.980224609375,2360
3,2022,6,4,21,2274.205810546875,2298
3,2022,6,4,22,2162.857666015625,2177
3,2022,6,4,23,2011.72705078125,2061
3,2022,6,4,24,1907.2247314453125,1986
3,2022,6,5,1,1857.196533203125,1881
3,2022,6,5,2,1808.7138671875,1820
3,2022,6,5,3,1773.298828125,1806
3,2022,6,5,4,1765.5294189453125,1765
3,2022,6,5,5,1782.8875732421875,1810
3,2022,6,5,6,1787.091064453125,1971
3,2022,6,5,7,1824.625,2030
3,2022,6,5,8,1787.094970703125,1860
3,2022,6,5,9,1717.9876708984375,1582
3,2022,6,5,10,1568.22802734375,1290
3,2022,6,5,11,1490.4969482421875,1180
3,2022,6,5,12,1502.7474365234375,1140
3,2022,6,5,13,1581.623291015625,1204
3,2022,6,5,14,1691.6962890625,1313
3,2022,6,5,15,1767.074951171875,1509
3,2022,6,5,16,1892.3836669921875,1797
3,2022,6,5,17,2115.5966796875,2082
3,2022,6,5,18,2279.396240234375,2321
3,2022,6,5,19,2365.0537109375,2441
3,2022,6,5,20,2404.656494140625,2497
3,2022,6,5,21,2366.066650390625,2414
3,2022,6,5,22,2225.4912109375,2252
3,2022,6,5,23,2062.18798828125,2104
3,2022,6,5,24,1984.076171875,2010
3,2022,6,6,1,1958.508544921875,1927
3,2022,6,6,2,1919.0604248046875,1870
3,2022,6,6,3,1881.2611083984375,1848
3,2022,6,6,4,1899.66259765625,1888
3,2022,6,6,5,1954.09033203125,1962
3,2022,6,6,6,2039.1153564453125,2100
3,2022,6,6,7,2134.894775390625,2269
3,2022,6,6,8,2157.3251953125,2165
3,2022,6,6,9,2061.2939453125,2001
3,2022,6,6,10,1971.31640625,1892
3,2022,6,6,11,1981.69580078125,1804
3,2022,6,6,12,2001.6214599609375,1663
3,2022,6,6,13,1906.6962890625,1726
3,2022,6,6,14,2010.95068359375,1854
3,2022,6,6,15,2119.119873046875,2042
3,2022,6,6,16,2227.16943359375,2276
3,2022,6,6,17,2381.92578125,2497
3,2022,6,6,18,2495.357177734375,2588
3,2022,6,6,19,2582.119140625,2636
3,2022,6,6,20,2603.62060546875,2641
3,2022,6,6,21,2490.5634765625,2521
3,2022,6,6,22,2317.649658203125,2335
3,2022,6,6,23,2170.30859375,2171
3,2022,6,6,24,2041.0133056640625,2105
3,2022,6,7,1,1949.5565185546875,1993
3,2022,6,7,2,1916.4609375,1953
3,2022,6,7,3,1883.6114501953125,1908
3,2022,6,7,4,1876.94091796875,1935
3,2022,6,7,5,1942.3519287109375,2029
3,2022,6,7,6,2043.730712890625,2207
3,2022,6,7,7,2118.766845703125,2353
3,2022,6,7,8,2139.707275390625,2269
3,2022,6,7,9,2059.307373046875,1978
3,2022,6,7,10,1931.088623046875,1807
3,2022,6,7,11,1922.4825439453125,1696
3,2022,6,7,12,1856.104736328125,1732
3,2022,6,7,13,1818.71826171875,1805
3,2022,6,7,14,1930.9237060546875,1883
3,2022,6,7,15,1942.16650390625,2064
3,2022,6,7,16,2143.947265625,2184
3,2022,6,7,17,2302.731689453125,2349
3,2022,6,7,18,2456.696533203125,2503
3,2022,6,7,19,2515.32177734375,2575
3,2022,6,7,20,2506.606201171875,2594
3,2022,6,7,21,2396.322265625,2476
3,2022,6,7,22,2228.459228515625,2304
3,2022,6,7,23,2063.27880859375,2167
3,2022,6,7,24,1949.2928466796875,2071
3,2022,6,8,1,1855.3516845703125,1956
3,2022,6,8,2,1785.654541015625,1892
3,2022,6,8,3,1760.2474365234375,1869
3,2022,6,8,4,1793.3629150390625,1905
3,2022,6,8,5,1860.8646240234375,2014
3,2022,6,8,6,1931.0181884765625,2158
3,2022,6,8,7,2013.4697265625,2327
3,2022,6,8,8,2016.81884765625,2199
3,2022,6,8,9,1958.321044921875,1973
3,2022,6,8,10,1858.2119140625,1795
3,2022,6,8,11,1819.00244140625,1768
3,2022,6,8,12,1773.718505859375,1782
3,2022,6,8,13,1885.48193359375,1865
3,2022,6,8,14,1915.2666015625,1976
3,2022,6,8,15,2080.091552734375,2104
3,2022,6,8,16,2260.56640625,2266
3,2022,6,8,17,2354.756103515625,2419
3,2022,6,8,18,2509.135986328125,2574
3,2022,6,8,19,2623.0791015625,2626
3,2022,6,8,20,2581.3115234375,2627
3,2022,6,8,21,2426.56298828125,2515
3,2022,6,8,22,2230.623779296875,2337
3,2022,6,8,23,2067.95458984375,2228
3,2022,6,8,24,1965.8955078125,2166
3,2022,6,9,1,1886.087646484375,2072
3,2022,6,9,2,1839.828369140625,1974
3,2022,6,9,3,1804.0955810546875,1958
3,2022,6,9,4,1815.9637451171875,1985
3,2022,6,9,5,1872.0218505859375,1999
3,2022,6,9,6,1943.450439453125,2125
3,2022,6,9,7,2060.523681640625,2214
3,2022,6,9,8,2080.709716796875,2168
3,2022,6,9,9,2046.850830078125,2073
3,2022,6,9,10,1923.3065185546875,1867
3,2022,6,9,11,1873.0711669921875,1697
3,2022,6,9,12,1861.078857421875,1765
3,2022,6,9,13,1898.8896484375,1940
3,2022,6,9,14,2117.015869140625,2012
3,2022,6,9,15,2318.3544921875,2155
3,2022,6,9,16,2491.9091796875,2332
3,2022,6,9,17,2590.5341796875,2532
3,2022,6,9,18,2620.65234375,2629
3,2022,6,9,19,2671.534423828125,2660
3,2022,6,9,20,2669.1298828125,2651
3,2022,6,9,21,2501.7177734375,2546
3,2022,6,9,22,2311.613525390625,2363
3,2022,6,9,23,2167.075927734375,2212
3,2022,6,9,24,2077.798583984375,2132
3,2022,6,10,1,1967.3062744140625,2114
3,2022,6,10,2,1905.919921875,2043
3,2022,6,10,3,1884.29931640625,1950
3,2022,6,10,4,1919.3839111328125,1952
3,2022,6,10,5,1993.1474609375,1994
3,2022,6,10,6,1971.1229248046875,2116
3,2022,6,10,7,2095.571044921875,2321
3,2022,6,10,8,2018.99365234375,2253
3,2022,6,10,9,1934.4473876953125,2034
3,2022,6,10,10,1826.0228271484375,1839
3,2022,6,10,11,1843.1986083984375,1788
3,2022,6,10,12,1833.2447509765625,1851
3,2022,6,10,13,1972.42041015625,1909
3,2022,6,10,14,2240.09521484375,2043
3,2022,6,10,15,2319.12158203125,2198
3,2022,6,10,16,2359.258056640625,2393
3,2022,6,10,17,2585.36083984375,2596
3,2022,6,10,18,2687.99951171875,2730
3,2022,6,10,19,2632.542724609375,2809
3,2022,6,10,20,2737.591796875,2692
3,2022,6,10,21,2628.527099609375,2588
3,2022,6,10,22,2385.05419921875,2435
3,2022,6,10,23,2193.75341796875,2297
3,2022,6,10,24,2077.798583984375,2178
3,2022,6,11,1,1961.4061279296875,2071
3,2022,6,11,2,1882.2811279296875,1967
3,2022,6,11,3,1837.0731201171875,1908
3,2022,6,11,4,1839.33447265625,1869
3,2022,6,11,5,1872.5648193359375,1858
3,2022,6,11,6,1859.109619140625,1877
3,2022,6,11,7,1888.7071533203125,1986
3,2022,6,11,8,1803.9197998046875,1914
3,2022,6,11,9,1754.4962158203125,1693
3,2022,6,11,10,1650.7864990234375,1631
3,2022,6,11,11,1657.076904296875,1597
3,2022,6,11,12,1573.64306640625,1597
3,2022,6,11,13,1586.3929443359375,1649
3,2022,6,11,14,1686.44775390625,1771
3,2022,6,11,15,1798.7379150390625,1987
3,2022,6,11,16,2071.430908203125,2170
3,2022,6,11,17,2343.2705078125,2430
3,2022,6,11,18,2583.619140625,2596
3,2022,6,11,19,2589.466796875,2622
3,2022,6,11,20,2650.09130859375,2637
3,2022,6,11,21,2505.019775390625,2555
3,2022,6,11,22,2312.90234375,2388
3,2022,6,11,23,2147.267333984375,2226
3,2022,6,11,24,1994.6280517578125,2129
3,2022,6,12,1,1940.624267578125,2049
3,2022,6,12,2,1903.9132080078125,1982
3,2022,6,12,3,1803.5523681640625,1936
3,2022,6,12,4,1768.8587646484375,1877
3,2022,6,12,5,1796.17431640625,1849
3,2022,6,12,6,1829.8250732421875,1880
3,2022,6,12,7,1882.471923828125,1940
3,2022,6,12,8,1774.127685546875,1803
3,2022,6,12,9,1701.964599609375,1568
3,2022,6,12,10,1604.3885498046875,1533
3,2022,6,12,11,1550.779296875,1466
3,2022,6,12,12,1636.930908203125,1467
3,2022,6,12,13,1640.314453125,1476
3,2022,6,12,14,1775.135498046875,1587
3,2022,6,12,15,1867.4366455078125,1773
3,2022,6,12,16,2029.346923828125,2038
3,2022,6,12,17,2211.025146484375,2299
3,2022,6,12,18,2378.876953125,2460
3,2022,6,12,19,2424.883544921875,2521
3,2022,6,12,20,2379.90966796875,2544
3,2022,6,12,21,2310.890380859375,2457
3,2022,6,12,22,2164.354248046875,2277
3,2022,6,12,23,2017.2166748046875,2115
3,2022,6,12,24,1907.2247314453125,2040
3,2022,6,13,1,1862.621337890625,1960
3,2022,6,13,2,1841.4527587890625,1897
3,2022,6,13,3,1804.0955810546875,1893
3,2022,6,13,4,1829.134521484375,1911
3,2022,6,13,5,1914.409423828125,2011
3,2022,6,13,6,1976.0953369140625,2225
3,2022,6,13,7,2090.50927734375,2453
3,2022,6,13,8,2186.606689453125,2491
3,2022,6,13,9,2192.468994140625,2314
3,2022,6,13,10,1993.802734375,1983
3,2022,6,13,11,1825.1722412109375,1436
3,2022,6,13,12,1720.89501953125,1655
3,2022,6,13,13,1836.9625244140625,1744
3,2022,6,13,14,1847.1771240234375,1870
3,2022,6,13,15,1902.1566162109375,2064
3,2022,6,13,16,2011.7158203125,2238
3,2022,6,13,17,2229.814697265625,2392
3,2022,6,13,18,2334.737060546875,2485
3,2022,6,13,19,2358.540283203125,2535
3,2022,6,13,20,2489.308349609375,2569
3,2022,6,13,21,2442.352294921875,2515
3,2022,6,13,22,2307.989013671875,2336
3,2022,6,13,23,2143.71484375,2172
3,2022,6,13,24,2032.5650634765625,2096
3,2022,6,14,1,1918.5697021484375,2033
3,2022,6,14,2,1846.2535400390625,1920
3,2022,6,14,3,1801.75146484375,1888
3,2022,6,14,4,1815.9637451171875,1914
3,2022,6,14,5,1872.0218505859375,2004
3,2022,6,14,6,1912.6053466796875,2205
3,2022,6,14,7,1993.5848388671875,2323
3,2022,6,14,8,1962.512451171875,2189
3,2022,6,14,9,1837.76416015625,2027
3,2022,6,14,10,1812.313232421875,1811
3,2022,6,14,11,1793.9364013671875,1676
3,2022,6,14,12,1757.882080078125,1653
3,2022,6,14,13,1802.7354736328125,1671
3,2022,6,14,14,1905.9862060546875,1773
3,2022,6,14,15,2051.43994140625,1943
3,2022,6,14,16,2274.64404296875,2181
3,2022,6,14,17,2434.9609375,2402
3,2022,6,14,18,2519.594482421875,2531
3,2022,6,14,19,2537.21923828125,2589
3,2022,6,14,20,2551.35546875,2617
3,2022,6,14,21,2437.343017578125,2536
3,2022,6,14,22,2244.440673828125,2352
3,2022,6,14,23,2072.303955078125,2202
3,2022,6,14,24,1971.923583984375,2096
3,2022,6,15,1,1882.44482421875,2024
3,2022,6,15,2,1829.1474609375,1949
3,2022,6,15,3,1804.6597900390625,1922
3,2022,6,15,4,1815.6240234375,1941
3,2022,6,15,5,1872.0218505859375,2048
3,2022,6,15,6,1944.7926025390625,2145
3,2022,6,15,7,2059.34912109375,2171
3,2022,6,15,8,2008.285888671875,2158
3,2022,6,15,9,1821.999755859375,1986
3,2022,6,15,10,1798.7076416015625,1832
3,2022,6,15,11,1731.29296875,1762
3,2022,6,15,12,1710.125,1742
3,2022,6,15,13,1804.8392333984375,1758
3,2022,6,15,14,1878.98388671875,1896
3,2022,6,15,15,2013.75048828125,2080
3,2022,6,15,16,2249.263427734375,2228
3,2022,6,15,17,2408.1748046875,2432
3,2022,6,15,18,2563.34033203125,2564
3,2022,6,15,19,2616.01806640625,2604
3,2022,6,15,20,2590.93359375,2624
3,2022,6,15,21,2437.62451171875,2529
3,2022,6,15,22,2236.58935546875,2351
3,2022,6,15,23,2084.645263671875,2174
3,2022,6,15,24,1968.8543701171875,2103
3,2022,6,16,1,1862.621337890625,2021
3,2022,6,16,2,1841.146484375,1931
3,2022,6,16,3,1804.0955810546875,1893
3,2022,6,16,4,1815.9637451171875,1903
3,2022,6,16,5,1872.0218505859375,1976
3,2022,6,16,6,1878.49951171875,2098
3,2022,6,16,7,1972.715576171875,2262
3,2022,6,16,8,1938.5010986328125,2343
3,2022,6,16,9,1896.8572998046875,2098
3,2022,6,16,10,1774.9847412109375,1783
3,2022,6,16,11,1799.650390625,1676
3,2022,6,16,12,1793.0015869140625,1667
3,2022,6,16,13,1818.71826171875,1745
3,2022,6,16,14,1966.476806640625,1868
3,2022,6,16,15,2078.659912109375,2026
3,2022,6,16,16,2305.660888671875,2227
3,2022,6,16,17,2468.699462890625,2444
3,2022,6,16,18,2537.044921875,2570
3,2022,6,16,19,2590.32421875,2604
3,2022,6,16,20,2512.916015625,2609
3,2022,6,16,21,2398.019775390625,2515
3,2022,6,16,22,2230.623779296875,2337
3,2022,6,16,23,2068.768310546875,2190
3,2022,6,16,24,1950.2181396484375,2100
3,2022,6,17,1,1860.9476318359375,2018
3,2022,6,17,2,1834.6376953125,1947
3,2022,6,17,3,1809.91064453125,1917
3,2022,6,17,4,1815.9637451171875,1938
3,2022,6,17,5,1897.0684814453125,1982
3,2022,6,17,6,1987.782470703125,2019
3,2022,6,17,7,2028.1302490234375,2048
3,2022,6,17,8,2002.1182861328125,2022
3,2022,6,17,9,1893.8211669921875,1934
3,2022,6,17,10,1845.6614990234375,1849
3,2022,6,17,11,1718.3323974609375,1806
3,2022,6,17,12,1686.934814453125,1746
3,2022,6,17,13,1739.6998291015625,1695
3,2022,6,17,14,1792.7879638671875,1728
3,2022,6,17,15,1915.5399169921875,1862
3,2022,6,17,16,2088.33837890625,2025
3,2022,6,17,17,2250.53759765625,2249
3,2022,6,17,18,2408.248291015625,2402
3,2022,6,17,19,2488.710205078125,2468
3,2022,6,17,20,2542.338134765625,2512
3,2022,6,17,21,2428.416015625,2443
3,2022,6,17,22,2264.8369140625,2292
3,2022,6,17,23,2129.38427734375,2136
3,2022,6,17,24,1991.93310546875,2055
3,2022,6,18,1,1879.8575439453125,1945
3,2022,6,18,2,1817.5640869140625,1839
3,2022,6,18,3,1769.51904296875,1824
3,2022,6,18,4,1758.499267578125,1808
3,2022,6,18,5,1777.3468017578125,1793
3,2022,6,18,6,1738.2686767578125,1830
3,2022,6,18,7,1716.95556640625,1918
3,2022,6,18,8,1638.417236328125,1790
3,2022,6,18,9,1452.1778564453125,1629
3,2022,6,18,10,1483.3121337890625,1445
3,2022,6,18,11,1386.0404052734375,1269
3,2022,6,18,12,1326.0361328125,1121
3,2022,6,18,13,1318.7364501953125,1137
3,2022,6,18,14,1368.867919921875,1185
3,2022,6,18,15,1512.4971923828125,1392
3,2022,6,18,16,1684.825927734375,1639
3,2022,6,18,17,1994.1339111328125,1966
3,2022,6,18,18,2248.49462890625,2174
3,2022,6,18,19,2328.98388671875,2302
3,2022,6,18,20,2364.85302734375,2394
3,2022,6,18,21,2315.538818359375,2312
3,2022,6,18,22,2163.679443359375,2148
3,2022,6,18,23,2017.2166748046875,2013
3,2022,6,18,24,1908.4691162109375,1949
3,2022,6,19,1,1860.977783203125,1822
3,2022,6,19,2,1810.487060546875,1754
3,2022,6,19,3,1780.433837890625,1711
3,2022,6,19,4,1741.2958984375,1694
3,2022,6,19,5,1758.4111328125,1735
3,2022,6,19,6,1751.6512451171875,1886
3,2022,6,19,7,1765.4217529296875,1950
3,2022,6,19,8,1608.280517578125,1757
3,2022,6,19,9,1395.4835205078125,1491
3,2022,6,19,10,1418.1959228515625,1271
3,2022,6,19,11,1435.86328125,1142
3,2022,6,19,12,1422.788330078125,1116
3,2022,6,19,13,1462.7730712890625,1164
3,2022,6,19,14,1576.9578857421875,1266
3,2022,6,19,15,1807.6976318359375,1466
3,2022,6,19,16,2045.6312255859375,1716
3,2022,6,19,17,2259.37353515625,2032
3,2022,6,19,18,2465.0087890625,2270
3,2022,6,19,19,2541.239990234375,2375
3,2022,6,19,20,2546.720703125,2437
3,2022,6,19,21,2397.95654296875,2398
3,2022,6,19,22,2238.67578125,2262
3,2022,6,19,23,2081.3046875,2097
3,2022,6,19,24,1980.9710693359375,2016
3,2022,6,20,1,1923.8037109375,1930
3,2022,6,20,2,1848.0537109375,1881
3,2022,6,20,3,1802.0419921875,1836
3,2022,6,20,4,1793.3492431640625,1843
3,2022,6,20,5,1854.759033203125,1909
3,2022,6,20,6,1870.354736328125,2029
3,2022,6,20,7,2026.557373046875,2149
3,2022,6,20,8,1945.117431640625,2157
3,2022,6,20,9,1907.3887939453125,2014
3,2022,6,20,10,1811.1455078125,1886
3,2022,6,20,11,1750.115966796875,1775
3,2022,6,20,12,1808.4776611328125,1844
3,2022,6,20,13,1929.71044921875,1937
3,2022,6,20,14,2037.6875,2104
3,2022,6,20,15,2181.04443359375,2286
3,2022,6,20,16,2376.174072265625,2536
3,2022,6,20,17,2684.849609375,2782
3,2022,6,20,18,2816.363037109375,2908
3,2022,6,20,19,2836.395751953125,2916
3,2022,6,20,20,2856.731201171875,2888
3,2022,6,20,21,2767.989013671875,2773
3,2022,6,20,22,2481.685546875,2549
3,2022,6,20,23,2287.840576171875,2328
3,2022,6,20,24,2174.508544921875,2232
3,2022,6,21,1,2014.3934326171875,2110
3,2022,6,21,2,1956.3592529296875,2023
3,2022,6,21,3,1889.7918701171875,2015
3,2022,6,21,4,1924.7357177734375,1995
3,2022,6,21,5,1971.232177734375,2041
3,2022,6,21,6,2004.729736328125,2125
3,2022,6,21,7,2054.483642578125,2149
3,2022,6,21,8,2056.845947265625,2191
3,2022,6,21,9,1999.3988037109375,2183
3,2022,6,21,10,1884.6270751953125,2058
3,2022,6,21,11,1841.6021728515625,1946
3,2022,6,21,12,1780.9061279296875,1896
3,2022,6,21,13,1888.7401123046875,2029
3,2022,6,21,14,2030.850341796875,2203
3,2022,6,21,15,2201.8779296875,2413
3,2022,6,21,16,2542.945068359375,2602
3,2022,6,21,17,2746.937255859375,2792
3,2022,6,21,18,2712.3232421875,2859
3,2022,6,21,19,2631.4765625,2854
3,2022,6,21,20,2719.74072265625,2847
3,2022,6,21,21,2710.4482421875,2739
3,2022,6,21,22,2527.491455078125,2539
3,2022,6,21,23,2323.740478515625,2356
3,2022,6,21,24,2181.286376953125,2308
3,2022,6,22,1,2012.7255859375,2200
3,2022,6,22,2,1959.32763671875,2184
3,2022,6,22,3,1897.991455078125,2110
3,2022,6,22,4,1932.207275390625,2082
3,2022,6,22,5,2028.3499755859375,2116
3,2022,6,22,6,2058.340576171875,2171
3,2022,6,22,7,2140.506591796875,2234
3,2022,6,22,8,2459.682861328125,2296
3,2022,6,22,9,2474.581298828125,2462
3,2022,6,22,10,2532.502685546875,2438
3,2022,6,22,11,2443.701171875,2311
3,2022,6,22,12,2473.05517578125,2298
3,2022,6,22,13,2624.455078125,2501
3,2022,6,22,14,2840.987060546875,2519
3,2022,6,22,15,2865.056396484375,2753
3,2022,6,22,16,2914.617431640625,2988
3,2022,6,22,17,3218.522705078125,3081
3,2022,6,22,18,3239.319091796875,3044
3,2022,6,22,19,2876.339111328125,3030
3,2022,6,22,20,2973.417236328125,3007
3,2022,6,22,21,2807.30224609375,2890
3,2022,6,22,22,2535.8125,2674
3,2022,6,22,23,2432.697998046875,2458
3,2022,6,22,24,2324.351318359375,2361
3,2022,6,23,1,2149.84716796875,2297
3,2022,6,23,2,2091.2548828125,2311
3,2022,6,23,3,1926.436279296875,2269
3,2022,6,23,4,1992.99462890625,2207
3,2022,6,23,5,2076.533447265625,2186
3,2022,6,23,6,2096.820068359375,2306
3,2022,6,23,7,2143.5283203125,2315
3,2022,6,23,8,2159.448974609375,2337
3,2022,6,23,9,2020.4132080078125,2286
3,2022,6,23,10,2054.73193359375,2262
3,2022,6,23,11,2073.936767578125,2306
3,2022,6,23,12,2255.985595703125,2354
3,2022,6,23,13,2358.946533203125,2457
3,2022,6,23,14,2494.005615234375,2632
3,2022,6,23,15,2716.2666015625,2774
3,2022,6,23,16,2754.918212890625,2964
3,2022,6,23,17,2841.302001953125,3165
3,2022,6,23,18,2865.853515625,3245
3,2022,6,23,19,2711.343017578125,3187
3,2022,6,23,20,2832.823486328125,3112
3,2022,6,23,21,2857.39501953125,2980
3,2022,6,23,22,2590.81787109375,2732
3,2022,6,23,23,2335.545654296875,2511
3,2022,6,23,24,2212.080810546875,2461
3,2022,6,24,1,2081.460205078125,2360
3,2022,6,24,2,1945.743408203125,2350
3,2022,6,24,3,1934.242919921875,2237
3,2022,6,24,4,1986.9730224609375,2109
3,2022,6,24,5,2068.27294921875,2124
3,2022,6,24,6,2092.965087890625,2161
3,2022,6,24,7,2137.792236328125,2221
3,2022,6,24,8,2107.30126953125,2220
3,2022,6,24,9,2027.704345703125,2191
3,2022,6,24,10,1998.32666015625,2193
3,2022,6,24,11,2055.74755859375,2225
3,2022,6,24,12,2142.671875,2260
3,2022,6,24,13,2199.270263671875,2356
3,2022,6,24,14,2226.40869140625,2497
3,2022,6,24,15,2379.605712890625,2710
3,2022,6,24,16,2556.549072265625,2887
3,2022,6,24,17,2832.96728515625,3054
3,2022,6,24,18,2889.968994140625,3150
3,2022,6,24,19,2773.4853515625,3109
3,2022,6,24,20,2833.205810546875,2982
3,2022,6,24,21,2790.1064453125,2887
3,2022,6,24,22,2514.8798828125,2689
3,2022,6,24,23,2323.740478515625,2536
3,2022,6,24,24,2171.41455078125,2530
3,2022,6,25,1,2027.9449462890625,2370
3,2022,6,25,2,1934.5927734375,2207
3,2022,6,25,3,1874.4041748046875,2034
3,2022,6,25,4,1857.6783447265625,1980
3,2022,6,25,5,1872.5648193359375,1989
3,2022,6,25,6,1840.1881103515625,1947
3,2022,6,25,7,1832.541748046875,1949
3,2022,6,25,8,1869.5062255859375,1805
3,2022,6,25,9,1733.6522216796875,1743
3,2022,6,25,10,1726.41064453125,1764
3,2022,6,25,11,1845.671142578125,1831
3,2022,6,25,12,1835.3548583984375,1847
3,2022,6,25,13,1792.250244140625,1906
3,2022,6,25,14,1878.297119140625,2065
3,2022,6,25,15,1973.6495361328125,2262
3,2022,6,25,16,2185.4130859375,2506
3,2022,6,25,17,2618.935302734375,2783
3,2022,6,25,18,2781.876953125,2961
3,2022,6,25,19,2711.469970703125,2964
3,2022,6,25,20,2721.149169921875,2892
3,2022,6,25,21,2697.237060546875,2775
3,2022,6,25,22,2446.830322265625,2602
3,2022,6,25,23,2176.34619140625,2525
3,2022,6,25,24,2104.09130859375,2304
3,2022,6,26,1,1984.4957275390625,2132
3,2022,6,26,2,1887.1064453125,2047
3,2022,6,26,3,1847.8621826171875,1995
3,2022,6,26,4,1856.3538818359375,1968
3,2022,6,26,5,1832.9344482421875,1887
3,2022,6,26,6,1837.009521484375,1835
3,2022,6,26,7,1869.5948486328125,1829
3,2022,6,26,8,1831.0216064453125,1837
3,2022,6,26,9,1769.2469482421875,1715
3,2022,6,26,10,1738.1800537109375,1593
3,2022,6,26,11,1876.7130126953125,1621
3,2022,6,26,12,1841.7366943359375,1655
3,2022,6,26,13,1786.632080078125,1791
3,2022,6,26,14,1934.070556640625,1987
3,2022,6,26,15,2083.644287109375,2214
3,2022,6,26,16,2223.131103515625,2486
3,2022,6,26,17,2468.812744140625,2770
3,2022,6,26,18,2685.72412109375,2924
3,2022,6,26,19,2657.23291015625,2907
3,2022,6,26,20,2617.4794921875,2856
3,2022,6,26,21,2527.625732421875,2727
3,2022,6,26,22,2334.132568359375,2532
3,2022,6,26,23,2175.248291015625,2330
3,2022,6,26,24,2105.712890625,2263
3,2022,6,27,1,2027.5672607421875,2225
3,2022,6,27,2,1952.2452392578125,2236
3,2022,6,27,3,1932.3548583984375,2073
3,2022,6,27,4,1929.652587890625,2020
3,2022,6,27,5,1993.54931640625,2082
3,2022,6,27,6,2123.35107421875,2228
3,2022,6,27,7,2253.0625,2392
3,2022,6,27,8,2305.94677734375,2278
3,2022,6,27,9,2033.39453125,2162
3,2022,6,27,10,2038.316650390625,2180
3,2022,6,27,11,2162.43408203125,2263
3,2022,6,27,12,2421.409912109375,2311
3,2022,6,27,13,2686.734375,2440
3,2022,6,27,14,2744.54248046875,2629
3,2022,6,27,15,2829.832275390625,2859
3,2022,6,27,16,3084.787353515625,3087
3,2022,6,27,17,3247.218017578125,3282
3,2022,6,27,18,3135.72509765625,3334
3,2022,6,27,19,3142.680908203125,3277
3,2022,6,27,20,3094.94091796875,3195
3,2022,6,27,21,2816.037841796875,3044
3,2022,6,27,22,2506.8779296875,2789
3,2022,6,27,23,2408.639892578125,2568
3,2022,6,27,24,2304.91455078125,2485
3,2022,6,28,1,2183.998046875,2322
3,2022,6,28,2,2093.897216796875,2213
3,2022,6,28,3,2051.60546875,2173
3,2022,6,28,4,2063.399169921875,2111
3,2022,6,28,5,2164.315673828125,2179
3,2022,6,28,6,2186.553466796875,2303
3,2022,6,28,7,2257.433349609375,2451
3,2022,6,28,8,2321.439697265625,2551
3,2022,6,28,9,2068.9462890625,2573
3,2022,6,28,10,2167.537109375,2475
3,2022,6,28,11,2177.874755859375,2463
3,2022,6,28,12,2392.816650390625,2529
3,2022,6,28,13,2683.123046875,2661
3,2022,6,28,14,2932.947021484375,2823
3,2022,6,28,15,3049.407958984375,2988
3,2022,6,28,16,2923.802001953125,3080
3,2022,6,28,17,2979.6787109375,3264
3,2022,6,28,18,2889.70849609375,3342
3,2022,6,28,19,2956.3740234375,3278
3,2022,6,28,20,2903.8427734375,3193
3,2022,6,28,21,2814.489501953125,3035
3,2022,6,28,22,2561.427001953125,2789
3,2022,6,28,23,2377.780029296875,2556
3,2022,6,28,24,2243.5732421875,2405
3,2022,6,29,1,2078.40625,2294
3,2022,6,29,2,1895.3133544921875,2186
3,2022,6,29,3,1907.0057373046875,2171
3,2022,6,29,4,1965.8736572265625,2173
3,2022,6,29,5,2041.1090087890625,2186
3,2022,6,29,6,2120.501708984375,2261
3,2022,6,29,7,2132.564453125,2346
3,2022,6,29,8,2123.42626953125,2460
3,2022,6,29,9,2030.0234375,2403
3,2022,6,29,10,1995.654296875,2459
3,2022,6,29,11,2046.769775390625,2402
3,2022,6,29,12,2286.70068359375,2582
3,2022,6,29,13,2349.426025390625,2740
3,2022,6,29,14,2550.095703125,2836
3,2022,6,29,15,2712.115966796875,2823
3,2022,6,29,16,2787.740966796875,2940
3,2022,6,29,17,2980.912841796875,3075
3,2022,6,29,18,3043.205810546875,3148
3,2022,6,29,19,2782.068603515625,3145
3,2022,6,29,20,2872.09375,3085
3,2022,6,29,21,2790.1064453125,2936
3,2022,6,29,22,2539.12646484375,2681
3,2022,6,29,23,2344.91015625,2429
3,2022,6,29,24,2180.24169921875,2301
3,2022,6,30,1,2044.9375,2195
3,2022,6,30,2,1957.465087890625,2159
3,2022,6,30,3,1926.628662109375,2170
3,2022,6,30,4,1954.6649169921875,2166
3,2022,6,30,5,2063.95361328125,2185
3,2022,6,30,6,2124.87548828125,2310
3,2022,6,30,7,2192.170166015625,2509
3,2022,6,30,8,2340.046142578125,2490
3,2022,6,30,9,2338.9091796875,2322
3,2022,6,30,10,2245.048583984375,2217
3,2022,6,30,11,2149.3154296875,2217
3,2022,6,30,12,2133.197509765625,2254
3,2022,6,30,13,2198.558837890625,2351
3,2022,6,30,14,2385.80859375,2511
3,2022,6,30,15,2449.610107421875,2743
3,2022,6,30,16,2702.696044921875,2967
3,2022,6,30,17,2781.537109375,3127
3,2022,6,30,18,2827.04248046875,3195
3,2022,6,30,19,2744.907470703125,3115
3,2022,6,30,20,2837.264404296875,3106
3,2022,6,30,21,2736.143310546875,3033
3,2022,6,30,22,2490.120849609375,2736
3,2022,6,30,23,2319.02001953125,2511
3,2022,6,30,24,2174.658447265625,2398
3,2022,7,1,1,2054.31640625,2378
3,2022,7,1,2,1963.255126953125,2273
3,2022,7,1,3,1932.34521484375,2265
3,2022,7,1,4,1943.352294921875,2152
3,2022,7,1,5,2070.502685546875,2203
3,2022,7,1,6,2117.51171875,2307
3,2022,7,1,7,2243.026611328125,2400
3,2022,7,1,8,2322.973876953125,2390
3,2022,7,1,9,2217.990478515625,2306
3,2022,7,1,10,2146.584716796875,2251
3,2022,7,1,11,2055.531005859375,2201
3,2022,7,1,12,2019.4464111328125,2209
3,2022,7,1,13,2179.043212890625,2259
3,2022,7,1,14,2230.291748046875,2362
3,2022,7,1,15,2414.40185546875,2541
3,2022,7,1,16,2642.884033203125,2729
3,2022,7,1,17,2835.82373046875,2918
3,2022,7,1,18,2861.798583984375,3017
3,2022,7,1,19,2883.445068359375,2986
3,2022,7,1,20,2813.420654296875,2932
3,2022,7,1,21,2747.066162109375,2826
3,2022,7,1,22,2581.405517578125,2650
3,2022,7,1,23,2383.024169921875,2485
3,2022,7,1,24,2207.809326171875,2431
3,2022,7,2,1,2036.2803955078125,2290
3,2022,7,2,2,1944.705810546875,2152
3,2022,7,2,3,1885.77880859375,2004
3,2022,7,2,4,1894.4244384765625,1986
3,2022,7,2,5,1907.7845458984375,1971
3,2022,7,2,6,1813.5946044921875,1983
3,2022,7,2,7,1835.576416015625,2056
3,2022,7,2,8,1887.5164794921875,2123
3,2022,7,2,9,1842.8521728515625,1894
3,2022,7,2,10,1817.3046875,1748
3,2022,7,2,11,1758.64111328125,1677
3,2022,7,2,12,1830.42724609375,1661
3,2022,7,2,13,1792.3551025390625,1704
3,2022,7,2,14,1918.2142333984375,1809
3,2022,7,2,15,1973.60107421875,1987
3,2022,7,2,16,2146.27490234375,2242
3,2022,7,2,17,2321.129150390625,2470
3,2022,7,2,18,2532.905517578125,2606
3,2022,7,2,19,2527.419677734375,2634
3,2022,7,2,20,2574.38037109375,2633
3,2022,7,2,21,2459.033203125,2550
3,2022,7,2,22,2304.08935546875,2409
3,2022,7,2,23,2134.10888671875,2261
3,2022,7,2,24,2043.6505126953125,2135
3,2022,7,3,1,1975.866943359375,2027
3,2022,7,3,2,1887.0023193359375,1937
3,2022,7,3,3,1855.0120849609375,1894
3,2022,7,3,4,1846.949462890625,1878
3,2022,7,3,5,1864.6961669921875,1885
3,2022,7,3,6,1837.98486328125,1946
3,2022,7,3,7,1863.38037109375,2072
3,2022,7,3,8,1804.871337890625,1966
3,2022,7,3,9,1722.1614990234375,1777
3,2022,7,3,10,1556.96337890625,1533
3,2022,7,3,11,1545.0601806640625,1399
3,2022,7,3,12,1556.5089111328125,1371
3,2022,7,3,13,1516.3345947265625,1434
3,2022,7,3,14,1595.6329345703125,1506
3,2022,7,3,15,1707.0262451171875,1674
3,2022,7,3,16,1865.874267578125,1913
3,2022,7,3,17,2122.845703125,2213
3,2022,7,3,18,2357.8876953125,2405
3,2022,7,3,19,2487.385986328125,2514
3,2022,7,3,20,2560.2216796875,2575
3,2022,7,3,21,2438.904541015625,2521
3,2022,7,3,22,2279.69677734375,2386
3,2022,7,3,23,2132.31298828125,2260
3,2022,7,3,24,2043.6505126953125,2224
3,2022,7,4,1,1979.8011474609375,2108
3,2022,7,4,2,1910.7515869140625,1982
3,2022,7,4,3,1884.298583984375,1963
3,2022,7,4,4,1908.765380859375,1977
3,2022,7,4,5,1919.9952392578125,1998
3,2022,7,4,6,1917.035400390625,2025
3,2022,7,4,7,2010.6673583984375,2057
3,2022,7,4,8,2029.0274658203125,1973
3,2022,7,4,9,1940.648193359375,1779
3,2022,7,4,10,1746.1187744140625,1543
3,2022,7,4,11,1676.18701171875,1461
3,2022,7,4,12,1648.1629638671875,1438
3,2022,7,4,13,1760.8433837890625,1494
3,2022,7,4,14,1734.196533203125,1585
3,2022,7,4,15,1872.5723876953125,1746
3,2022,7,4,16,2042.1793212890625,1981
3,2022,7,4,17,2264.50439453125,2246
3,2022,7,4,18,2516.25048828125,2421
3,2022,7,4,19,2513.947998046875,2497
3,2022,7,4,20,2573.583740234375,2522
3,2022,7,4,21,2464.056396484375,2465
3,2022,7,4,22,2331.980224609375,2373
3,2022,7,4,23,2179.62841796875,2228
3,2022,7,4,24,2050.32666015625,2145
3,2022,7,5,1,1967.804931640625,2043
3,2022,7,5,2,1928.360107421875,2005
3,2022,7,5,3,1843.55126953125,1981
3,2022,7,5,4,1845.712646484375,2011
3,2022,7,5,5,1912.6240234375,2101
3,2022,7,5,6,2023.7208251953125,2169
3,2022,7,5,7,2063.218017578125,2290
3,2022,7,5,8,2099.554443359375,2257
3,2022,7,5,9,2072.32080078125,2142
3,2022,7,5,10,1999.093994140625,2044
3,2022,7,5,11,2014.189697265625,1976
3,2022,7,5,12,2019.54345703125,1899
3,2022,7,5,13,2060.70654296875,1936
3,2022,7,5,14,2143.607421875,2076
3,2022,7,5,15,2240.8203125,2259
3,2022,7,5,16,2463.58349609375,2435
3,2022,7,5,17,2590.979248046875,2654
3,2022,7,5,18,2684.854736328125,2798
3,2022,7,5,19,2731.005126953125,2829
3,2022,7,5,20,2747.08935546875,2831
3,2022,7,5,21,2669.192626953125,2751
3,2022,7,5,22,2466.65234375,2571
3,2022,7,5,23,2270.517333984375,2402
3,2022,7,5,24,2182.31298828125,2289
3,2022,7,6,1,2128.5068359375,2130
3,2022,7,6,2,2079.655517578125,2075
3,2022,7,6,3,2056.30126953125,2014
3,2022,7,6,4,2065.303466796875,2037
3,2022,7,6,5,2140.120849609375,2117
3,2022,7,6,6,2164.49609375,2224
3,2022,7,6,7,2285.556396484375,2368
3,2022,7,6,8,2378.65185546875,2497
3,2022,7,6,9,2289.8017578125,2458
3,2022,7,6,10,2366.052490234375,2239
3,2022,7,6,11,2132.480712890625,2048
3,2022,7,6,12,1992.5888671875,2085
3,2022,7,6,13,2039.446533203125,2088
3,2022,7,6,14,2182.272705078125,2146
3,2022,7,6,15,2302.8505859375,2264
3,2022,7,6,16,2459.01318359375,2433
3,2022,7,6,17,2586.982177734375,2621
3,2022,7,6,18,2646.03369140625,2747
3,2022,7,6,19,2711.86767578125,2764
3,2022,7,6,20,2747.326904296875,2771
3,2022,7,6,21,2636.18505859375,2681
3,2022,7,6,22,2439.46484375,2488
3,2022,7,6,23,2264.5634765625,2321
3,2022,7,6,24,2165.510986328125,2308
3,2022,7,7,1,2042.5869140625,2200
3,2022,7,7,2,1964.5743408203125,2087
3,2022,7,7,3,1959.651123046875,2014
3,2022,7,7,4,2000.2930908203125,2007
3,2022,7,7,5,2072.043212890625,2086
3,2022,7,7,6,2105.7919921875,2191
3,2022,7,7,7,2226.3642578125,2330
3,2022,7,7,8,2225.614990234375,2377
3,2022,7,7,9,2139.670166015625,2222
3,2022,7,7,10,2088.241943359375,2018
3,2022,7,7,11,2062.60986328125,1942
3,2022,7,7,12,2010.495849609375,1965
3,2022,7,7,13,2049.88037109375,2005
3,2022,7,7,14,2204.616943359375,2111
3,2022,7,7,15,2382.506591796875,2275
3,2022,7,7,16,2585.1328125,2483
3,2022,7,7,17,2695.57861328125,2698
3,2022,7,7,18,2706.954345703125,2816
3,2022,7,7,19,2744.71533203125,2824
3,2022,7,7,20,2745.4912109375,2814
3,2022,7,7,21,2636.18505859375,2719
3,2022,7,7,22,2421.616455078125,2534
3,2022,7,7,23,2260.298828125,2392
3,2022,7,7,24,2136.865478515625,2315
3,2022,7,8,1,2031.8851318359375,2172
3,2022,7,8,2,1964.9991455078125,2145
3,2022,7,8,3,1948.859619140625,2053
3,2022,7,8,4,1987.13671875,2025
3,2022,7,8,5,2059.810546875,2099
3,2022,7,8,6,2113.86279296875,2216
3,2022,7,8,7,2249.3310546875,2359
3,2022,7,8,8,2205.634033203125,2391
3,2022,7,8,9,2111.3642578125,2231
3,2022,7,8,10,2154.45947265625,2063
3,2022,7,8,11,2071.11669921875,1912
3,2022,7,8,12,2019.38720703125,1907
3,2022,7,8,13,1997.1885986328125,1981
3,2022,7,8,14,2145.323486328125,2108
3,2022,7,8,15,2248.48974609375,2286
3,2022,7,8,16,2372.816162109375,2509
3,2022,7,8,17,2619.101806640625,2766
3,2022,7,8,18,2746.380615234375,2827
3,2022,7,8,19,2827.10693359375,2849
3,2022,7,8,20,2765.913818359375,2835
3,2022,7,8,21,2665.91455078125,2735
3,2022,7,8,22,2442.7490234375,2562
3,2022,7,8,23,2203.85498046875,2393
3,2022,7,8,24,2091.938232421875,2285
3,2022,7,9,1,1975.866943359375,2149
3,2022,7,9,2,1884.034423828125,2071
3,2022,7,9,3,1851.1358642578125,2044
3,2022,7,9,4,1864.426513671875,2030
3,2022,7,9,5,1865.5340576171875,2035
3,2022,7,9,6,1853.80029296875,2072
3,2022,7,9,7,1848.2186279296875,2052
3,2022,7,9,8,1799.5701904296875,2008
3,2022,7,9,9,1706.2000732421875,1874
3,2022,7,9,10,1661.0489501953125,1830
3,2022,7,9,11,1834.349365234375,1711
3,2022,7,9,12,1865.7791748046875,1711
3,2022,7,9,13,1853.7374267578125,1818
3,2022,7,9,14,1992.44384765625,1965
3,2022,7,9,15,2260.568359375,2163
3,2022,7,9,16,2426.550537109375,2405
3,2022,7,9,17,2650.797119140625,2664
3,2022,7,9,18,2840.08642578125,2835
3,2022,7,9,19,2729.871826171875,2859
3,2022,7,9,20,2720.0947265625,2836
3,2022,7,9,21,2650.59521484375,2731
3,2022,7,9,22,2507.923583984375,2546
3,2022,7,9,23,2297.743408203125,2400
3,2022,7,9,24,2157.640869140625,2311
3,2022,7,10,1,2030.8499755859375,2174
3,2022,7,10,2,1941.620849609375,2083
3,2022,7,10,3,1885.77880859375,1961
3,2022,7,10,4,1885.5601806640625,1957
3,2022,7,10,5,1894.266357421875,1925
3,2022,7,10,6,1860.3013916015625,2006
3,2022,7,10,7,1879.06103515625,2087
3,2022,7,10,8,1792.904541015625,1954
3,2022,7,10,9,1703.3558349609375,1709
3,2022,7,10,10,1639.441162109375,1584
3,2022,7,10,11,1777.1016845703125,1571
3,2022,7,10,12,1820.06494140625,1627
3,2022,7,10,13,1852.66845703125,1728
3,2022,7,10,14,2100.473388671875,1896
3,2022,7,10,15,2209.0498046875,2104
3,2022,7,10,16,2416.6650390625,2380
3,2022,7,10,17,2691.201416015625,2695
3,2022,7,10,18,2775.08251953125,2877
3,2022,7,10,19,2765.794189453125,2868
3,2022,7,10,20,2751.232666015625,2842
3,2022,7,10,21,2662.455078125,2740
3,2022,7,10,22,2460.27587890625,2518
3,2022,7,10,23,2213.792724609375,2328
3,2022,7,10,24,2112.735107421875,2236
3,2022,7,11,1,2039.99560546875,2143
3,2022,7,11,2,1964.5330810546875,2098
3,2022,7,11,3,1938.946044921875,2017
3,2022,7,11,4,1947.18798828125,2043
3,2022,7,11,5,1983.1229248046875,2149
3,2022,7,11,6,2065.62353515625,2358
3,2022,7,11,7,2111.736572265625,2580
3,2022,7,11,8,2083.399658203125,2562
3,2022,7,11,9,2018.620849609375,2327
3,2022,7,11,10,1989.3355712890625,2071
3,2022,7,11,11,2003.0450439453125,1969
3,2022,7,11,12,2029.3214111328125,1952
3,2022,7,11,13,2078.233154296875,2031
3,2022,7,11,14,2309.110107421875,2191
3,2022,7,11,15,2349.90478515625,2361
3,2022,7,11,16,2487.405517578125,2551
3,2022,7,11,17,2631.692138671875,2737
3,2022,7,11,18,2671.0048828125,2799
3,2022,7,11,19,2696.656494140625,2794
3,2022,7,11,20,2705.18994140625,2770
3,2022,7,11,21,2584.316162109375,2669
3,2022,7,11,22,2397.754150390625,2511
3,2022,7,11,23,2194.2880859375,2382
3,2022,7,11,24,2091.938232421875,2195
3,2022,7,12,1,1983.92724609375,2169
3,2022,7,12,2,1909.9691162109375,2086
3,2022,7,12,3,1896.1456298828125,1979
3,2022,7,12,4,1936.3563232421875,1994
3,2022,7,12,5,2017.3291015625,2073
3,2022,7,12,6,2098.8271484375,2203
3,2022,7,12,7,2163.07861328125,2366
3,2022,7,12,8,2174.272705078125,2438
3,2022,7,12,9,2084.0732421875,2353
3,2022,7,12,10,1913.4884033203125,2036
3,2022,7,12,11,1938.1146240234375,1756
3,2022,7,12,12,1962.2919921875,1702
3,2022,7,12,13,1997.958984375,1773
3,2022,7,12,14,2071.81201171875,1928
3,2022,7,12,15,2126.37548828125,2094
3,2022,7,12,16,2318.417724609375,2299
3,2022,7,12,17,2482.26953125,2535
3,2022,7,12,18,2605.97705078125,2670
3,2022,7,12,19,2587.21533203125,2714
3,2022,7,12,20,2664.970703125,2713
3,2022,7,12,21,2567.73974609375,2610
3,2022,7,12,22,2387.885986328125,2438
3,2022,7,12,23,2193.552978515625,2326
3,2022,7,12,24,2054.947265625,2178
3,2022,7,13,1,1972.63818359375,2091
3,2022,7,13,2,1922.613037109375,1980
3,2022,7,13,3,1895.7576904296875,1951
3,2022,7,13,4,1912.93603515625,1981
3,2022,7,13,5,1956.7452392578125,2066
3,2022,7,13,6,2030.65185546875,2141
3,2022,7,13,7,2095.242431640625,2215
3,2022,7,13,8,2064.330810546875,2203
3,2022,7,13,9,2005.94775390625,2109
3,2022,7,13,10,1945.85302734375,2014
3,2022,7,13,11,1980.5751953125,1933
3,2022,7,13,12,2031.7650146484375,1990
3,2022,7,13,13,2078.233154296875,1949
3,2022,7,13,14,2186.19580078125,2098
3,2022,7,13,15,2318.050537109375,2243
3,2022,7,13,16,2468.91162109375,2450
3,2022,7,13,17,2637.022705078125,2641
3,2022,7,13,18,2684.54541015625,2753
3,2022,7,13,19,2702.972900390625,2768
3,2022,7,13,20,2697.180419921875,2779
3,2022,7,13,21,2584.574462890625,2688
3,2022,7,13,22,2405.7021484375,2499
3,2022,7,13,23,2221.099853515625,2329
3,2022,7,13,24,2105.162841796875,2225
3,2022,7,14,1,2022.691650390625,2107
3,2022,7,14,2,1964.0390625,2092
3,2022,7,14,3,1930.1590576171875,2014
3,2022,7,14,4,1945.9954833984375,2017
3,2022,7,14,5,2028.065673828125,2095
3,2022,7,14,6,2136.190185546875,2193
3,2022,7,14,7,2215.822509765625,2314
3,2022,7,14,8,2176.763427734375,2390
3,2022,7,14,9,2108.482421875,2366
3,2022,7,14,10,2018.7620849609375,2234
3,2022,7,14,11,2046.980224609375,2121
3,2022,7,14,12,2059.928466796875,2047
3,2022,7,14,13,2176.89892578125,1994
3,2022,7,14,14,2190.182861328125,2137
3,2022,7,14,15,2342.527099609375,2290
3,2022,7,14,16,2477.64794921875,2513
3,2022,7,14,17,2655.7275390625,2659
3,2022,7,14,18,2751.17724609375,2781
3,2022,7,14,19,2748.07861328125,2786
3,2022,7,14,20,2767.565673828125,2774
3,2022,7,14,21,2669.92529296875,2676
3,2022,7,14,22,2445.515380859375,2497
3,2022,7,14,23,2264.5634765625,2379
3,2022,7,14,24,2165.510986328125,2282
3,2022,7,15,1,2044.9554443359375,2269
3,2022,7,15,2,1968.0794677734375,2185
3,2022,7,15,3,1949.035888671875,2149
3,2022,7,15,4,1959.4464111328125,2154
3,2022,7,15,5,2041.8319091796875,2140
3,2022,7,15,6,2140.700927734375,2165
3,2022,7,15,7,2219.990478515625,2275
3,2022,7,15,8,2135.474853515625,2223
3,2022,7,15,9,2044.07080078125,2101
3,2022,7,15,10,2068.935791015625,1994
3,2022,7,15,11,2052.30810546875,1974
3,2022,7,15,12,2101.9404296875,1987
3,2022,7,15,13,2184.154052734375,2082
3,2022,7,15,14,2304.627197265625,2226
3,2022,7,15,15,2472.871826171875,2429
3,2022,7,15,16,2660.129150390625,2622
3,2022,7,15,17,2825.225830078125,2819
3,2022,7,15,18,2859.115234375,2883
3,2022,7,15,19,2909.511474609375,2870
3,2022,7,15,20,2842.562255859375,2844
3,2022,7,15,21,2674.506591796875,2749
3,2022,7,15,22,2422.168212890625,2583
3,2022,7,15,23,2264.5634765625,2401
3,2022,7,15,24,2139.0078125,2282
3,2022,7,16,1,2011.8341064453125,2198
3,2022,7,16,2,1942.072509765625,2122
3,2022,7,16,3,1885.77880859375,2021
3,2022,7,16,4,1885.5601806640625,2014
3,2022,7,16,5,1888.8931884765625,2004
3,2022,7,16,6,1871.4736328125,2016
3,2022,7,16,7,1894.93115234375,2137
3,2022,7,16,8,1912.759033203125,2229
3,2022,7,16,9,1969.4197998046875,2205
3,2022,7,16,10,1965.1942138671875,2044
3,2022,7,16,11,1995.6390380859375,1886
3,2022,7,16,12,2001.6522216796875,1869
3,2022,7,16,13,2121.141845703125,1979
3,2022,7,16,14,2268.610107421875,2091
3,2022,7,16,15,2419.04052734375,2295
3,2022,7,16,16,2751.66552734375,2529
3,2022,7,16,17,2798.020751953125,2718
3,2022,7,16,18,2812.277587890625,2814
3,2022,7,16,19,2914.353515625,2807
3,2022,7,16,20,2871.53759765625,2804
3,2022,7,16,21,2740.577880859375,2716
3,2022,7,16,22,2582.78271484375,2551
3,2022,7,16,23,2423.197509765625,2378
3,2022,7,16,24,2252.446533203125,2271
3,2022,7,17,1,2105.373291015625,2186
3,2022,7,17,2,2029.5072021484375,2056
3,2022,7,17,3,1926.3477783203125,1998
3,2022,7,17,4,1924.740478515625,1977
3,2022,7,17,5,1982.8857421875,1981
3,2022,7,17,6,2013.358154296875,2014
3,2022,7,17,7,2070.511474609375,2098
3,2022,7,17,8,2048.861328125,2192
3,2022,7,17,9,2093.580322265625,2123
3,2022,7,17,10,2060.1298828125,1951
3,2022,7,17,11,2082.72900390625,1867
3,2022,7,17,12,2128.447998046875,1936
3,2022,7,17,13,2129.8681640625,2144
3,2022,7,17,14,2246.84716796875,2416
3,2022,7,17,15,2403.882080078125,2466
3,2022,7,17,16,2624.274658203125,2494
3,2022,7,17,17,2729.18359375,2602
3,2022,7,17,18,2808.5830078125,2887
3,2022,7,17,19,2703.9189453125,3067
3,2022,7,17,20,2751.5869140625,2919
3,2022,7,17,21,2670.147216796875,2751
3,2022,7,17,22,2505.74267578125,2609
3,2022,7,17,23,2316.09423828125,2470
3,2022,7,17,24,2167.66650390625,2402
3,2022,7,18,1,2116.11376953125,2348
3,2022,7,18,2,2082.931884765625,2235
3,2022,7,18,3,2029.4766845703125,2152
3,2022,7,18,4,2018.0433349609375,2086
3,2022,7,18,5,2133.46728515625,2160
3,2022,7,18,6,2269.86279296875,2253
3,2022,7,18,7,2361.111328125,2336
3,2022,7,18,8,2407.79345703125,2385
3,2022,7,18,9,2478.631591796875,2325
3,2022,7,18,10,2371.759765625,2316
3,2022,7,18,11,2316.1279296875,2291
3,2022,7,18,12,2378.396484375,2352
3,2022,7,18,13,2446.14501953125,2477
3,2022,7,18,14,2573.998779296875,2583
3,2022,7,18,15,2664.061279296875,2725
3,2022,7,18,16,2677.667236328125,2897
3,2022,7,18,17,2854.26708984375,3104
3,2022,7,18,18,3044.504638671875,3194
3,2022,7,18,19,3098.45166015625,3180
3,2022,7,18,20,3023.874755859375,3107
3,2022,7,18,21,2847.0712890625,2952
3,2022,7,18,22,2629.16455078125,2731
3,2022,7,18,23,2449.3466796875,2548
3,2022,7,18,24,2267.610595703125,2384
3,2022,7,19,1,2137.667724609375,2342
3,2022,7,19,2,2092.11572265625,2348
3,2022,7,19,3,2062.84765625,2290
3,2022,7,19,4,2072.800537109375,2240
3,2022,7,19,5,2183.34716796875,2225
3,2022,7,19,6,2324.419677734375,2322
3,2022,7,19,7,2445.0546875,2516
3,2022,7,19,8,2422.9638671875,2432
3,2022,7,19,9,2348.53466796875,2325
3,2022,7,19,10,2479.880859375,2326
3,2022,7,19,11,2516.867431640625,2359
3,2022,7,19,12,2566.992431640625,2429
3,2022,7,19,13,2699.933349609375,2550
3,2022,7,19,14,2812.37255859375,2679
3,2022,7,19,15,2904.073486328125,2891
3,2022,7,19,16,3085.03955078125,3156
3,2022,7,19,17,3306.17529296875,3309
3,2022,7,19,18,3193.6904296875,3426
3,2022,7,19,19,3180.27978515625,3401
3,2022,7,19,20,3135.9375,3228
3,2022,7,19,21,2959.208740234375,3060
3,2022,7,19,22,2705.50048828125,2840
3,2022,7,19,23,2507.706298828125,2655
3,2022,7,19,24,2331.385009765625,2595
3,2022,7,20,1,2210.263427734375,2552
3,2022,7,20,2,2161.818359375,2468
3,2022,7,20,3,2111.12451171875,2409
3,2022,7,20,4,2088.937744140625,2406
3,2022,7,20,5,2185.95751953125,2341
3,2022,7,20,6,2296.14501953125,2374
3,2022,7,20,7,2358.888671875,2497
3,2022,7,20,8,2380.023681640625,2458
3,2022,7,20,9,2363.668701171875,2373
3,2022,7,20,10,2246.349609375,2268
3,2022,7,20,11,2308.771484375,2275
3,2022,7,20,12,2445.401611328125,2351
3,2022,7,20,13,2688.01220703125,2559
3,2022,7,20,14,2761.667724609375,2817
3,2022,7,20,15,2868.64794921875,3034
3,2022,7,20,16,2993.837646484375,3095
3,2022,7,20,17,2976.820068359375,3086
3,2022,7,20,18,2946.880615234375,3064
3,2022,7,20,19,3047.080810546875,3030
3,2022,7,20,20,3008.646240234375,3015
3,2022,7,20,21,2827.008056640625,2915
3,2022,7,20,22,2625.9814453125,2714
3,2022,7,20,23,2448.343017578125,2486
3,2022,7,20,24,2293.691650390625,2386
3,2022,7,21,1,2186.53271484375,2293
3,2022,7,21,2,2123.8671875,2196
3,2022,7,21,3,2080.056884765625,2147
3,2022,7,21,4,2073.3896484375,2179
3,2022,7,21,5,2143.235595703125,2208
3,2022,7,21,6,2284.623291015625,2356
3,2022,7,21,7,2355.605712890625,2585
3,2022,7,21,8,2362.180908203125,2630
3,2022,7,21,9,2362.235595703125,2574
3,2022,7,21,10,2399.54345703125,2415
3,2022,7,21,11,2469.89306640625,2379
3,2022,7,21,12,2401.693603515625,2428
3,2022,7,21,13,2596.937255859375,2508
3,2022,7,21,14,2621.832763671875,2684
3,2022,7,21,15,2831.1357421875,2814
3,2022,7,21,16,2986.02978515625,2963
3,2022,7,21,17,3045.381103515625,3007
3,2022,7,21,18,2904.3564453125,2990
3,2022,7,21,19,2749.13916015625,2967
3,2022,7,21,20,2766.802001953125,2930
3,2022,7,21,21,2669.92529296875,2804
3,2022,7,21,22,2421.69580078125,2591
3,2022,7,21,23,2199.490966796875,2417
3,2022,7,21,24,2095.4990234375,2312
3,2022,7,22,1,1995.336669921875,2194
3,2022,7,22,2,1952.095703125,2120
3,2022,7,22,3,1919.3829345703125,2052
3,2022,7,22,4,1944.0699462890625,2096
3,2022,7,22,5,2032.6334228515625,2160
3,2022,7,22,6,2142.865234375,2292
3,2022,7,22,7,2227.518310546875,2425
3,2022,7,22,8,2194.498779296875,2513
3,2022,7,22,9,2107.305419921875,2362
3,2022,7,22,10,2154.45947265625,2197
3,2022,7,22,11,2104.0537109375,2105
3,2022,7,22,12,2095.203369140625,2074
3,2022,7,22,13,2176.89892578125,2162
3,2022,7,22,14,2341.653564453125,2280
3,2022,7,22,15,2448.607666015625,2432
3,2022,7,22,16,2562.672607421875,2625
3,2022,7,22,17,2798.312255859375,2842
3,2022,7,22,18,2844.16259765625,2908
3,2022,7,22,19,2779.915771484375,2874
3,2022,7,22,20,2737.04296875,2832
3,2022,7,22,21,2623.235595703125,2732
3,2022,7,22,22,2420.904052734375,2565
3,2022,7,22,23,2264.5634765625,2394
3,2022,7,22,24,2162.22021484375,2296
3,2022,7,23,1,2029.1380615234375,2177
3,2022,7,23,2,1933.301513671875,2098
3,2022,7,23,3,1892.379638671875,2051
3,2022,7,23,4,1877.4259033203125,2045
3,2022,7,23,5,1879.785400390625,2062
3,2022,7,23,6,1881.439697265625,2095
3,2022,7,23,7,1930.0018310546875,2173
3,2022,7,23,8,1993.4593505859375,2219
3,2022,7,23,9,1847.5166015625,2016
3,2022,7,23,10,1729.7066650390625,1859
3,2022,7,23,11,1787.5302734375,1860
3,2022,7,23,12,1807.8616943359375,1832
3,2022,7,23,13,1884.8013916015625,1805
3,2022,7,23,14,2089.980712890625,1918
3,2022,7,23,15,2183.3173828125,2096
3,2022,7,23,16,2336.50830078125,2330
3,2022,7,23,17,2544.85595703125,2547
3,2022,7,23,18,2628.253173828125,2673
3,2022,7,23,19,2615.017333984375,2703
3,2022,7,23,20,2659.91650390625,2721
3,2022,7,23,21,2541.29052734375,2648
3,2022,7,23,22,2363.93017578125,2491
3,2022,7,23,23,2189.551025390625,2340
3,2022,7,23,24,2113.41455078125,2251
3,2022,7,24,1,2029.4744873046875,2156
3,2022,7,24,2,1931.5631103515625,2081
3,2022,7,24,3,1891.830078125,2022
3,2022,7,24,4,1875.9747314453125,1980
3,2022,7,24,5,1879.330322265625,1982
3,2022,7,24,6,1887.3526611328125,2000
3,2022,7,24,7,1928.6795654296875,2027
3,2022,7,24,8,1990.0941162109375,2053
3,2022,7,24,9,1896.96484375,1961
3,2022,7,24,10,1807.11572265625,1853
3,2022,7,24,11,1793.0098876953125,1736
3,2022,7,24,12,1782.3348388671875,1717
3,2022,7,24,13,1864.7279052734375,1787
3,2022,7,24,14,2032.2305908203125,1918
3,2022,7,24,15,2113.738037109375,2122
3,2022,7,24,16,2314.3935546875,2373
3,2022,7,24,17,2515.35791015625,2602
3,2022,7,24,18,2589.754638671875,2737
3,2022,7,24,19,2621.25048828125,2777
3,2022,7,24,20,2674.786865234375,2797
3,2022,7,24,21,2550.47265625,2709
3,2022,7,24,22,2389.04541015625,2538
3,2022,7,24,23,2189.853759765625,2379
3,2022,7,24,24,2119.3603515625,2317
3,2022,7,25,1,2068.17578125,2197
3,2022,7,25,2,1985.08154296875,2101
3,2022,7,25,3,1977.5859375,2063
3,2022,7,25,4,2014.0472412109375,2099
3,2022,7,25,5,2133.46728515625,2202
3,2022,7,25,6,2245.91064453125,2325
3,2022,7,25,7,2328.57177734375,2403
3,2022,7,25,8,2368.252685546875,2426
3,2022,7,25,9,2264.528076171875,2308
3,2022,7,25,10,2187.08935546875,2225
3,2022,7,25,11,2214.31884765625,2189
3,2022,7,25,12,2165.260009765625,2252
3,2022,7,25,13,2254.884033203125,2358
3,2022,7,25,14,2372.901123046875,2449
3,2022,7,25,15,2458.790283203125,2575
3,2022,7,25,16,2650.47314453125,2719
3,2022,7,25,17,2773.6875,2887
3,2022,7,25,18,2777.4521484375,2954
3,2022,7,25,19,2768.71337890625,2925
3,2022,7,25,20,2754.08203125,2897
3,2022,7,25,21,2659.60595703125,2780
3,2022,7,25,22,2443.827880859375,2576
3,2022,7,25,23,2264.5634765625,2384
3,2022,7,25,24,2165.510986328125,2318
3,2022,7,26,1,2043.0792236328125,2251
3,2022,7,26,2,1964.3853759765625,2183
3,2022,7,26,3,1952.569091796875,2129
3,2022,7,26,4,1988.4256591796875,2081
3,2022,7,26,5,2072.043212890625,2170
3,2022,7,26,6,2169.26708984375,2296
3,2022,7,26,7,2278.1142578125,2404
3,2022,7,26,8,2258.8251953125,2405
3,2022,7,26,9,2217.463623046875,2367
3,2022,7,26,10,2097.007568359375,2249
3,2022,7,26,11,2131.368896484375,2124
3,2022,7,26,12,2206.5556640625,2137
3,2022,7,26,13,2278.42578125,2238
3,2022,7,26,14,2434.402099609375,2378
3,2022,7,26,15,2486.97802734375,2520
3,2022,7,26,16,2663.670654296875,2806
3,2022,7,26,17,2848.348388671875,3004
3,2022,7,26,18,2965.6220703125,3073
3,2022,7,26,19,2848.239013671875,3032
3,2022,7,26,20,2828.232177734375,2981
3,2022,7,26,21,2746.390380859375,2866
3,2022,7,26,22,2539.779296875,2701
3,2022,7,26,23,2378.763916015625,2500
3,2022,7,26,24,2214.94970703125,2350
3,2022,7,27,1,2101.0029296875,2265
3,2022,7,27,2,2078.875732421875,2218
3,2022,7,27,3,2018.8004150390625,2153
3,2022,7,27,4,2050.79248046875,2106
3,2022,7,27,5,2147.587890625,2191
3,2022,7,27,6,2250.9716796875,2298
3,2022,7,27,7,2359.5546875,2327
3,2022,7,27,8,2448.163818359375,2304
3,2022,7,27,9,2351.886474609375,2363
3,2022,7,27,10,2253.554443359375,2269
3,2022,7,27,11,2268.5302734375,2227
3,2022,7,27,12,2209.845947265625,2285
3,2022,7,27,13,2311.215087890625,2343
3,2022,7,27,14,2423.3857421875,2489
3,2022,7,27,15,2537.4033203125,2675
3,2022,7,27,16,2650.935791015625,2846
3,2022,7,27,17,2793.959716796875,3005
3,2022,7,27,18,2794.692626953125,3062
3,2022,7,27,19,2686.120849609375,3032
3,2022,7,27,20,2747.426513671875,2996
3,2022,7,27,21,2684.004150390625,2874
3,2022,7,27,22,2513.846923828125,2680
3,2022,7,27,23,2375.62158203125,2472
3,2022,7,27,24,2256.932861328125,2339
3,2022,7,28,1,2123.559814453125,2260
3,2022,7,28,2,2020.188232421875,2228
3,2022,7,28,3,1953.1226806640625,2129
3,2022,7,28,4,1990.0020751953125,2090
3,2022,7,28,5,2131.9951171875,2199
3,2022,7,28,6,2245.91064453125,2288
3,2022,7,28,7,2303.859130859375,2356
3,2022,7,28,8,2290.5771484375,2338
3,2022,7,28,9,2187.685791015625,2365
3,2022,7,28,10,2211.955810546875,2292
3,2022,7,28,11,2239.537353515625,2130
3,2022,7,28,12,2196.647705078125,2152
3,2022,7,28,13,2406.06005859375,2266
3,2022,7,28,14,2533.02294921875,2442
3,2022,7,28,15,2620.33056640625,2656
3,2022,7,28,16,2686.0341796875,2864
3,2022,7,28,17,2851.00537109375,2982
3,2022,7,28,18,2983.076416015625,3039
3,2022,7,28,19,2855.662109375,2999
3,2022,7,28,20,2807.31201171875,2969
3,2022,7,28,21,2741.471923828125,2849
3,2022,7,28,22,2539.779296875,2666
3,2022,7,28,23,2377.943359375,2503
3,2022,7,28,24,2214.94970703125,2419
3,2022,7,29,1,2078.45458984375,2291
3,2022,7,29,2,1978.211181640625,2212
3,2022,7,29,3,1951.8458251953125,2092
3,2022,7,29,4,1988.4256591796875,2068
3,2022,7,29,5,2058.904052734375,2156
3,2022,7,29,6,2160.02490234375,2281
3,2022,7,29,7,2265.370361328125,2371
3,2022,7,29,8,2291.391357421875,2337
3,2022,7,29,9,2223.694580078125,2342
3,2022,7,29,10,2206.811279296875,2385
3,2022,7,29,11,2125.505615234375,2308
3,2022,7,29,12,2344.226318359375,2404
3,2022,7,29,13,2571.033935546875,2265
3,2022,7,29,14,2262.4697265625,2306
3,2022,7,29,15,2332.890380859375,2493
3,2022,7,29,16,2665.316162109375,2590
3,2022,7,29,17,2724.88818359375,2714
3,2022,7,29,18,2732.89501953125,2813
3,2022,7,29,19,2828.958251953125,2832
3,2022,7,29,20,2835.116943359375,2834
3,2022,7,29,21,2727.184326171875,2749
3,2022,7,29,22,2588.29345703125,2587
3,2022,7,29,23,2393.580078125,2407
3,2022,7,29,24,2259.321533203125,2304
3,2022,7,30,1,2123.31640625,2183
3,2022,7,30,2,2048.2431640625,2101
3,2022,7,30,3,2053.839599609375,2046
3,2022,7,30,4,2009.3544921875,2030
3,2022,7,30,5,2001.5133056640625,2057
3,2022,7,30,6,2022.7342529296875,2099
3,2022,7,30,7,2092.22412109375,2069
3,2022,7,30,8,2036.748291015625,2140
3,2022,7,30,9,1950.0113525390625,2174
3,2022,7,30,10,1907.7396240234375,2246
3,2022,7,30,11,1943.1085205078125,2207
3,2022,7,30,12,2013.2135009765625,2133
3,2022,7,30,13,1984.570068359375,2160
3,2022,7,30,14,2121.051025390625,2227
3,2022,7,30,15,2308.904541015625,2381
3,2022,7,30,16,2526.215087890625,2620
3,2022,7,30,17,2800.81396484375,2844
3,2022,7,30,18,2956.851806640625,2981
3,2022,7,30,19,3015.251220703125,2989
3,2022,7,30,20,2975.809814453125,2951
3,2022,7,30,21,2868.098388671875,2859
3,2022,7,30,22,2646.3671875,2705
3,2022,7,30,23,2438.19580078125,2506
3,2022,7,30,24,2293.14501953125,2390
3,2022,7,31,1,2238.264404296875,2263
3,2022,7,31,2,2179.98046875,2166
3,2022,7,31,3,2098.970458984375,2117
3,2022,7,31,4,2077.3603515625,2113
3,2022,7,31,5,2085.322265625,2110
3,2022,7,31,6,2140.33203125,2147
3,2022,7,31,7,2229.761474609375,2206
3,2022,7,31,8,2398.548095703125,2272
3,2022,7,31,9,2421.591552734375,2365
3,2022,7,31,10,2372.1669921875,2444
3,2022,7,31,11,2340.148681640625,2390
3,2022,7,31,12,2095.026123046875,2276
3,2022,7,31,13,2109.68701171875,2340
3,2022,7,31,14,2337.2431640625,2535
3,2022,7,31,15,2282.544189453125,2814
3,2022,7,31,16,2555.4111328125,2917
3,2022,7,31,17,2716.676513671875,3013
3,2022,7,31,18,2848.027099609375,3055
3,2022,7,31,19,3013.919189453125,3072
3,2022,7,31,20,2967.971435546875,3080
3,2022,7,31,21,2869.222412109375,3002
3,2022,7,31,22,2654.904296875,2810
3,2022,7,31,23,2398.32958984375,2582
3,2022,7,31,24,2275.02490234375,2479
3,2022,8,1,1,2286.13232421875,2404
3,2022,8,1,2,2240.580810546875,2283
3,2022,8,1,3,2177.356689453125,2236
3,2022,8,1,4,2196.5537109375,2265
3,2022,8,1,5,2289.308837890625,2372
3,2022,8,1,6,2464.9951171875,2510
3,2022,8,1,7,2523.37353515625,2697
3,2022,8,1,8,2623.466552734375,2752
3,2022,8,1,9,2614.616455078125,2815
3,2022,8,1,10,2851.417724609375,2778
3,2022,8,1,11,2687.569091796875,2686
3,2022,8,1,12,2411.85546875,2823
3,2022,8,1,13,2334.21826171875,2896
3,2022,8,1,14,2551.30615234375,2998
3,2022,8,1,15,2906.1533203125,3189
3,2022,8,1,16,3119.2900390625,3379
3,2022,8,1,17,3358.3515625,3440
3,2022,8,1,18,3310.64990234375,3442
3,2022,8,1,19,3163.413330078125,3371
3,2022,8,1,20,3155.547119140625,3310
3,2022,8,1,21,3100.18896484375,3164
3,2022,8,1,22,2738.25244140625,2929
3,2022,8,1,23,2488.5361328125,2712
3,2022,8,1,24,2336.264404296875,2671
3,2022,8,2,1,2224.801513671875,2663
3,2022,8,2,2,2173.04052734375,2618
3,2022,8,2,3,2159.795166015625,2554
3,2022,8,2,4,2173.348388671875,2406
3,2022,8,2,5,2282.110595703125,2415
3,2022,8,2,6,2419.16845703125,2521
3,2022,8,2,7,2459.294921875,2594
3,2022,8,2,8,2534.67041015625,2587
3,2022,8,2,9,2545.765380859375,2570
3,2022,8,2,10,2591.95751953125,2582
3,2022,8,2,11,2699.71337890625,2603
3,2022,8,2,12,2568.352294921875,2639
3,2022,8,2,13,2639.826416015625,2721
3,2022,8,2,14,2792.40380859375,2866
3,2022,8,2,15,2914.221923828125,3072
3,2022,8,2,16,3080.50439453125,3281
3,2022,8,2,17,3275.869873046875,3444
3,2022,8,2,18,3222.319091796875,3451
3,2022,8,2,19,3106.299072265625,3391
3,2022,8,2,20,3178.743896484375,3338
3,2022,8,2,21,3118.7353515625,3189
3,2022,8,2,22,2792.6357421875,2956
3,2022,8,2,23,2487.437255859375,2743
3,2022,8,2,24,2326.701416015625,2593
3,2022,8,3,1,2222.414794921875,2476
3,2022,8,3,2,2173.04052734375,2376
3,2022,8,3,3,2173.137451171875,2298
3,2022,8,3,4,2173.348388671875,2293
3,2022,8,3,5,2279.31103515625,2375
3,2022,8,3,6,2428.14794921875,2471
3,2022,8,3,7,2495.841552734375,2623
3,2022,8,3,8,2581.00341796875,2777
3,2022,8,3,9,2568.614501953125,2638
3,2022,8,3,10,2507.342041015625,2533
3,2022,8,3,11,2418.20751953125,2533
3,2022,8,3,12,2585.82373046875,2576
3,2022,8,3,13,2875.808349609375,2666
3,2022,8,3,14,2918.467041015625,2859
3,2022,8,3,15,3024.74658203125,3094
3,2022,8,3,16,3172.7177734375,3166
3,2022,8,3,17,3169.5380859375,3228
3,2022,8,3,18,3140.228759765625,3183
3,2022,8,3,19,3193.04833984375,3163
3,2022,8,3,20,3067.50341796875,3152
3,2022,8,3,21,3025.12109375,3025
3,2022,8,3,22,2774.3720703125,2792
3,2022,8,3,23,2530.266357421875,2574
3,2022,8,3,24,2374.110107421875,2493
3,2022,8,4,1,2240.048828125,2454
3,2022,8,4,2,2176.719482421875,2433
3,2022,8,4,3,2133.306640625,2320
3,2022,8,4,4,2151.8642578125,2231
3,2022,8,4,5,2266.4501953125,2290
3,2022,8,4,6,2415.551025390625,2361
3,2022,8,4,7,2505.641845703125,2425
3,2022,8,4,8,2595.1337890625,2441
3,2022,8,4,9,2640.636962890625,2484
3,2022,8,4,10,2470.753173828125,2576
3,2022,8,4,11,2419.862060546875,2722
3,2022,8,4,12,2540.994140625,3182
3,2022,8,4,13,2853.050537109375,3187
3,2022,8,4,14,3019.177001953125,2960
3,2022,8,4,15,3047.473388671875,2783
3,2022,8,4,16,3295.4658203125,2807
3,2022,8,4,17,3174.4677734375,2977
3,2022,8,4,18,3030.349853515625,2995
3,2022,8,4,19,3127.9638671875,3032
3,2022,8,4,20,3063.7900390625,3025
3,2022,8,4,21,3000.792236328125,2919
3,2022,8,4,22,2754.987548828125,2730
3,2022,8,4,23,2530.266357421875,2538
3,2022,8,4,24,2378.76953125,2452
3,2022,8,5,1,2290.90625,2400
3,2022,8,5,2,2237.662841796875,2410
3,2022,8,5,3,2184.571044921875,2312
3,2022,8,5,4,2204.015380859375,2325
3,2022,8,5,5,2294.936279296875,2292
3,2022,8,5,6,2425.753173828125,2346
3,2022,8,5,7,2502.077880859375,2453
3,2022,8,5,8,2566.1123046875,2532
3,2022,8,5,9,2578.668701171875,2741
3,2022,8,5,10,2558.690673828125,2605
3,2022,8,5,11,2542.27880859375,2532
3,2022,8,5,12,2375.654296875,2638
3,2022,8,5,13,2666.563720703125,2783
3,2022,8,5,14,2782.185791015625,2886
3,2022,8,5,15,2914.221923828125,3047
3,2022,8,5,16,3095.328125,3199
3,2022,8,5,17,3355.680908203125,3365
3,2022,8,5,18,3252.609619140625,3395
3,2022,8,5,19,3091.1767578125,3318
3,2022,8,5,20,3067.458740234375,3242
3,2022,8,5,21,3020.9326171875,3117
3,2022,8,5,22,2855.04150390625,2942
3,2022,8,5,23,2607.1533203125,2755
3,2022,8,5,24,2401.080322265625,2606
3,2022,8,6,1,2278.9189453125,2440
3,2022,8,6,2,2198.518798828125,2309
3,2022,8,6,3,2094.223876953125,2194
3,2022,8,6,4,2061.265869140625,2161
3,2022,8,6,5,2064.536865234375,2127
3,2022,8,6,6,2056.442626953125,2146
3,2022,8,6,7,2096.344970703125,2286
3,2022,8,6,8,2102.062744140625,2337
3,2022,8,6,9,2069.107177734375,2162
3,2022,8,6,10,2149.006103515625,2079
3,2022,8,6,11,2155.326416015625,2087
3,2022,8,6,12,2085.594970703125,2167
3,2022,8,6,13,2263.26806640625,2282
3,2022,8,6,14,2395.007080078125,2470
3,2022,8,6,15,2535.314208984375,2675
3,2022,8,6,16,2716.185302734375,2933
3,2022,8,6,17,2968.038330078125,3171
3,2022,8,6,18,3140.76025390625,3252
3,2022,8,6,19,3270.540283203125,3219
3,2022,8,6,20,3205.136474609375,3177
3,2022,8,6,21,3111.486328125,3053
3,2022,8,6,22,2905.6103515625,2878
3,2022,8,6,23,2643.234130859375,2685
3,2022,8,6,24,2471.083984375,2522
3,2022,8,7,1,2295.701904296875,2363
3,2022,8,7,2,2198.980224609375,2259
3,2022,8,7,3,2125.8544921875,2128
3,2022,8,7,4,2083.31884765625,2092
3,2022,8,7,5,2110.035888671875,2087
3,2022,8,7,6,2099.47021484375,2070
3,2022,8,7,7,2132.548583984375,2157
3,2022,8,7,8,2174.135498046875,2208
3,2022,8,7,9,2278.35205078125,2187
3,2022,8,7,10,2307.52294921875,2216
3,2022,8,7,11,2409.29833984375,2294
3,2022,8,7,12,2634.6494140625,2425
3,2022,8,7,13,2831.205810546875,2580
3,2022,8,7,14,2877.153076171875,2827
3,2022,8,7,15,3085.712890625,2931
3,2022,8,7,16,3293.22314453125,3006
3,2022,8,7,17,3345.793212890625,3144
3,2022,8,7,18,3331.4833984375,3193
3,2022,8,7,19,3323.624755859375,3160
3,2022,8,7,20,3273.03662109375,3130
3,2022,8,7,21,3136.88525390625,3036
3,2022,8,7,22,2896.6669921875,2840
3,2022,8,7,23,2629.956787109375,2609
3,2022,8,7,24,2467.852783203125,2544
3,2022,8,8,1,2333.240234375,2415
3,2022,8,8,2,2247.16552734375,2302
3,2022,8,8,3,2227.4775390625,2239
3,2022,8,8,4,2206.793212890625,2244
3,2022,8,8,5,2276.577880859375,2304
3,2022,8,8,6,2432.9482421875,2391
3,2022,8,8,7,2496.376708984375,2488
3,2022,8,8,8,2633.083251953125,2593
3,2022,8,8,9,2609.7802734375,2717
3,2022,8,8,10,2636.49755859375,2723
3,2022,8,8,11,2546.514892578125,2707
3,2022,8,8,12,2678.8564453125,2735
3,2022,8,8,13,2838.941162109375,2894
3,2022,8,8,14,2914.794677734375,3097
3,2022,8,8,15,3128.5908203125,3308
3,2022,8,8,16,3307.40478515625,3453
3,2022,8,8,17,3499.146240234375,3592
3,2022,8,8,18,3540.3818359375,3565
3,2022,8,8,19,3503.354736328125,3499
3,2022,8,8,20,3398.64892578125,3506
3,2022,8,8,21,3208.719482421875,3332
3,2022,8,8,22,2978.449951171875,3089
3,2022,8,8,23,2738.94189453125,2829
3,2022,8,8,24,2562.804443359375,2669
3,2022,8,9,1,2446.7216796875,2533
3,2022,8,9,2,2346.893798828125,2445
3,2022,8,9,3,2269.96435546875,2404
3,2022,8,9,4,2241.353271484375,2433
3,2022,8,9,5,2308.120849609375,2428
3,2022,8,9,6,2464.9951171875,2556
3,2022,8,9,7,2518.093994140625,2749
3,2022,8,9,8,2604.9921875,2955
3,2022,8,9,9,2666.263671875,2904
3,2022,8,9,10,2735.138916015625,2922
3,2022,8,9,11,2734.27001953125,2853
3,2022,8,9,12,2937.24365234375,2912
3,2022,8,9,13,2921.98583984375,2986
3,2022,8,9,14,2966.00634765625,3142
3,2022,8,9,15,3157.1552734375,3386
3,2022,8,9,16,3483.321044921875,3601
3,2022,8,9,17,3623.083251953125,3822
3,2022,8,9,18,3717.0732421875,3893
3,2022,8,9,19,3403.268310546875,3840
3,2022,8,9,20,3451.81787109375,3786
3,2022,8,9,21,3345.249755859375,3598
3,2022,8,9,22,2989.7666015625,3273
3,2022,8,9,23,2682.484619140625,3023
3,2022,8,9,24,2489.978515625,2857
3,2022,8,10,1,2335.174072265625,2711
3,2022,8,10,2,2238.390625,2589
3,2022,8,10,3,2215.392333984375,2493
3,2022,8,10,4,2237.7109375,2485
3,2022,8,10,5,2309.45947265625,2541
3,2022,8,10,6,2464.9951171875,2701
3,2022,8,10,7,2518.093994140625,2834
3,2022,8,10,8,2611.173828125,2963
3,2022,8,10,9,2763.1826171875,2998
3,2022,8,10,10,2686.431396484375,2987
3,2022,8,10,11,2869.8662109375,3003
3,2022,8,10,12,3007.0751953125,3098
3,2022,8,10,13,3141.796142578125,3234
3,2022,8,10,14,3110.008544921875,3374
3,2022,8,10,15,3415.941650390625,3517
3,2022,8,10,16,3492.402099609375,3679
3,2022,8,10,17,3649.712158203125,3858
3,2022,8,10,18,3633.849609375,3898
3,2022,8,10,19,3281.15625,3816
3,2022,8,10,20,3403.431884765625,3675
3,2022,8,10,21,3290.330810546875,3473
3,2022,8,10,22,2999.209716796875,3167
3,2022,8,10,23,2736.133056640625,2902
3,2022,8,10,24,2527.8427734375,2760
3,2022,8,11,1,2442.73681640625,2662
3,2022,8,11,2,2346.893798828125,2668
3,2022,8,11,3,2250.123046875,2467
3,2022,8,11,4,2237.529296875,2393
3,2022,8,11,5,2308.120849609375,2441
3,2022,8,11,6,2464.9951171875,2539
3,2022,8,11,7,2518.093994140625,2659
3,2022,8,11,8,2604.9921875,2698
3,2022,8,11,9,2567.6650390625,2680
3,2022,8,11,10,2558.50244140625,2752
3,2022,8,11,11,2669.223388671875,2865
3,2022,8,11,12,2946.73388671875,2989
3,2022,8,11,13,3021.2685546875,3092
3,2022,8,11,14,3064.978515625,3249
3,2022,8,11,15,3180.745361328125,3453
3,2022,8,11,16,3402.950927734375,3656
3,2022,8,11,17,3439.822509765625,3816
3,2022,8,11,18,3314.94775390625,3826
3,2022,8,11,19,3358.81005859375,3717
3,2022,8,11,20,3309.17626953125,3586
3,2022,8,11,21,3110.8740234375,3413
3,2022,8,11,22,2886.91943359375,3130
3,2022,8,11,23,2661.548828125,2875
3,2022,8,11,24,2496.083740234375,2716
3,2022,8,12,1,2347.030029296875,2582
3,2022,8,12,2,2266.025146484375,2524
3,2022,8,12,3,2250.123046875,2502
3,2022,8,12,4,2231.52392578125,2376
3,2022,8,12,5,2294.936279296875,2431
3,2022,8,12,6,2394.395751953125,2555
3,2022,8,12,7,2499.465087890625,2767
3,2022,8,12,8,2558.5322265625,2885
3,2022,8,12,9,2528.001220703125,2919
3,2022,8,12,10,2688.762939453125,2780
3,2022,8,12,11,2736.7783203125,2796
3,2022,8,12,12,2870.931640625,2863
3,2022,8,12,13,3044.962158203125,3050
3,2022,8,12,14,3157.54150390625,3267
3,2022,8,12,15,3377.825439453125,3477
3,2022,8,12,16,3404.621337890625,3471
3,2022,8,12,17,3522.083984375,3581
3,2022,8,12,18,3438.802001953125,3601
3,2022,8,12,19,3439.35400390625,3596
3,2022,8,12,20,3370.14111328125,3522
3,2022,8,12,21,3190.27392578125,3386
3,2022,8,12,22,2959.4072265625,3189
3,2022,8,12,23,2690.748779296875,2993
3,2022,8,12,24,2496.083740234375,2903
3,2022,8,13,1,2337.128662109375,2657
3,2022,8,13,2,2221.4501953125,2552
3,2022,8,13,3,2181.703125,2458
3,2022,8,13,4,2174.301025390625,2435
3,2022,8,13,5,2150.766357421875,2424
3,2022,8,13,6,2134.5341796875,2465
3,2022,8,13,7,2249.947509765625,2565
3,2022,8,13,8,2327.703857421875,2683
3,2022,8,13,9,2433.07177734375,2665
3,2022,8,13,10,2542.238037109375,2701
3,2022,8,13,11,2784.3115234375,2604
3,2022,8,13,12,2927.830078125,2688
3,2022,8,13,13,3058.309326171875,2877
3,2022,8,13,14,3092.993408203125,2955
3,2022,8,13,15,3215.155029296875,3160
3,2022,8,13,16,3375.18603515625,3292
3,2022,8,13,17,3404.214111328125,3486
3,2022,8,13,18,3486.6220703125,3590
3,2022,8,13,19,3497.40771484375,3551
3,2022,8,13,20,3347.873291015625,3468
3,2022,8,13,21,3150.06591796875,3315
3,2022,8,13,22,2896.6669921875,3079
3,2022,8,13,23,2635.3876953125,2854
3,2022,8,13,24,2473.9580078125,2706
3,2022,8,14,1,2337.128662109375,2573
3,2022,8,14,2,2221.0380859375,2475
3,2022,8,14,3,2220.493896484375,2422
3,2022,8,14,4,2244.134521484375,2359
3,2022,8,14,5,2237.229248046875,2308
3,2022,8,14,6,2134.402587890625,2317
3,2022,8,14,7,2214.1171875,2434
3,2022,8,14,8,2223.239990234375,2471
3,2022,8,14,9,2294.951904296875,2460
3,2022,8,14,10,2307.76220703125,2458
3,2022,8,14,11,2348.770751953125,2393
3,2022,8,14,12,2490.957763671875,2450
3,2022,8,14,13,2626.623779296875,2638
3,2022,8,14,14,2663.879638671875,2891
3,2022,8,14,15,3032.667236328125,3096
3,2022,8,14,16,3380.296875,3329
3,2022,8,14,17,3489.38525390625,3599
3,2022,8,14,18,3436.182861328125,3678
3,2022,8,14,19,3397.144775390625,3611
3,2022,8,14,20,3297.427978515625,3520
3,2022,8,14,21,3135.58740234375,3373
3,2022,8,14,22,2896.6669921875,3178
3,2022,8,14,23,2633.688720703125,2931
3,2022,8,14,24,2473.9580078125,2733
3,2022,8,15,1,2347.030029296875,2568
3,2022,8,15,2,2231.2080078125,2466
3,2022,8,15,3,2212.272216796875,2424
3,2022,8,15,4,2213.445556640625,2443
3,2022,8,15,5,2297.5419921875,2552
3,2022,8,15,6,2437.218505859375,2689
3,2022,8,15,7,2586.998779296875,2775
3,2022,8,15,8,2712.794921875,2780
3,2022,8,15,9,2628.18603515625,2774
3,2022,8,15,10,2699.29345703125,2808
3,2022,8,15,11,2639.629638671875,2841
3,2022,8,15,12,2687.7626953125,2914
3,2022,8,15,13,2781.983154296875,3026
3,2022,8,15,14,2903.143310546875,3194
3,2022,8,15,15,3070.84619140625,3409
3,2022,8,15,16,3214.68359375,3568
3,2022,8,15,17,3362.79052734375,3734
3,2022,8,15,18,3410.949462890625,3751
3,2022,8,15,19,3072.2568359375,3638
3,2022,8,15,20,3182.423828125,3491
3,2022,8,15,21,3120.1796875,3281
3,2022,8,15,22,2845.592041015625,2986
3,2022,8,15,23,2640.240966796875,2733
3,2022,8,15,24,2485.3232421875,2610
3,2022,8,16,1,2333.240234375,2512
3,2022,8,16,2,2236.53076171875,2510
3,2022,8,16,3,2209.79296875,2417
3,2022,8,16,4,2205.57666015625,2352
3,2022,8,16,5,2289.844970703125,2393
3,2022,8,16,6,2428.01416015625,2519
3,2022,8,16,7,2502.6484375,2634
3,2022,8,16,8,2578.688720703125,2726
3,2022,8,16,9,2584.964111328125,2585
3,2022,8,16,10,2548.1220703125,2612
3,2022,8,16,11,2674.837646484375,2698
3,2022,8,16,12,2642.08447265625,2776
3,2022,8,16,13,2859.304443359375,2958
3,2022,8,16,14,2869.928955078125,3205
3,2022,8,16,15,3129.540771484375,3429
3,2022,8,16,16,3222.00830078125,3595
3,2022,8,16,17,3227.546142578125,3753
3,2022,8,16,18,3429.24072265625,3752
3,2022,8,16,19,3373.734130859375,3652
3,2022,8,16,20,3325.60205078125,3503
3,2022,8,16,21,3159.8193359375,3308
3,2022,8,16,22,2933.3994140625,3023
3,2022,8,16,23,2666.2353515625,2776
3,2022,8,16,24,2489.978515625,2652
3,2022,8,17,1,2333.240234375,2524
3,2022,8,17,2,2275.001708984375,2424
3,2022,8,17,3,2258.641357421875,2404
3,2022,8,17,4,2277.632080078125,2353
3,2022,8,17,5,2353.403076171875,2483
3,2022,8,17,6,2436.709228515625,2601
3,2022,8,17,7,2587.802001953125,2771
3,2022,8,17,8,2687.5556640625,2805
3,2022,8,17,9,2635.962646484375,2760
3,2022,8,17,10,2683.287353515625,2780
3,2022,8,17,11,2811.967529296875,2763
3,2022,8,17,12,2903.1044921875,2857
3,2022,8,17,13,2870.303955078125,3029
3,2022,8,17,14,2869.928955078125,3260
3,2022,8,17,15,3033.3232421875,3412
3,2022,8,17,16,3141.661865234375,3567
3,2022,8,17,17,3232.200927734375,3738
3,2022,8,17,18,3448.156005859375,3731
3,2022,8,17,19,3482.165283203125,3627
3,2022,8,17,20,3405.42431640625,3519
3,2022,8,17,21,3191.892333984375,3350
3,2022,8,17,22,2929.5771484375,3105
3,2022,8,17,23,2681.239501953125,2865
3,2022,8,17,24,2489.978515625,2681
3,2022,8,18,1,2334.32275390625,2563
3,2022,8,18,2,2236.53076171875,2520
3,2022,8,18,3,2209.79296875,2430
3,2022,8,18,4,2202.83203125,2397
3,2022,8,18,5,2292.130859375,2504
3,2022,8,18,6,2394.395751953125,2643
3,2022,8,18,7,2573.3623046875,2726
3,2022,8,18,8,2655.322509765625,2788
3,2022,8,18,9,2576.260986328125,2757
3,2022,8,18,10,2661.51611328125,2756
3,2022,8,18,11,2619.052001953125,2791
3,2022,8,18,12,2677.7880859375,2893
3,2022,8,18,13,2786.507568359375,2995
3,2022,8,18,14,2818.50390625,3132
3,2022,8,18,15,2971.987548828125,3278
3,2022,8,18,16,3166.692626953125,3404
3,2022,8,18,17,3220.90185546875,3555
3,2022,8,18,18,3237.79150390625,3581
3,2022,8,18,19,3148.62451171875,3506
3,2022,8,18,20,3130.808349609375,3388
3,2022,8,18,21,2920.948486328125,3228
3,2022,8,18,22,2663.770263671875,2939
3,2022,8,18,23,2464.703369140625,2709
3,2022,8,18,24,2322.006103515625,2581
3,2022,8,19,1,2220.945556640625,2443
3,2022,8,19,2,2145.79541015625,2351
3,2022,8,19,3,2100.0634765625,2304
3,2022,8,19,4,2105.66650390625,2304
3,2022,8,19,5,2198.302734375,2369
3,2022,8,19,6,2347.409912109375,2496
3,2022,8,19,7,2439.563232421875,2623
3,2022,8,19,8,2505.106689453125,2770
3,2022,8,19,9,2364.009765625,2706
3,2022,8,19,10,2296.868408203125,2607
3,2022,8,19,11,2218.861572265625,2495
3,2022,8,19,12,2362.640869140625,2547
3,2022,8,19,13,2541.03271484375,2670
3,2022,8,19,14,2743.9267578125,2783
3,2022,8,19,15,2814.629638671875,2975
3,2022,8,19,16,3108.785400390625,3136
3,2022,8,19,17,3109.8896484375,3261
3,2022,8,19,18,3058.01171875,3219
3,2022,8,19,19,3053.0546875,3147
3,2022,8,19,20,3015.01611328125,3084
3,2022,8,19,21,2902.716552734375,2982
3,2022,8,19,22,2670.53125,2834
3,2022,8,19,23,2458.543212890625,2612
3,2022,8,19,24,2307.197509765625,2498
3,2022,8,20,1,2206.17529296875,2384
3,2022,8,20,2,2126.76318359375,2295
3,2022,8,20,3,2061.397216796875,2196
3,2022,8,20,4,2034.0670166015625,2171
3,2022,8,20,5,2017.9334716796875,2178
3,2022,8,20,6,2036.869384765625,2219
3,2022,8,20,7,2057.962158203125,2344
3,2022,8,20,8,2045.1556396484375,2470
3,2022,8,20,9,1979.452880859375,2265
3,2022,8,20,10,1933.73779296875,2082
3,2022,8,20,11,1877.0504150390625,2020
3,2022,8,20,12,1995.1226806640625,2080
3,2022,8,20,13,2154.435302734375,2097
3,2022,8,20,14,2377.75439453125,2261
3,2022,8,20,15,2604.244384765625,2469
3,2022,8,20,16,2604.5234375,2690
3,2022,8,20,17,2834.98583984375,2900
3,2022,8,20,18,2893.871826171875,2992
3,2022,8,20,19,2910.120361328125,2988
3,2022,8,20,20,2869.140869140625,2962
3,2022,8,20,21,2709.1923828125,2879
3,2022,8,20,22,2565.567626953125,2733
3,2022,8,20,23,2407.661376953125,2579
3,2022,8,20,24,2288.265869140625,2494
3,2022,8,21,1,2188.881591796875,2397
3,2022,8,21,2,2109.861572265625,2306
3,2022,8,21,3,2065.152587890625,2234
3,2022,8,21,4,2017.741943359375,2209
3,2022,8,21,5,2031.4591064453125,2176
3,2022,8,21,6,2060.69580078125,2187
3,2022,8,21,7,2147.50390625,2264
3,2022,8,21,8,2187.1396484375,2387
3,2022,8,21,9,2125.9580078125,2511
3,2022,8,21,10,2068.38232421875,2496
3,2022,8,21,11,1959.9776611328125,2290
3,2022,8,21,12,1940.8897705078125,2022
3,2022,8,21,13,2177.991943359375,2011
3,2022,8,21,14,2301.478759765625,2062
3,2022,8,21,15,2561.56103515625,2278
3,2022,8,21,16,2919.1318359375,2571
3,2022,8,21,17,2969.00439453125,2833
3,2022,8,21,18,2935.568115234375,2959
3,2022,8,21,19,2960.63720703125,2973
3,2022,8,21,20,2864.8955078125,2945
3,2022,8,21,21,2694.42041015625,2818
3,2022,8,21,22,2544.54150390625,2622
3,2022,8,21,23,2388.197021484375,2445
3,2022,8,21,24,2264.086181640625,2366
3,2022,8,22,1,2182.5556640625,2294
3,2022,8,22,2,2124.376953125,2205
3,2022,8,22,3,2094.898681640625,2156
3,2022,8,22,4,2102.994384765625,2195
3,2022,8,22,5,2175.224853515625,2313
3,2022,8,22,6,2327.816162109375,2485
3,2022,8,22,7,2433.939697265625,2591
3,2022,8,22,8,2485.157958984375,2611
3,2022,8,22,9,2420.150146484375,2607
3,2022,8,22,10,2312.85546875,2519
3,2022,8,22,11,2276.609619140625,2494
3,2022,8,22,12,2451.96630859375,2566
3,2022,8,22,13,2598.939453125,2658
3,2022,8,22,14,2831.985107421875,2781
3,2022,8,22,15,2818.539794921875,3004
3,2022,8,22,16,3145.419677734375,3182
3,2022,8,22,17,3199.112548828125,3352
3,2022,8,22,18,3227.33642578125,3378
3,2022,8,22,19,3150.9541015625,3303
3,2022,8,22,20,3151.609130859375,3204
3,2022,8,22,21,2925.456787109375,3033
3,2022,8,22,22,2673.773193359375,2793
3,2022,8,22,23,2473.81103515625,2573
3,2022,8,22,24,2321.701416015625,2451
3,2022,8,23,1,2216.806396484375,2347
3,2022,8,23,2,2141.435302734375,2291
3,2022,8,23,3,2121.489990234375,2222
3,2022,8,23,4,2122.075439453125,2227
3,2022,8,23,5,2204.25244140625,2337
3,2022,8,23,6,2349.16845703125,2505
3,2022,8,23,7,2437.08447265625,2653
3,2022,8,23,8,2482.609130859375,2768
3,2022,8,23,9,2346.390380859375,2690
3,2022,8,23,10,2297.424072265625,2601
3,2022,8,23,11,2346.610595703125,2545
3,2022,8,23,12,2543.42431640625,2558
3,2022,8,23,13,2719.872802734375,2646
3,2022,8,23,14,2820.9384765625,2786
3,2022,8,23,15,3034.826171875,2968
3,2022,8,23,16,3246.30615234375,3150
3,2022,8,23,17,3196.627197265625,3303
3,2022,8,23,18,3186.523681640625,3311
3,2022,8,23,19,3197.770751953125,3261
3,2022,8,23,20,3157.94140625,3178
3,2022,8,23,21,3010.38232421875,3024
3,2022,8,23,22,2731.786865234375,2780
3,2022,8,23,23,2461.165283203125,2570
3,2022,8,23,24,2307.197509765625,2463
3,2022,8,24,1,2221.995361328125,2360
3,2022,8,24,2,2145.79541015625,2328
3,2022,8,24,3,2102.184326171875,2236
3,2022,8,24,4,2106.94189453125,2226
3,2022,8,24,5,2227.7666015625,2328
3,2022,8,24,6,2409.048583984375,2496
3,2022,8,24,7,2540.14453125,2685
3,2022,8,24,8,2584.2470703125,2839
3,2022,8,24,9,2586.743896484375,2788
3,2022,8,24,10,2671.386962890625,2704
3,2022,8,24,11,2690.220703125,2622
3,2022,8,24,12,2610.053955078125,2603
3,2022,8,24,13,2883.549560546875,2710
3,2022,8,24,14,2949.8505859375,2940
3,2022,8,24,15,3118.53173828125,3145
3,2022,8,24,16,3222.358154296875,3294
3,2022,8,24,17,3273.513427734375,3420
3,2022,8,24,18,3202.1416015625,3410
3,2022,8,24,19,3126.773193359375,3346
3,2022,8,24,20,3181.68359375,3249
3,2022,8,24,21,3133.829833984375,3098
3,2022,8,24,22,2884.603515625,2848
3,2022,8,24,23,2610.38330078125,2628
3,2022,8,24,24,2396.4208984375,2524
3,2022,8,25,1,2232.95556640625,2444
3,2022,8,25,2,2176.719482421875,2411
3,2022,8,25,3,2173.137451171875,2362
3,2022,8,25,4,2192.1474609375,2333
3,2022,8,25,5,2282.572509765625,2401
3,2022,8,25,6,2394.395751953125,2519
3,2022,8,25,7,2578.292724609375,2679
3,2022,8,25,8,2648.7734375,2743
3,2022,8,25,9,2569.9853515625,2852
3,2022,8,25,10,2673.742431640625,2737
3,2022,8,25,11,2800.0927734375,2682
3,2022,8,25,12,2818.862060546875,2761
3,2022,8,25,13,2936.93408203125,2833
3,2022,8,25,14,3131.997802734375,3021
3,2022,8,25,15,3103.350830078125,3215
3,2022,8,25,16,3241.2666015625,3414
3,2022,8,25,17,3485.561279296875,3582
3,2022,8,25,18,3484.382568359375,3601
3,2022,8,25,19,3229.839599609375,3512
3,2022,8,25,20,3181.093994140625,3413
3,2022,8,25,21,3115.200927734375,3251
3,2022,8,25,22,2845.592041015625,3001
3,2022,8,25,23,2607.1533203125,2768
3,2022,8,25,24,2411.68701171875,2625
3,2022,8,26,1,2317.9638671875,2490
3,2022,8,26,2,2237.662841796875,2396
3,2022,8,26,3,2184.571044921875,2321
3,2022,8,26,4,2204.015380859375,2321
3,2022,8,26,5,2294.936279296875,2419
3,2022,8,26,6,2390.961181640625,2568
3,2022,8,26,7,2580.32080078125,2745
3,2022,8,26,8,2717.8984375,2881
3,2022,8,26,9,2617.7744140625,2901
3,2022,8,26,10,2653.69677734375,2842
3,2022,8,26,11,2692.18798828125,2795
3,2022,8,26,12,2581.333984375,2924
3,2022,8,26,13,2860.791748046875,3093
3,2022,8,26,14,2931.10595703125,3178
3,2022,8,26,15,2999.625,3309
3,2022,8,26,16,3135.067138671875,3439
3,2022,8,26,17,3487.341796875,3571
3,2022,8,26,18,3380.833740234375,3518
3,2022,8,26,19,3246.66162109375,3402
3,2022,8,26,20,3130.289794921875,3319
3,2022,8,26,21,3009.1630859375,3117
3,2022,8,26,22,2731.786865234375,2905
3,2022,8,26,23,2461.165283203125,2723
3,2022,8,26,24,2318.753173828125,2599
3,2022,8,27,1,2212.25048828125,2459
3,2022,8,27,2,2126.76318359375,2342
3,2022,8,27,3,2076.526611328125,2290
3,2022,8,27,4,2061.71337890625,2303
3,2022,8,27,5,2075.323974609375,2227
3,2022,8,27,6,2070.378173828125,2268
3,2022,8,27,7,2123.483154296875,2318
3,2022,8,27,8,2141.101806640625,2292
3,2022,8,27,9,2037.289794921875,2234
3,2022,8,27,10,1944.883056640625,2256
3,2022,8,27,11,2006.7042236328125,2192
3,2022,8,27,12,2043.697998046875,2227
3,2022,8,27,13,2138.18212890625,2330
3,2022,8,27,14,2187.2734375,2423
3,2022,8,27,15,2427.901611328125,2736
3,2022,8,27,16,2655.306396484375,2854
3,2022,8,27,17,2823.597900390625,3070
3,2022,8,27,18,2928.173583984375,3132
3,2022,8,27,19,2847.483154296875,3090
3,2022,8,27,20,2828.37744140625,3015
3,2022,8,27,21,2721.578369140625,2898
3,2022,8,27,22,2576.709228515625,2719
3,2022,8,27,23,2439.531982421875,2556
3,2022,8,27,24,2289.28271484375,2477
3,2022,8,28,1,2212.422119140625,2378
3,2022,8,28,2,2126.958740234375,2414
3,2022,8,28,3,2082.7158203125,2353
3,2022,8,28,4,2067.213623046875,2284
3,2022,8,28,5,2076.067626953125,2167
3,2022,8,28,6,2079.709228515625,2199
3,2022,8,28,7,2150.0771484375,2278
3,2022,8,28,8,2237.743896484375,2140
3,2022,8,28,9,2173.30029296875,1988
3,2022,8,28,10,2049.752197265625,1979
3,2022,8,28,11,1887.1129150390625,1953
3,2022,8,28,12,1988.923583984375,1984
3,2022,8,28,13,2071.208984375,2091
3,2022,8,28,14,2098.422119140625,2241
3,2022,8,28,15,2375.719970703125,2463
3,2022,8,28,16,2546.08056640625,2748
3,2022,8,28,17,2771.775390625,2970
3,2022,8,28,18,2889.96044921875,3053
3,2022,8,28,19,2827.80859375,3055
3,2022,8,28,20,2789.427490234375,2999
3,2022,8,28,21,2668.197998046875,2859
3,2022,8,28,22,2546.94384765625,2658
3,2022,8,28,23,2362.11474609375,2477
3,2022,8,28,24,2288.265869140625,2404
3,2022,8,29,1,2218.59521484375,2303
3,2022,8,29,2,2145.990966796875,2232
3,2022,8,29,3,2110.760498046875,2232
3,2022,8,29,4,2125.089111328125,2238
3,2022,8,29,5,2235.82861328125,2365
3,2022,8,29,6,2415.78662109375,2532
3,2022,8,29,7,2496.231201171875,2663
3,2022,8,29,8,2593.564208984375,2748
3,2022,8,29,9,2465.412109375,2731
3,2022,8,29,10,2375.130126953125,2646
3,2022,8,29,11,2416.430419921875,2536
3,2022,8,29,12,2527.755859375,2524
3,2022,8,29,13,2607.170654296875,2640
3,2022,8,29,14,2818.1328125,2792
3,2022,8,29,15,2850.235107421875,2997
3,2022,8,29,16,3011.5107421875,3205
3,2022,8,29,17,3114.72900390625,3388
3,2022,8,29,18,3073.018310546875,3388
3,2022,8,29,19,3052.14208984375,3320
3,2022,8,29,20,3000.14208984375,3224
3,2022,8,29,21,2882.01171875,3058
3,2022,8,29,22,2668.741943359375,2805
3,2022,8,29,23,2455.15234375,2576
3,2022,8,29,24,2307.197509765625,2471
3,2022,8,30,1,2220.623291015625,2337
3,2022,8,30,2,2140.52001953125,2254
3,2022,8,30,3,2112.44970703125,2209
3,2022,8,30,4,2125.089111328125,2216
3,2022,8,30,5,2227.262451171875,2330
3,2022,8,30,6,2407.7353515625,2499
3,2022,8,30,7,2527.861572265625,2780
3,2022,8,30,8,2599.16357421875,2885
3,2022,8,30,9,2615.614990234375,2786
3,2022,8,30,10,2656.498046875,2624
3,2022,8,30,11,2901.318115234375,2640
3,2022,8,30,12,2984.610107421875,2774
3,2022,8,30,13,3082.13623046875,2966
3,2022,8,30,14,3113.621337890625,3208
3,2022,8,30,15,3367.702880859375,3464
3,2022,8,30,16,3588.171142578125,3661
3,2022,8,30,17,3440.019775390625,3790
3,2022,8,30,18,3348.90283203125,3716
3,2022,8,30,19,3381.51513671875,3627
3,2022,8,30,20,3325.36279296875,3498
3,2022,8,30,21,3154.2626953125,3296
3,2022,8,30,22,2924.956787109375,3008
3,2022,8,30,23,2689.30322265625,2745
3,2022,8,30,24,2527.8427734375,2595
3,2022,8,31,1,2344.831298828125,2473
3,2022,8,31,2,2266.025146484375,2445
3,2022,8,31,3,2228.859130859375,2351
3,2022,8,31,4,2213.445556640625,2278
3,2022,8,31,5,2301.6728515625,2375
3,2022,8,31,6,2451.589111328125,2524
3,2022,8,31,7,2582.102294921875,2700
3,2022,8,31,8,2649.102294921875,2960
3,2022,8,31,9,2653.67578125,2985
3,2022,8,31,10,2812.427001953125,2942
3,2022,8,31,11,3351.76611328125,2986
3,2022,8,31,12,3301.4453125,3179
3,2022,8,31,13,3328.765380859375,3394
3,2022,8,31,14,3569.800048828125,3615
3,2022,8,31,15,3751.629638671875,3838
3,2022,8,31,16,3844.72119140625,4021
3,2022,8,31,17,3878.6240234375,4158
3,2022,8,31,18,3708.408447265625,4081
3,2022,8,31,19,3832.811767578125,3984
3,2022,8,31,20,3755.55712890625,3831
3,2022,8,31,21,3550.730224609375,3606
3,2022,8,31,22,3210.871826171875,3278
3,2022,8,31,23,2906.179931640625,2981
3,2022,8,31,24,2746.173828125,2817
3,2022,9,1,1,2570.345947265625,2658
3,2022,9,1,2,2431.141357421875,2544
3,2022,9,1,3,2407.50341796875,2434
3,2022,9,1,4,2359.23681640625,2438
3,2022,9,1,5,2373.310546875,2496
3,2022,9,1,6,2442.763427734375,2650
3,2022,9,1,7,2557.01318359375,2772
3,2022,9,1,8,2662.242431640625,2865
3,2022,9,1,9,2586.714111328125,2893
3,2022,9,1,10,2588.9404296875,2976
3,2022,9,1,11,2664.334716796875,3187
3,2022,9,1,12,3110.57568359375,3405
3,2022,9,1,13,3406.63720703125,3619
3,2022,9,1,14,3607.875,3919
3,2022,9,1,15,3883.56982421875,4360
3,2022,9,1,16,4045.591552734375,4483
3,2022,9,1,17,3770.860595703125,4320
3,2022,9,1,18,3573.127685546875,4137
3,2022,9,1,19,3469.177490234375,4015
3,2022,9,1,20,3297.832763671875,3896
3,2022,9,1,21,3063.8896484375,3721
3,2022,9,1,22,2861.905517578125,3414
3,2022,9,1,23,2815.634033203125,3136
3,2022,9,1,24,2593.2890625,3012
3,2022,9,2,1,2541.818359375,2922
3,2022,9,2,2,2418.757080078125,2903
3,2022,9,2,3,2339.34423828125,2705
3,2022,9,2,4,2304.319580078125,2581
3,2022,9,2,5,2351.23291015625,2661
3,2022,9,2,6,2464.17431640625,2811
3,2022,9,2,7,2576.750732421875,2973
3,2022,9,2,8,2706.27099609375,3185
3,2022,9,2,9,2647.796875,3187
3,2022,9,2,10,3034.51708984375,3286
3,2022,9,2,11,2985.37744140625,3440
3,2022,9,2,12,2920.3681640625,3614
3,2022,9,2,13,3173.610595703125,3848
3,2022,9,2,14,3545.691650390625,4068
3,2022,9,2,15,3615.841552734375,4190
3,2022,9,2,16,3687.632568359375,4301
3,2022,9,2,17,3689.9921875,4227
3,2022,9,2,18,3654.465087890625,4088
3,2022,9,2,19,3526.59716796875,3966
3,2022,9,2,20,3555.149169921875,3849
3,2022,9,2,21,3342.205322265625,3726
3,2022,9,2,22,3055.417236328125,3505
3,2022,9,2,23,2858.002685546875,3241
3,2022,9,2,24,2698.193115234375,3105
3,2022,9,3,1,2566.8837890625,2961
3,2022,9,3,2,2429.11376953125,2888
3,2022,9,3,3,2414.389404296875,2833
3,2022,9,3,4,2336.88720703125,2750
3,2022,9,3,5,2354.777099609375,2664
3,2022,9,3,6,2367.141357421875,2711
3,2022,9,3,7,2461.841552734375,2969
3,2022,9,3,8,2596.49267578125,3157
3,2022,9,3,9,2796.244873046875,3099
3,2022,9,3,10,3029.0283203125,3287
3,2022,9,3,11,3321.94140625,3516
3,2022,9,3,12,3361.52392578125,3682
3,2022,9,3,13,3413.994140625,3845
3,2022,9,3,14,3967.987060546875,4035
3,2022,9,3,15,3867.0,4196
3,2022,9,3,16,4008.712890625,4302
3,2022,9,3,17,4197.0576171875,4406
3,2022,9,3,18,4021.36083984375,4362
3,2022,9,3,19,4088.282958984375,4306
3,2022,9,3,20,3864.464111328125,4240
3,2022,9,3,21,3622.950439453125,4115
3,2022,9,3,22,3274.105224609375,3914
3,2022,9,3,23,2926.410400390625,3697
3,2022,9,3,24,2790.54931640625,3542
3,2022,9,4,1,2566.8837890625,3431
3,2022,9,4,2,2429.11376953125,3319
3,2022,9,4,3,2418.0400390625,3188
3,2022,9,4,4,2335.506591796875,3117
3,2022,9,4,5,2354.777099609375,3093
3,2022,9,4,6,2367.141357421875,3147
3,2022,9,4,7,2483.746826171875,3269
3,2022,9,4,8,2575.849853515625,3381
3,2022,9,4,9,2851.1826171875,3600
3,2022,9,4,10,2947.003662109375,3763
3,2022,9,4,11,3311.796630859375,3757
3,2022,9,4,12,2824.10498046875,3813
3,2022,9,4,13,3602.979736328125,3840
3,2022,9,4,14,3956.1904296875,3914
3,2022,9,4,15,3852.25244140625,4043
3,2022,9,4,16,4154.83740234375,4039
3,2022,9,4,17,3955.716796875,4168
3,2022,9,4,18,3640.173583984375,4128
3,2022,9,4,19,3700.7626953125,4072
3,2022,9,4,20,3764.994384765625,4031
3,2022,9,4,21,3532.820068359375,3906
3,2022,9,4,22,3133.1953125,3670
3,2022,9,4,23,2941.979248046875,3391
3,2022,9,4,24,2754.2177734375,3212
3,2022,9,5,1,2571.857666015625,3017
3,2022,9,5,2,2430.822509765625,2862
3,2022,9,5,3,2418.6083984375,2742
3,2022,9,5,4,2364.10107421875,2690
3,2022,9,5,5,2421.866943359375,2711
3,2022,9,5,6,2445.828125,2841
3,2022,9,5,7,2443.93994140625,3080
3,2022,9,5,8,2536.046630859375,3247
3,2022,9,5,9,2601.49951171875,3140
3,2022,9,5,10,2673.162841796875,3243
3,2022,9,5,11,2755.13134765625,3351
3,2022,9,5,12,2867.744873046875,3443
3,2022,9,5,13,2990.634521484375,3605
3,2022,9,5,14,3304.9677734375,3805
3,2022,9,5,15,3368.730224609375,3975
3,2022,9,5,16,3396.032470703125,4101
3,2022,9,5,17,3434.453125,4201
3,2022,9,5,18,3504.40673828125,4150
3,2022,9,5,19,3480.500732421875,4035
3,2022,9,5,20,3353.04248046875,3876
3,2022,9,5,21,3010.7626953125,3685
3,2022,9,5,22,2878.197265625,3376
3,2022,9,5,23,2598.044921875,3103
3,2022,9,5,24,2540.189208984375,2969
3,2022,9,6,1,2436.59228515625,2781
3,2022,9,6,2,2327.1923828125,2649
3,2022,9,6,3,2281.36669921875,2575
3,2022,9,6,4,2264.07763671875,2552
3,2022,9,6,5,2334.69775390625,2636
3,2022,9,6,6,2442.763427734375,2801
3,2022,9,6,7,2547.80419921875,3023
3,2022,9,6,8,2655.53564453125,3332
3,2022,9,6,9,2587.1396484375,3309
3,2022,9,6,10,2596.064697265625,3211
3,2022,9,6,11,2718.207763671875,3397
3,2022,9,6,12,2920.3681640625,3575
3,2022,9,6,13,3080.251708984375,3746
3,2022,9,6,14,3469.551513671875,3956
3,2022,9,6,15,3712.8896484375,4227
3,2022,9,6,16,3844.55126953125,4322
3,2022,9,6,17,3980.703857421875,4322
3,2022,9,6,18,3922.311767578125,4086
3,2022,9,6,19,3824.02001953125,4029
3,2022,9,6,20,3660.0673828125,3970
3,2022,9,6,21,3328.97705078125,3860
3,2022,9,6,22,3055.417236328125,3616
3,2022,9,6,23,2858.002685546875,3342
3,2022,9,6,24,2669.295166015625,3214
3,2022,9,7,1,2567.23876953125,3129
3,2022,9,7,2,2431.141357421875,3017
3,2022,9,7,3,2415.228759765625,2864
3,2022,9,7,4,2359.23681640625,2748
3,2022,9,7,5,2446.74072265625,2775
3,2022,9,7,6,2528.8427734375,2935
3,2022,9,7,7,2595.197509765625,3079
3,2022,9,7,8,2720.58935546875,3277
3,2022,9,7,9,2735.64501953125,3390
3,2022,9,7,10,3037.925048828125,3553
3,2022,9,7,11,3081.758056640625,3691
3,2022,9,7,12,3235.360107421875,3890
3,2022,9,7,13,3573.095947265625,4100
3,2022,9,7,14,3651.181640625,4338
3,2022,9,7,15,3804.150634765625,4570
3,2022,9,7,16,3977.64306640625,4633
3,2022,9,7,17,4209.93017578125,4617
3,2022,9,7,18,4004.252197265625,4464
3,2022,9,7,19,3794.931396484375,4342
3,2022,9,7,20,3691.94921875,4209
3,2022,9,7,21,3437.484619140625,4052
3,2022,9,7,22,3105.84765625,3731
3,2022,9,7,23,2817.323974609375,3423
3,2022,9,7,24,2680.165283203125,3250
3,2022,9,8,1,2570.345947265625,3032
3,2022,9,8,2,2431.141357421875,2862
3,2022,9,8,3,2410.768310546875,2786
3,2022,9,8,4,2353.1142578125,2768
3,2022,9,8,5,2441.970703125,2912
3,2022,9,8,6,2536.726806640625,3174
3,2022,9,8,7,2658.329345703125,3351
3,2022,9,8,8,2759.898193359375,3477
3,2022,9,8,9,2938.297607421875,3538
3,2022,9,8,10,3231.62548828125,3587
3,2022,9,8,11,3204.842041015625,3730
3,2022,9,8,12,2859.359619140625,4002
3,2022,9,8,13,3298.549072265625,4212
3,2022,9,8,14,3458.2724609375,4188
3,2022,9,8,15,3257.320556640625,4291
3,2022,9,8,16,3628.249755859375,4178
3,2022,9,8,17,3827.50927734375,4050
3,2022,9,8,18,3744.713134765625,4017
3,2022,9,8,19,3823.5068359375,4028
3,2022,9,8,20,3685.70068359375,4003
3,2022,9,8,21,3437.484619140625,3904
3,2022,9,8,22,3105.84765625,3650
3,2022,9,8,23,2817.323974609375,3407
3,2022,9,8,24,2680.165283203125,3315
3,2022,9,9,1,2570.345947265625,3164
3,2022,9,9,2,2431.141357421875,3082
3,2022,9,9,3,2410.768310546875,3052
3,2022,9,9,4,2353.1142578125,3218
3,2022,9,9,5,2420.3037109375,3439
3,2022,9,9,6,2528.68994140625,3567
3,2022,9,9,7,2621.058349609375,3791
3,2022,9,9,8,2852.359130859375,3898
3,2022,9,9,9,2984.347900390625,3835
3,2022,9,9,10,2889.2734375,3646
3,2022,9,9,11,2877.80126953125,3828
3,2022,9,9,12,2580.40283203125,3748
3,2022,9,9,13,2664.8173828125,3628
3,2022,9,9,14,2940.02685546875,3608
3,2022,9,9,15,2792.943115234375,3528
3,2022,9,9,16,2871.4267578125,3404
3,2022,9,9,17,2888.68994140625,3328
3,2022,9,9,18,2837.105712890625,3278
3,2022,9,9,19,2898.231689453125,3220
3,2022,9,9,20,2978.474609375,3151
3,2022,9,9,21,3009.614990234375,3076
3,2022,9,9,22,2908.89794921875,2921
3,2022,9,9,23,2612.662841796875,2726
3,2022,9,9,24,2540.01708984375,2571
3,2022,9,10,1,2446.922607421875,2470
3,2022,9,10,2,2325.748046875,2426
3,2022,9,10,3,2250.68408203125,2388
3,2022,9,10,4,2242.681640625,2363
3,2022,9,10,5,2340.082275390625,2370
3,2022,9,10,6,2304.072021484375,2448
3,2022,9,10,7,2392.232666015625,2498
3,2022,9,10,8,2535.562744140625,2514
3,2022,9,10,9,2581.070556640625,2645
3,2022,9,10,10,2503.793212890625,2672
3,2022,9,10,11,2463.9013671875,2739
3,2022,9,10,12,2271.0625,2741
3,2022,9,10,13,2331.503173828125,2770
3,2022,9,10,14,2298.627197265625,2761
3,2022,9,10,15,2505.936767578125,2882
3,2022,9,10,16,2451.175048828125,2958
3,2022,9,10,17,2718.899169921875,3059
3,2022,9,10,18,2831.860595703125,3142
3,2022,9,10,19,3076.19921875,3189
3,2022,9,10,20,2956.114013671875,3149
3,2022,9,10,21,2918.529052734375,3098
3,2022,9,10,22,2715.90087890625,2956
3,2022,9,10,23,2584.7236328125,2798
3,2022,9,10,24,2551.143798828125,2695
3,2022,9,11,1,2489.90673828125,2588
3,2022,9,11,2,2415.5625,2476
3,2022,9,11,3,2321.462646484375,2474
3,2022,9,11,4,2341.01708984375,2444
3,2022,9,11,5,2281.667236328125,2368
3,2022,9,11,6,2223.48974609375,2379
3,2022,9,11,7,2271.355712890625,2449
3,2022,9,11,8,2303.799072265625,2404
3,2022,9,11,9,2333.62841796875,2387
3,2022,9,11,10,2294.841064453125,2436
3,2022,9,11,11,2393.9033203125,2573
3,2022,9,11,12,2130.1171875,2720
3,2022,9,11,13,2247.879638671875,2959
3,2022,9,11,14,2290.29345703125,3271
3,2022,9,11,15,2351.28515625,3473
3,2022,9,11,16,2543.84033203125,3436
3,2022,9,11,17,2751.136474609375,3523
3,2022,9,11,18,2995.122802734375,3609
3,2022,9,11,19,3253.669189453125,3610
3,2022,9,11,20,3026.28662109375,3502
3,2022,9,11,21,2918.529052734375,3349
3,2022,9,11,22,2769.96728515625,3122
3,2022,9,11,23,2636.929931640625,2917
3,2022,9,11,24,2494.814208984375,2851
3,2022,9,12,1,2408.625,2805
3,2022,9,12,2,2324.05419921875,2742
3,2022,9,12,3,2276.613525390625,2627
3,2022,9,12,4,2266.849853515625,2601
3,2022,9,12,5,2335.358642578125,2628
3,2022,9,12,6,2439.083740234375,2846
3,2022,9,12,7,2550.706787109375,3010
3,2022,9,12,8,2842.8046875,3118
3,2022,9,12,9,3012.695556640625,3177
3,2022,9,12,10,2856.302490234375,3071
3,2022,9,12,11,2724.406982421875,3112
3,2022,9,12,12,2601.524169921875,3118
3,2022,9,12,13,2576.844482421875,3114
3,2022,9,12,14,2511.873291015625,3168
3,2022,9,12,15,2600.66064453125,3294
3,2022,9,12,16,2884.996826171875,3483
3,2022,9,12,17,3031.390625,3622
3,2022,9,12,18,3153.02783203125,3592
3,2022,9,12,19,3178.3896484375,3570
3,2022,9,12,20,3071.78857421875,3452
3,2022,9,12,21,2947.707763671875,3324
3,2022,9,12,22,2765.325927734375,3134
3,2022,9,12,23,2590.793701171875,2891
3,2022,9,12,24,2421.307861328125,2676
3,2022,9,13,1,2297.740478515625,2569
3,2022,9,13,2,2213.46533203125,2582
3,2022,9,13,3,2166.375,2570
3,2022,9,13,4,2189.57275390625,2519
3,2022,9,13,5,2255.8115234375,2536
3,2022,9,13,6,2443.614501953125,2696
3,2022,9,13,7,2531.470458984375,2790
3,2022,9,13,8,2721.159912109375,2859
3,2022,9,13,9,2861.91259765625,2882
3,2022,9,13,10,2654.210693359375,2768
3,2022,9,13,11,2635.839111328125,2807
3,2022,9,13,12,2394.497314453125,2779
3,2022,9,13,13,2236.45556640625,2815
3,2022,9,13,14,2241.659423828125,2951
3,2022,9,13,15,2467.0869140625,3101
3,2022,9,13,16,2649.392333984375,3236
3,2022,9,13,17,3000.432373046875,3357
3,2022,9,13,18,2970.270263671875,3350
3,2022,9,13,19,3120.865966796875,3307
3,2022,9,13,20,2944.626953125,3192
3,2022,9,13,21,2795.41796875,3028
3,2022,9,13,22,2591.660888671875,2807
3,2022,9,13,23,2427.2880859375,2603
3,2022,9,13,24,2299.566162109375,2472
3,2022,9,14,1,2247.9248046875,2366
3,2022,9,14,2,2195.20849609375,2389
3,2022,9,14,3,2124.8212890625,2341
3,2022,9,14,4,2140.294921875,2307
3,2022,9,14,5,2186.123779296875,2359
3,2022,9,14,6,2295.130126953125,2533
3,2022,9,14,7,2407.14990234375,2645
3,2022,9,14,8,2524.865234375,2704
3,2022,9,14,9,2637.12353515625,2726
3,2022,9,14,10,2642.31103515625,2645
3,2022,9,14,11,2561.090087890625,2569
3,2022,9,14,12,2467.284423828125,2403
3,2022,9,14,13,2405.043212890625,2234
3,2022,9,14,14,2425.922119140625,2340
3,2022,9,14,15,2402.030029296875,2558
3,2022,9,14,16,2571.96142578125,2781
3,2022,9,14,17,2807.563232421875,2966
3,2022,9,14,18,2811.275634765625,3025
3,2022,9,14,19,2903.072998046875,3024
3,2022,9,14,20,2752.992431640625,2924
3,2022,9,14,21,2604.265625,2787
3,2022,9,14,22,2407.765625,2603
3,2022,9,14,23,2225.848388671875,2411
3,2022,9,14,24,2102.8935546875,2325
3,2022,9,15,1,2023.513671875,2202
3,2022,9,15,2,1997.924560546875,2127
3,2022,9,15,3,1966.4456787109375,2085
3,2022,9,15,4,1968.994873046875,2112
3,2022,9,15,5,2088.197998046875,2220
3,2022,9,15,6,2258.408203125,2392
3,2022,9,15,7,2379.880859375,2571
3,2022,9,15,8,2408.596435546875,2694
3,2022,9,15,9,2297.77392578125,2403
3,2022,9,15,10,2187.300537109375,2089
3,2022,9,15,11,2222.37255859375,2009
3,2022,9,15,12,2149.97998046875,1988
3,2022,9,15,13,2059.408203125,2110
3,2022,9,15,14,2167.751708984375,2310
3,2022,9,15,15,2225.1123046875,2460
3,2022,9,15,16,2385.433349609375,2712
3,2022,9,15,17,2683.054443359375,2904
3,2022,9,15,18,2830.15478515625,2974
3,2022,9,15,19,2917.54443359375,2990
3,2022,9,15,20,2737.51708984375,2886
3,2022,9,15,21,2519.594970703125,2731
3,2022,9,15,22,2346.97021484375,2522
3,2022,9,15,23,2184.791259765625,2340
3,2022,9,15,24,2050.48095703125,2273
3,2022,9,16,1,1962.4970703125,2204
3,2022,9,16,2,1950.51708984375,2174
3,2022,9,16,3,1930.38330078125,2135
3,2022,9,16,4,1883.8377685546875,2089
3,2022,9,16,5,2039.836181640625,2130
3,2022,9,16,6,2232.71826171875,2271
3,2022,9,16,7,2332.666015625,2389
3,2022,9,16,8,2315.582275390625,2449
3,2022,9,16,9,2226.275390625,2445
3,2022,9,16,10,2100.288330078125,2124
3,2022,9,16,11,2170.765380859375,1910
3,2022,9,16,12,2144.40869140625,1887
3,2022,9,16,13,2062.882080078125,1976
3,2022,9,16,14,2155.68603515625,2156
3,2022,9,16,15,2397.470703125,2359
3,2022,9,16,16,2516.744140625,2601
3,2022,9,16,17,2697.8037109375,2781
3,2022,9,16,18,2831.923095703125,2838
3,2022,9,16,19,2914.388671875,2841
3,2022,9,16,20,2743.488525390625,2759
3,2022,9,16,21,2519.594970703125,2644
3,2022,9,16,22,2349.787841796875,2481
3,2022,9,16,23,2203.651123046875,2311
3,2022,9,16,24,2062.548095703125,2230
3,2022,9,17,1,1944.9129638671875,2106
3,2022,9,17,2,1929.810546875,2027
3,2022,9,17,3,1887.3173828125,1981
3,2022,9,17,4,1825.408203125,1977
3,2022,9,17,5,1862.484130859375,2020
3,2022,9,17,6,1984.1834716796875,2077
3,2022,9,17,7,2040.9525146484375,2176
3,2022,9,17,8,2123.306396484375,2354
3,2022,9,17,9,2058.289794921875,2469
3,2022,9,17,10,1919.5810546875,2267
3,2022,9,17,11,1920.9884033203125,1992
3,2022,9,17,12,1850.2249755859375,1679
3,2022,9,17,13,1821.1171875,1578
3,2022,9,17,14,1848.4066162109375,1705
3,2022,9,17,15,2096.6748046875,1970
3,2022,9,17,16,2218.224365234375,2241
3,2022,9,17,17,2398.56982421875,2489
3,2022,9,17,18,2621.17822265625,2613
3,2022,9,17,19,2594.6376953125,2656
3,2022,9,17,20,2588.769287109375,2595
3,2022,9,17,21,2466.408935546875,2524
3,2022,9,17,22,2326.65380859375,2397
3,2022,9,17,23,2216.6962890625,2275
3,2022,9,17,24,2141.769287109375,2198
3,2022,9,18,1,2048.281982421875,2135
3,2022,9,18,2,1971.577880859375,2064
3,2022,9,18,3,1934.7325439453125,2014
3,2022,9,18,4,1949.3428955078125,1987
3,2022,9,18,5,1955.3779296875,1974
3,2022,9,18,6,1979.458740234375,2003
3,2022,9,18,7,2046.7630615234375,2106
3,2022,9,18,8,2078.422119140625,2191
3,2022,9,18,9,1986.810791015625,2183
3,2022,9,18,10,1965.019775390625,1863
3,2022,9,18,11,1967.6329345703125,1630
3,2022,9,18,12,1957.506591796875,1571
3,2022,9,18,13,1929.38916015625,1541
3,2022,9,18,14,1904.6827392578125,1689
3,2022,9,18,15,1999.529296875,1937
3,2022,9,18,16,2223.283203125,2272
3,2022,9,18,17,2438.321044921875,2535
3,2022,9,18,18,2620.52197265625,2662
3,2022,9,18,19,2674.985107421875,2700
3,2022,9,18,20,2602.8046875,2620
3,2022,9,18,21,2432.271484375,2505
3,2022,9,18,22,2264.092529296875,2344
3,2022,9,18,23,2134.21875,2186
3,2022,9,18,24,2077.162841796875,2126
3,2022,9,19,1,2046.28466796875,2057
3,2022,9,19,2,2008.242431640625,1999
3,2022,9,19,3,1967.9375,1966
3,2022,9,19,4,1971.176025390625,2000
3,2022,9,19,5,2051.255615234375,2107
3,2022,9,19,6,2159.1689453125,2237
3,2022,9,19,7,2267.506591796875,2345
3,2022,9,19,8,2279.2958984375,2391
3,2022,9,19,9,2152.65625,2211
3,2022,9,19,10,2062.354736328125,1993
3,2022,9,19,11,2042.4644775390625,1856
3,2022,9,19,12,2098.673583984375,1897
3,2022,9,19,13,2074.48046875,2072
3,2022,9,19,14,2254.546142578125,2202
3,2022,9,19,15,2467.7890625,2405
3,2022,9,19,16,2725.774169921875,2729
3,2022,9,19,17,2847.28466796875,2822
3,2022,9,19,18,2926.0458984375,2912
3,2022,9,19,19,2960.330078125,2916
3,2022,9,19,20,2807.037109375,2820
3,2022,9,19,21,2629.36865234375,2668
3,2022,9,19,22,2412.669677734375,2456
3,2022,9,19,23,2193.906494140625,2286
3,2022,9,19,24,2102.8935546875,2180
3,2022,9,20,1,2019.414306640625,2101
3,2022,9,20,2,1966.83740234375,2050
3,2022,9,20,3,1967.802001953125,1996
3,2022,9,20,4,1901.044921875,2002
3,2022,9,20,5,2003.6051025390625,2102
3,2022,9,20,6,2128.5732421875,2242
3,2022,9,20,7,2205.09033203125,2284
3,2022,9,20,8,2270.149658203125,2279
3,2022,9,20,9,2132.843017578125,2266
3,2022,9,20,10,2235.1025390625,2258
3,2022,9,20,11,2187.09130859375,2157
3,2022,9,20,12,2356.047119140625,2092
3,2022,9,20,13,2439.357666015625,2117
3,2022,9,20,14,2609.301513671875,2302
3,2022,9,20,15,2792.0390625,2543
3,2022,9,20,16,2930.9306640625,2760
3,2022,9,20,17,3076.21337890625,2960
3,2022,9,20,18,3040.277587890625,3046
3,2022,9,20,19,2994.865234375,3050
3,2022,9,20,20,2884.9951171875,2937
3,2022,9,20,21,2726.112060546875,2789
3,2022,9,20,22,2564.750732421875,2597
3,2022,9,20,23,2398.64794921875,2439
3,2022,9,20,24,2289.607177734375,2337
3,2022,9,21,1,2145.43798828125,2216
3,2022,9,21,2,2066.858642578125,2162
3,2022,9,21,3,2045.552978515625,2110
3,2022,9,21,4,2067.009033203125,2112
3,2022,9,21,5,2162.489990234375,2211
3,2022,9,21,6,2284.917724609375,2352
3,2022,9,21,7,2368.16455078125,2382
3,2022,9,21,8,2394.91552734375,2291
3,2022,9,21,9,2290.8388671875,2353
3,2022,9,21,10,2258.43505859375,2302
3,2022,9,21,11,2182.00732421875,2257
3,2022,9,21,12,2180.477294921875,2133
3,2022,9,21,13,2295.132080078125,2172
3,2022,9,21,14,2456.584716796875,2292
3,2022,9,21,15,2675.18505859375,2475
3,2022,9,21,16,2902.5126953125,2698
3,2022,9,21,17,3047.479248046875,2887
3,2022,9,21,18,3047.96240234375,2979
3,2022,9,21,19,3001.688232421875,2988
3,2022,9,21,20,2842.918701171875,2884
3,2022,9,21,21,2675.44287109375,2729
3,2022,9,21,22,2438.624267578125,2532
3,2022,9,21,23,2269.358642578125,2354
3,2022,9,21,24,2146.4013671875,2275
3,2022,9,22,1,2043.9176025390625,2174
3,2022,9,22,2,2007.7484130859375,2075
3,2022,9,22,3,1962.19677734375,2017
3,2022,9,22,4,1965.733642578125,2024
3,2022,9,22,5,2057.33935546875,2103
3,2022,9,22,6,2147.198974609375,2225
3,2022,9,22,7,2202.657958984375,2277
3,2022,9,22,8,2272.3740234375,2311
3,2022,9,22,9,2112.3193359375,2304
3,2022,9,22,10,2205.163330078125,2176
3,2022,9,22,11,2234.81787109375,2021
3,2022,9,22,12,2320.220703125,2007
3,2022,9,22,13,2503.626220703125,2142
3,2022,9,22,14,2787.05615234375,2374
3,2022,9,22,15,3025.0546875,2654
3,2022,9,22,16,3205.39111328125,2891
3,2022,9,22,17,3213.36474609375,3073
3,2022,9,22,18,3111.971435546875,3124
3,2022,9,22,19,3131.8837890625,3097
3,2022,9,22,20,2942.49365234375,2971
3,2022,9,22,21,2795.41796875,2813
3,2022,9,22,22,2600.709716796875,2606
3,2022,9,22,23,2428.508544921875,2409
3,2022,9,22,24,2287.18310546875,2331
3,2022,9,23,1,2186.72021484375,2224
3,2022,9,23,2,2108.01123046875,2173
3,2022,9,23,3,2063.392822265625,2135
3,2022,9,23,4,2085.073486328125,2143
3,2022,9,23,5,2222.220947265625,2227
3,2022,9,23,6,2397.131591796875,2372
3,2022,9,23,7,2449.861083984375,2468
3,2022,9,23,8,2507.61669921875,2545
3,2022,9,23,9,2593.85009765625,2507
3,2022,9,23,10,2540.4326171875,2457
3,2022,9,23,11,2584.415771484375,2432
3,2022,9,23,12,2740.134765625,2394
3,2022,9,23,13,2884.525146484375,2564
3,2022,9,23,14,3198.8515625,2777
3,2022,9,23,15,3376.611572265625,3015
3,2022,9,23,16,3487.243896484375,3230
3,2022,9,23,17,3518.951171875,3321
3,2022,9,23,18,3370.2802734375,3295
3,2022,9,23,19,3265.9501953125,3224
3,2022,9,23,20,3126.085693359375,3097
3,2022,9,23,21,2922.476806640625,2956
3,2022,9,23,22,2717.484130859375,2748
3,2022,9,23,23,2545.240234375,2572
3,2022,9,23,24,2344.321533203125,2459
3,2022,9,24,1,2237.01806640625,2311
3,2022,9,24,2,2171.814453125,2216
3,2022,9,24,3,2093.769287109375,2135
3,2022,9,24,4,2115.21044921875,2096
3,2022,9,24,5,2081.036376953125,2112
3,2022,9,24,6,2053.465576171875,2154
3,2022,9,24,7,2141.23974609375,2241
3,2022,9,24,8,2179.9365234375,2382
3,2022,9,24,9,2234.819580078125,2437
3,2022,9,24,10,2197.51806640625,2345
3,2022,9,24,11,2287.765625,2300
3,2022,9,24,12,2457.14208984375,2398
3,2022,9,24,13,2665.876220703125,2568
3,2022,9,24,14,2954.06640625,2766
3,2022,9,24,15,3167.02685546875,2978
3,2022,9,24,16,3247.4609375,3140
3,2022,9,24,17,3281.087646484375,3282
3,2022,9,24,18,3142.571533203125,3274
3,2022,9,24,19,3255.47119140625,3201
3,2022,9,24,20,3037.688232421875,3079
3,2022,9,24,21,2869.21923828125,2930
3,2022,9,24,22,2742.3359375,2729
3,2022,9,24,23,2586.707275390625,2555
3,2022,9,24,24,2341.389404296875,2458
3,2022,9,25,1,2193.9599609375,2317
3,2022,9,25,2,2081.363037109375,2198
3,2022,9,25,3,2036.869873046875,2131
3,2022,9,25,4,2035.999267578125,2109
3,2022,9,25,5,2046.6185302734375,2094
3,2022,9,25,6,2063.037109375,2103
3,2022,9,25,7,2139.888427734375,2145
3,2022,9,25,8,2182.315185546875,2248
3,2022,9,25,9,2084.16943359375,2226
3,2022,9,25,10,2141.88720703125,2244
3,2022,9,25,11,2221.19189453125,2224
3,2022,9,25,12,2479.840576171875,2260
3,2022,9,25,13,2665.876220703125,2382
3,2022,9,25,14,2757.633056640625,2628
3,2022,9,25,15,3031.9560546875,2889
3,2022,9,25,16,3280.54638671875,3125
3,2022,9,25,17,3357.25390625,3322
3,2022,9,25,18,3186.590087890625,3331
3,2022,9,25,19,3088.0751953125,3253
3,2022,9,25,20,2970.978515625,3114
3,2022,9,25,21,2882.856689453125,2945
3,2022,9,25,22,2728.270751953125,2723
3,2022,9,25,23,2540.114013671875,2525
3,2022,9,25,24,2325.218994140625,2475
3,2022,9,26,1,2207.10888671875,2339
3,2022,9,26,2,2102.029296875,2236
3,2022,9,26,3,2071.319580078125,2176
3,2022,9,26,4,2089.865234375,2190
3,2022,9,26,5,2188.592529296875,2297
3,2022,9,26,6,2337.259765625,2467
3,2022,9,26,7,2403.0654296875,2667
3,2022,9,26,8,2481.576416015625,2833
3,2022,9,26,9,2433.48193359375,2745
3,2022,9,26,10,2474.20068359375,2507
3,2022,9,26,11,2564.393310546875,2499
3,2022,9,26,12,2808.011474609375,2648
3,2022,9,26,13,2840.17724609375,2825
3,2022,9,26,14,3033.265625,3050
3,2022,9,26,15,3113.500244140625,3335
3,2022,9,26,16,3247.906982421875,3563
3,2022,9,26,17,3291.45849609375,3694
3,2022,9,26,18,3198.963134765625,3643
3,2022,9,26,19,3138.284423828125,3533
3,2022,9,26,20,3087.12353515625,3338
3,2022,9,26,21,2963.79736328125,3139
3,2022,9,26,22,2773.63671875,2889
3,2022,9,26,23,2601.930419921875,2690
3,2022,9,26,24,2416.433837890625,2580
3,2022,9,27,1,2286.031982421875,2403
3,2022,9,27,2,2197.938232421875,2289
3,2022,9,27,3,2108.291259765625,2222
3,2022,9,27,4,2109.93310546875,2230
3,2022,9,27,5,2218.3212890625,2338
3,2022,9,27,6,2340.43603515625,2501
3,2022,9,27,7,2403.0654296875,2662
3,2022,9,27,8,2514.17529296875,2887
3,2022,9,27,9,2437.170166015625,2888
3,2022,9,27,10,2507.9287109375,2758
3,2022,9,27,11,2597.1669921875,2767
3,2022,9,27,12,2788.39990234375,2886
3,2022,9,27,13,2986.753662109375,3055
3,2022,9,27,14,3274.515380859375,3310
3,2022,9,27,15,3334.89404296875,3547
3,2022,9,27,16,3487.243896484375,3743
3,2022,9,27,17,3453.2314453125,3845
3,2022,9,27,18,3433.2216796875,3771
3,2022,9,27,19,3372.78173828125,3644
3,2022,9,27,20,3228.754638671875,3443
3,2022,9,27,21,2962.965087890625,3230
3,2022,9,27,22,2780.702880859375,2977
3,2022,9,27,23,2601.930419921875,2736
3,2022,9,27,24,2419.408935546875,2575
3,2022,9,28,1,2288.694091796875,2469
3,2022,9,28,2,2196.25,2387
3,2022,9,28,3,2164.88916015625,2294
3,2022,9,28,4,2145.803955078125,2304
3,2022,9,28,5,2223.54931640625,2410
3,2022,9,28,6,2382.67529296875,2573
3,2022,9,28,7,2443.00537109375,2684
3,2022,9,28,8,2574.147216796875,2679
3,2022,9,28,9,2471.13232421875,2666
3,2022,9,28,10,2471.318115234375,2628
3,2022,9,28,11,2595.775390625,2901
3,2022,9,28,12,2736.176513671875,3004
3,2022,9,28,13,2945.9951171875,3133
3,2022,9,28,14,3265.877685546875,3242
3,2022,9,28,15,3446.492431640625,3433
3,2022,9,28,16,3420.834228515625,3582
3,2022,9,28,17,3515.70068359375,3651
3,2022,9,28,18,3290.340087890625,3543
3,2022,9,28,19,3136.443603515625,3421
3,2022,9,28,20,3053.3037109375,3191
3,2022,9,28,21,2892.237548828125,3048
3,2022,9,28,22,2654.9326171875,2800
3,2022,9,28,23,2433.04833984375,2585
3,2022,9,28,24,2287.689453125,2500
3,2022,9,29,1,2180.5283203125,2375
3,2022,9,29,2,2105.023193359375,2262
3,2022,9,29,3,2107.654052734375,2204
3,2022,9,29,4,2113.041259765625,2220
3,2022,9,29,5,2238.973388671875,2315
3,2022,9,29,6,2379.26171875,2478
3,2022,9,29,7,2438.77978515625,2611
3,2022,9,29,8,2556.867919921875,2765
3,2022,9,29,9,2509.105712890625,2802
3,2022,9,29,10,2319.90869140625,2750
3,2022,9,29,11,2309.26953125,2586
3,2022,9,29,12,2447.65673828125,2452
3,2022,9,29,13,2703.782470703125,2581
3,2022,9,29,14,2895.57373046875,2808
3,2022,9,29,15,3025.98095703125,2983
3,2022,9,29,16,3202.964599609375,3116
3,2022,9,29,17,3029.897705078125,3196
3,2022,9,29,18,2922.944580078125,3195
3,2022,9,29,19,2833.37353515625,3148
3,2022,9,29,20,2806.317626953125,3011
3,2022,9,29,21,2726.112060546875,2851
3,2022,9,29,22,2561.56982421875,2636
3,2022,9,29,23,2373.7275390625,2454
3,2022,9,29,24,2265.405517578125,2366
3,2022,9,30,1,2142.34375,2257
3,2022,9,30,2,2065.729248046875,2165
3,2022,9,30,3,2045.552978515625,2129
3,2022,9,30,4,2067.009033203125,2155
3,2022,9,30,5,2143.547607421875,2259
3,2022,9,30,6,2270.49072265625,2438
3,2022,9,30,7,2359.5048828125,2585
3,2022,9,30,8,2456.35009765625,2670
3,2022,9,30,9,2586.38818359375,2701
3,2022,9,30,10,2558.2236328125,2593
3,2022,9,30,11,2418.956787109375,2464
3,2022,9,30,12,2198.154541015625,2285
3,2022,9,30,13,2145.944580078125,2210
3,2022,9,30,14,2312.583251953125,2287
3,2022,9,30,15,2532.44970703125,2445
3,2022,9,30,16,2793.65380859375,2627
3,2022,9,30,17,2738.3779296875,2780
3,2022,9,30,18,2729.5205078125,2814
3,2022,9,30,19,2758.771240234375,2789
3,2022,9,30,20,2593.364501953125,2692
3,2022,9,30,21,2499.84130859375,2592
3,2022,9,30,22,2336.266845703125,2442
3,2022,9,30,23,2193.646728515625,2296
3,2022,9,30,24,2058.501220703125,2230
3,2022,10,1,1,1915.8660888671875,2144
3,2022,10,1,2,1833.9971923828125,2057
3,2022,10,1,3,1776.4990234375,2007
3,2022,10,1,4,1769.938232421875,1988
3,2022,10,1,5,1820.3743896484375,2021
3,2022,10,1,6,1899.0286865234375,2092
3,2022,10,1,7,1936.76904296875,2157
3,2022,10,1,8,1929.5294189453125,2247
3,2022,10,1,9,1855.3427734375,2280
3,2022,10,1,10,1685.03466796875,1856
3,2022,10,1,11,1585.7139892578125,1594
3,2022,10,1,12,1601.673583984375,1636
3,2022,10,1,13,1668.419921875,1671
3,2022,10,1,14,1780.0953369140625,1837
3,2022,10,1,15,1992.672119140625,2053
3,2022,10,1,16,2253.62353515625,2305
3,2022,10,1,17,2305.29052734375,2546
3,2022,10,1,18,2418.922119140625,2616
3,2022,10,1,19,2482.934814453125,2638
3,2022,10,1,20,2435.55517578125,2568
3,2022,10,1,21,2316.3271484375,2477
3,2022,10,1,22,2186.197998046875,2355
3,2022,10,1,23,2069.343505859375,2239
3,2022,10,1,24,2023.14111328125,2185
3,2022,10,2,1,1953.63818359375,2121
3,2022,10,2,2,1883.816162109375,2083
3,2022,10,2,3,1842.3170166015625,2026
3,2022,10,2,4,1841.32470703125,1956
3,2022,10,2,5,1890.990234375,1999
3,2022,10,2,6,1951.548583984375,2034
3,2022,10,2,7,1998.265625,2106
3,2022,10,2,8,2082.384765625,2197
3,2022,10,2,9,1906.468017578125,2117
3,2022,10,2,10,1780.9420166015625,1891
3,2022,10,2,11,1663.0548095703125,1756
3,2022,10,2,12,1672.7191162109375,1686
3,2022,10,2,13,1697.1922607421875,1651
3,2022,10,2,14,1817.005126953125,1840
3,2022,10,2,15,2096.53955078125,2107
3,2022,10,2,16,2344.328369140625,2386
3,2022,10,2,17,2441.1982421875,2609
3,2022,10,2,18,2610.701904296875,2733
3,2022,10,2,19,2605.9326171875,2751
3,2022,10,2,20,2551.06787109375,2678
3,2022,10,2,21,2443.732177734375,2580
3,2022,10,2,22,2308.420654296875,2425
3,2022,10,2,23,2232.47998046875,2287
3,2022,10,2,24,2187.53369140625,2244
3,2022,10,3,1,2092.373291015625,2276
3,2022,10,3,2,2036.517333984375,2238
3,2022,10,3,3,2029.23046875,2155
3,2022,10,3,4,2045.25390625,2116
3,2022,10,3,5,2124.077392578125,2228
3,2022,10,3,6,2289.158935546875,2408
3,2022,10,3,7,2375.917236328125,2597
3,2022,10,3,8,2516.96826171875,2799
3,2022,10,3,9,2490.000732421875,2671
3,2022,10,3,10,2339.7451171875,2452
3,2022,10,3,11,2376.852783203125,2228
3,2022,10,3,12,2423.73681640625,2149
3,2022,10,3,13,2250.52392578125,2160
3,2022,10,3,14,2285.232177734375,2280
3,2022,10,3,15,2389.553466796875,2522
3,2022,10,3,16,2670.089599609375,2733
3,2022,10,3,17,2723.6728515625,2886
3,2022,10,3,18,2806.8251953125,2944
3,2022,10,3,19,2787.036865234375,2923
3,2022,10,3,20,2670.25830078125,2821
3,2022,10,3,21,2566.143798828125,2688
3,2022,10,3,22,2363.47998046875,2491
3,2022,10,3,23,2214.95361328125,2339
3,2022,10,3,24,2142.862548828125,2279
3,2022,10,4,1,2016.7017822265625,2256
3,2022,10,4,2,1952.7425537109375,2255
3,2022,10,4,3,1922.90478515625,2207
3,2022,10,4,4,1938.578857421875,2116
3,2022,10,4,5,2059.521484375,2230
3,2022,10,4,6,2227.228515625,2372
3,2022,10,4,7,2309.9765625,2505
3,2022,10,4,8,2400.547607421875,2684
3,2022,10,4,9,2353.588134765625,2637
3,2022,10,4,10,2090.2705078125,2432
3,2022,10,4,11,2012.3221435546875,2221
3,2022,10,4,12,2036.866455078125,2170
3,2022,10,4,13,2033.29052734375,2226
3,2022,10,4,14,2272.499755859375,2351
3,2022,10,4,15,2495.73681640625,2597
3,2022,10,4,16,2601.376220703125,2808
3,2022,10,4,17,2767.65283203125,2955
3,2022,10,4,18,2874.588134765625,3001
3,2022,10,4,19,2823.83740234375,2959
3,2022,10,4,20,2715.677734375,2840
3,2022,10,4,21,2597.171142578125,2702
3,2022,10,4,22,2396.58984375,2494
3,2022,10,4,23,2234.65185546875,2334
3,2022,10,4,24,2136.430908203125,2313
3,2022,10,5,1,2015.3026123046875,2286
3,2022,10,5,2,1948.7008056640625,2148
3,2022,10,5,3,1906.7095947265625,2079
3,2022,10,5,4,1941.7855224609375,2113
3,2022,10,5,5,2056.79931640625,2206
3,2022,10,5,6,2255.0390625,2388
3,2022,10,5,7,2349.051025390625,2535
3,2022,10,5,8,2432.497314453125,2677
3,2022,10,5,9,2435.990966796875,2531
3,2022,10,5,10,2313.970947265625,2314
3,2022,10,5,11,2092.7490234375,2129
3,2022,10,5,12,2024.6749267578125,2111
3,2022,10,5,13,2033.29052734375,2274
3,2022,10,5,14,2305.38427734375,2470
3,2022,10,5,15,2420.793701171875,2665
3,2022,10,5,16,2591.7900390625,2832
3,2022,10,5,17,2789.759521484375,2909
3,2022,10,5,18,2804.08984375,2943
3,2022,10,5,19,2762.21728515625,2907
3,2022,10,5,20,2665.526123046875,2805
3,2022,10,5,21,2490.06689453125,2688
3,2022,10,5,22,2321.196533203125,2532
3,2022,10,5,23,2157.051025390625,2367
3,2022,10,5,24,2068.631103515625,2264
3,2022,10,6,1,1963.6265869140625,2188
3,2022,10,6,2,1931.39404296875,2152
3,2022,10,6,3,1931.5018310546875,2106
3,2022,10,6,4,1942.3896484375,2114
3,2022,10,6,5,2061.37353515625,2210
3,2022,10,6,6,2235.1337890625,2402
3,2022,10,6,7,2318.224365234375,2558
3,2022,10,6,8,2384.342529296875,2608
3,2022,10,6,9,2392.7421875,2552
3,2022,10,6,10,2223.72509765625,2406
3,2022,10,6,11,2085.881103515625,2325
3,2022,10,6,12,2030.5125732421875,2379
3,2022,10,6,13,2023.3497314453125,2466
3,2022,10,6,14,2180.167236328125,2489
3,2022,10,6,15,2438.869140625,2558
3,2022,10,6,16,2668.348388671875,2645
3,2022,10,6,17,2708.294189453125,2837
3,2022,10,6,18,2768.974365234375,3037
3,2022,10,6,19,2671.159912109375,2935
3,2022,10,6,20,2602.777099609375,2730
3,2022,10,6,21,2446.883544921875,2620
3,2022,10,6,22,2264.941162109375,2481
3,2022,10,6,23,2146.730224609375,2381
3,2022,10,6,24,2030.9407958984375,2428
3,2022,10,7,1,1925.7276611328125,2495
3,2022,10,7,2,1896.7821044921875,2481
3,2022,10,7,3,1885.3720703125,2484
3,2022,10,7,4,1863.141845703125,2320
3,2022,10,7,5,1988.79638671875,2239
3,2022,10,7,6,2191.291259765625,2320
3,2022,10,7,7,2229.688720703125,2399
3,2022,10,7,8,2267.369140625,2534
3,2022,10,7,9,2280.68994140625,2520
3,2022,10,7,10,2114.810791015625,2221
3,2022,10,7,11,1994.3885498046875,2090
3,2022,10,7,12,1982.307861328125,2192
3,2022,10,7,13,2139.21142578125,2343
3,2022,10,7,14,2244.1103515625,2481
3,2022,10,7,15,2424.112548828125,2653
3,2022,10,7,16,2519.6767578125,2834
3,2022,10,7,17,2671.130859375,2962
3,2022,10,7,18,2790.745849609375,2979
3,2022,10,7,19,2787.215576171875,2924
3,2022,10,7,20,2718.587890625,2849
3,2022,10,7,21,2635.19384765625,2807
3,2022,10,7,22,2445.4716796875,2620
3,2022,10,7,23,2237.774658203125,2430
3,2022,10,7,24,2142.862548828125,2348
3,2022,10,8,1,2005.950439453125,2234
3,2022,10,8,2,1925.2061767578125,2137
3,2022,10,8,3,1897.877685546875,2090
3,2022,10,8,4,1861.68701171875,2081
3,2022,10,8,5,1899.801513671875,2098
3,2022,10,8,6,1951.565185546875,2153
3,2022,10,8,7,1994.31201171875,2199
3,2022,10,8,8,2115.4091796875,2259
3,2022,10,8,9,1980.6322021484375,2325
3,2022,10,8,10,1766.0445556640625,2162
3,2022,10,8,11,1704.4415283203125,2035
3,2022,10,8,12,1740.647216796875,1988
3,2022,10,8,13,1820.2147216796875,2159
3,2022,10,8,14,1971.609619140625,2326
3,2022,10,8,15,2154.19921875,2525
3,2022,10,8,16,2551.29736328125,2698
3,2022,10,8,17,2677.87060546875,2882
3,2022,10,8,18,2755.007568359375,3043
3,2022,10,8,19,2690.872802734375,3011
3,2022,10,8,20,2626.572998046875,2947
3,2022,10,8,21,2444.118896484375,2857
3,2022,10,8,22,2302.7236328125,2733
3,2022,10,8,23,2231.357177734375,2499
3,2022,10,8,24,2140.147216796875,2301
3,2022,10,9,1,2006.26318359375,2192
3,2022,10,9,2,1916.7366943359375,2183
3,2022,10,9,3,1895.9031982421875,2125
3,2022,10,9,4,1911.2745361328125,2031
3,2022,10,9,5,1935.9697265625,2010
3,2022,10,9,6,1959.3751220703125,2057
3,2022,10,9,7,1998.3441162109375,2141
3,2022,10,9,8,2146.147705078125,2301
3,2022,10,9,9,2124.759521484375,2410
3,2022,10,9,10,2020.978759765625,2239
3,2022,10,9,11,1707.6363525390625,2007
3,2022,10,9,12,1702.7723388671875,1885
3,2022,10,9,13,1805.797119140625,1959
3,2022,10,9,14,1919.4130859375,2145
3,2022,10,9,15,2150.597900390625,2347
3,2022,10,9,16,2327.927490234375,2567
3,2022,10,9,17,2530.62109375,2742
3,2022,10,9,18,2714.62744140625,2826
3,2022,10,9,19,2624.45263671875,2811
3,2022,10,9,20,2586.076171875,2721
3,2022,10,9,21,2439.865478515625,2616
3,2022,10,9,22,2278.4609375,2478
3,2022,10,9,23,2137.222412109375,2343
3,2022,10,9,24,2087.436279296875,2313
3,2022,10,10,1,2009.4208984375,2278
3,2022,10,10,2,1949.3824462890625,2218
3,2022,10,10,3,1939.7972412109375,2170
3,2022,10,10,4,1979.0650634765625,2204
3,2022,10,10,5,2069.00390625,2311
3,2022,10,10,6,2203.22265625,2474
3,2022,10,10,7,2318.163330078125,2618
3,2022,10,10,8,2361.231201171875,2697
3,2022,10,10,9,2392.660400390625,2822
3,2022,10,10,10,2202.741943359375,2699
3,2022,10,10,11,2150.5439453125,2300
3,2022,10,10,12,2057.247802734375,2051
3,2022,10,10,13,2030.0621337890625,2100
3,2022,10,10,14,2098.721923828125,2260
3,2022,10,10,15,2277.019775390625,2454
3,2022,10,10,16,2466.429931640625,2671
3,2022,10,10,17,2606.90966796875,2836
3,2022,10,10,18,2687.63134765625,2892
3,2022,10,10,19,2632.497314453125,2863
3,2022,10,10,20,2537.687255859375,2740
3,2022,10,10,21,2449.976318359375,2614
3,2022,10,10,22,2300.895263671875,2438
3,2022,10,10,23,2148.999755859375,2346
3,2022,10,10,24,2026.1630859375,2417
3,2022,10,11,1,1952.4781494140625,2236
3,2022,10,11,2,1908.9822998046875,2139
3,2022,10,11,3,1890.8056640625,2088
3,2022,10,11,4,1911.2598876953125,2112
3,2022,10,11,5,2049.983154296875,2234
3,2022,10,11,6,2244.274658203125,2385
3,2022,10,11,7,2352.4140625,2531
3,2022,10,11,8,2423.658935546875,2612
3,2022,10,11,9,2467.8125,2627
3,2022,10,11,10,2327.946533203125,2384
3,2022,10,11,11,2071.65576171875,2108
3,2022,10,11,12,2037.3673095703125,2012
3,2022,10,11,13,2092.80859375,2004
3,2022,10,11,14,2203.6044921875,2218
3,2022,10,11,15,2365.54736328125,2489
3,2022,10,11,16,2481.664794921875,2681
3,2022,10,11,17,2535.431640625,2769
3,2022,10,11,18,2697.25390625,2820
3,2022,10,11,19,2653.086669921875,2802
3,2022,10,11,20,2585.817626953125,2715
3,2022,10,11,21,2490.06689453125,2601
3,2022,10,11,22,2319.208984375,2462
3,2022,10,11,23,2152.5908203125,2348
3,2022,10,11,24,2072.19189453125,2250
3,2022,10,12,1,1992.65869140625,2106
3,2022,10,12,2,1949.5836181640625,2039
3,2022,10,12,3,1919.9957275390625,2010
3,2022,10,12,4,1971.8245849609375,2052
3,2022,10,12,5,2110.2978515625,2172
3,2022,10,12,6,2260.09521484375,2365
3,2022,10,12,7,2349.66943359375,2497
3,2022,10,12,8,2438.95068359375,2568
3,2022,10,12,9,2508.343994140625,2602
3,2022,10,12,10,2398.416259765625,2570
3,2022,10,12,11,2289.808837890625,2433
3,2022,10,12,12,2321.871826171875,2186
3,2022,10,12,13,2196.069580078125,2123
3,2022,10,12,14,2196.63134765625,2191
3,2022,10,12,15,2379.26171875,2451
3,2022,10,12,16,2550.639404296875,2641
3,2022,10,12,17,2644.43115234375,2795
3,2022,10,12,18,2801.744873046875,2879
3,2022,10,12,19,2719.112060546875,2844
3,2022,10,12,20,2637.662109375,2751
3,2022,10,12,21,2578.053955078125,2653
3,2022,10,12,22,2410.792724609375,2534
3,2022,10,12,23,2243.545654296875,2455
3,2022,10,12,24,2147.9345703125,2411
3,2022,10,13,1,2066.67919921875,2290
3,2022,10,13,2,2038.1956787109375,2211
3,2022,10,13,3,1988.784912109375,2092
3,2022,10,13,4,2016.1658935546875,2061
3,2022,10,13,5,2108.957763671875,2192
3,2022,10,13,6,2255.724609375,2379
3,2022,10,13,7,2356.655517578125,2524
3,2022,10,13,8,2452.903564453125,2575
3,2022,10,13,9,2452.0146484375,2581
3,2022,10,13,10,2279.23779296875,2567
3,2022,10,13,11,2470.59619140625,2457
3,2022,10,13,12,2369.819091796875,2444
3,2022,10,13,13,2249.28759765625,2419
3,2022,10,13,14,2285.08544921875,2433
3,2022,10,13,15,2347.377685546875,2559
3,2022,10,13,16,2471.0732421875,2661
3,2022,10,13,17,2548.89013671875,2681
3,2022,10,13,18,2678.208251953125,2746
3,2022,10,13,19,2657.37841796875,2716
3,2022,10,13,20,2577.91748046875,2634
3,2022,10,13,21,2446.883544921875,2516
3,2022,10,13,22,2277.06201171875,2343
3,2022,10,13,23,2157.051025390625,2210
3,2022,10,13,24,2072.19189453125,2140
3,2022,10,14,1,1977.8111572265625,2067
3,2022,10,14,2,1943.1556396484375,2007
3,2022,10,14,3,1905.502685546875,1991
3,2022,10,14,4,1949.67724609375,2008
3,2022,10,14,5,2071.962158203125,2103
3,2022,10,14,6,2252.238525390625,2296
3,2022,10,14,7,2352.4140625,2490
3,2022,10,14,8,2418.60498046875,2636
3,2022,10,14,9,2387.21533203125,2706
3,2022,10,14,10,2395.1162109375,2717
3,2022,10,14,11,2500.98046875,2667
3,2022,10,14,12,2355.726806640625,2655
3,2022,10,14,13,2377.690673828125,2525
3,2022,10,14,14,2354.439697265625,2542
3,2022,10,14,15,2336.11279296875,2589
3,2022,10,14,16,2423.874267578125,2514
3,2022,10,14,17,2532.59765625,2537
3,2022,10,14,18,2618.373046875,2597
3,2022,10,14,19,2624.12353515625,2558
3,2022,10,14,20,2502.3291015625,2486
3,2022,10,14,21,2357.595703125,2401
3,2022,10,14,22,2247.098388671875,2278
3,2022,10,14,23,2120.132568359375,2149
3,2022,10,14,24,2031.6507568359375,2096
3,2022,10,15,1,1944.230224609375,2010
3,2022,10,15,2,1884.43408203125,1942
3,2022,10,15,3,1851.8028564453125,1915
3,2022,10,15,4,1862.946044921875,1925
3,2022,10,15,5,1900.256591796875,1929
3,2022,10,15,6,1951.3841552734375,1989
3,2022,10,15,7,1984.71044921875,2080
3,2022,10,15,8,2059.280029296875,2244
3,2022,10,15,9,2050.297119140625,2374
3,2022,10,15,10,2165.5009765625,2439
3,2022,10,15,11,2168.28173828125,2347
3,2022,10,15,12,2145.8212890625,2243
3,2022,10,15,13,2089.493408203125,2168
3,2022,10,15,14,2126.51171875,2125
3,2022,10,15,15,2188.0185546875,2101
3,2022,10,15,16,2275.637939453125,2324
3,2022,10,15,17,2406.24365234375,2319
3,2022,10,15,18,2493.265869140625,2420
3,2022,10,15,19,2471.54638671875,2412
3,2022,10,15,20,2389.3427734375,2346
3,2022,10,15,21,2262.47216796875,2301
3,2022,10,15,22,2155.91064453125,2207
3,2022,10,15,23,2040.3516845703125,2109
3,2022,10,15,24,1979.090087890625,2046
3,2022,10,16,1,1948.3309326171875,1980
3,2022,10,16,2,1901.533447265625,1918
3,2022,10,16,3,1848.7308349609375,1891
3,2022,10,16,4,1847.8616943359375,1860
3,2022,10,16,5,1904.3692626953125,1859
3,2022,10,16,6,1943.610595703125,1920
3,2022,10,16,7,1979.7138671875,1998
3,2022,10,16,8,2059.280029296875,2004
3,2022,10,16,9,2159.71142578125,1985
3,2022,10,16,10,2133.964599609375,2197
3,2022,10,16,11,2268.765625,2301
3,2022,10,16,12,2131.313232421875,2157
3,2022,10,16,13,2093.78662109375,2088
3,2022,10,16,14,1994.717041015625,1995
3,2022,10,16,15,2152.1884765625,2056
3,2022,10,16,16,2349.084228515625,2175
3,2022,10,16,17,2347.919677734375,2374
3,2022,10,16,18,2503.6357421875,2548
3,2022,10,16,19,2507.584716796875,2542
3,2022,10,16,20,2410.754150390625,2506
3,2022,10,16,21,2278.30810546875,2355
3,2022,10,16,22,2146.355224609375,2199
3,2022,10,16,23,2023.39404296875,2078
3,2022,10,16,24,1915.75732421875,2038
3,2022,10,17,1,1877.319580078125,1944
3,2022,10,17,2,1844.28662109375,1894
3,2022,10,17,3,1818.6024169921875,1900
3,2022,10,17,4,1830.1300048828125,1884
3,2022,10,17,5,1941.1546630859375,2004
3,2022,10,17,6,2109.8974609375,2167
3,2022,10,17,7,2209.764892578125,2274
3,2022,10,17,8,2274.96923828125,2394
3,2022,10,17,9,2157.041015625,2330
3,2022,10,17,10,1979.68603515625,2032
3,2022,10,17,11,1877.7958984375,1841
3,2022,10,17,12,1947.6719970703125,1828
3,2022,10,17,13,1978.7237548828125,1930
3,2022,10,17,14,2125.2646484375,2077
3,2022,10,17,15,2360.448486328125,2285
3,2022,10,17,16,2513.961181640625,2489
3,2022,10,17,17,2602.222412109375,2689
3,2022,10,17,18,2730.77587890625,2778
3,2022,10,17,19,2691.968994140625,2729
3,2022,10,17,20,2579.65478515625,2611
3,2022,10,17,21,2446.883544921875,2461
3,2022,10,17,22,2267.09423828125,2270
3,2022,10,17,23,2144.975341796875,2113
3,2022,10,17,24,2030.9407958984375,2036
3,2022,10,18,1,1906.8609619140625,1928
3,2022,10,18,2,1841.517333984375,1889
3,2022,10,18,3,1813.3450927734375,1853
3,2022,10,18,4,1837.8642578125,1842
3,2022,10,18,5,1940.9405517578125,1956
3,2022,10,18,6,2109.8974609375,2135
3,2022,10,18,7,2213.97705078125,2292
3,2022,10,18,8,2243.1904296875,2344
3,2022,10,18,9,2117.149658203125,2359
3,2022,10,18,10,2025.1558837890625,2223
3,2022,10,18,11,2075.004638671875,2195
3,2022,10,18,12,2087.294677734375,2209
3,2022,10,18,13,2234.18212890625,2283
3,2022,10,18,14,2437.689697265625,2516
3,2022,10,18,15,2691.5283203125,2772
3,2022,10,18,16,2777.759521484375,3004
3,2022,10,18,17,3227.972412109375,3139
3,2022,10,18,18,3408.58203125,3146
3,2022,10,18,19,3348.585205078125,3032
3,2022,10,18,20,3089.061767578125,2885
3,2022,10,18,21,2795.285888671875,2719
3,2022,10,18,22,2565.399658203125,2484
3,2022,10,18,23,2354.36181640625,2335
3,2022,10,18,24,2242.0869140625,2398
3,2022,10,19,1,2059.09033203125,2294
3,2022,10,19,2,1989.66650390625,2285
3,2022,10,19,3,1983.2421875,2185
3,2022,10,19,4,2027.9559326171875,2019
3,2022,10,19,5,2121.33935546875,2079
3,2022,10,19,6,2252.252685546875,2253
3,2022,10,19,7,2350.814453125,2329
3,2022,10,19,8,2428.06396484375,2391
3,2022,10,19,9,2414.01220703125,2376
3,2022,10,19,10,2467.10302734375,2245
3,2022,10,19,11,2436.79541015625,2318
3,2022,10,19,12,2512.21728515625,2472
3,2022,10,19,13,2507.068603515625,2694
3,2022,10,19,14,2831.35791015625,2977
3,2022,10,19,15,3438.595703125,3287
3,2022,10,19,16,3316.394775390625,3462
3,2022,10,19,17,3526.11865234375,3530
3,2022,10,19,18,3440.230712890625,3475
3,2022,10,19,19,3107.516357421875,3318
3,2022,10,19,20,3117.88671875,3159
3,2022,10,19,21,2986.89794921875,2996
3,2022,10,19,22,2671.43603515625,2733
3,2022,10,19,23,2385.499755859375,2536
3,2022,10,19,24,2224.69482421875,2470
3,2022,10,20,1,2053.9638671875,2452
3,2022,10,20,2,1933.5572509765625,2355
3,2022,10,20,3,1924.9949951171875,2179
3,2022,10,20,4,1934.639404296875,2056
3,2022,10,20,5,2051.71240234375,2134
3,2022,10,20,6,2206.7734375,2284
3,2022,10,20,7,2260.201171875,2339
3,2022,10,20,8,2266.185546875,2353
3,2022,10,20,9,2303.48193359375,2359
3,2022,10,20,10,2380.2021484375,2340
3,2022,10,20,11,2421.89208984375,2367
3,2022,10,20,12,2344.35791015625,2408
3,2022,10,20,13,2242.707763671875,2525
3,2022,10,20,14,2410.635986328125,2671
3,2022,10,20,15,2601.704345703125,2880
3,2022,10,20,16,2655.719482421875,3010
3,2022,10,20,17,2734.94482421875,3117
3,2022,10,20,18,2856.898193359375,3124
3,2022,10,20,19,2717.37841796875,3024
3,2022,10,20,20,2688.986572265625,2877
3,2022,10,20,21,2710.813720703125,2715
3,2022,10,20,22,2482.14306640625,2517
3,2022,10,20,23,2315.68505859375,2337
3,2022,10,20,24,2198.67578125,2256
3,2022,10,21,1,2042.0537109375,2184
3,2022,10,21,2,1935.4600830078125,2133
3,2022,10,21,3,1912.599609375,2102
3,2022,10,21,4,1927.900390625,2080
3,2022,10,21,5,2016.98974609375,2153
3,2022,10,21,6,2163.91552734375,2303
3,2022,10,21,7,2219.630615234375,2445
3,2022,10,21,8,2271.367919921875,2622
3,2022,10,21,9,2311.48974609375,2590
3,2022,10,21,10,2074.518310546875,2336
3,2022,10,21,11,1997.452392578125,2024
3,2022,10,21,12,2023.6226806640625,1966
3,2022,10,21,13,2072.0732421875,2063
3,2022,10,21,14,2182.78125,2238
3,2022,10,21,15,2354.857666015625,2470
3,2022,10,21,16,2464.2880859375,2667
3,2022,10,21,17,2583.489501953125,2795
3,2022,10,21,18,2693.18310546875,2831
3,2022,10,21,19,2641.358154296875,2762
3,2022,10,21,20,2559.5791015625,2665
3,2022,10,21,21,2446.883544921875,2571
3,2022,10,21,22,2277.06201171875,2434
3,2022,10,21,23,2152.982421875,2325
3,2022,10,21,24,2072.19189453125,2248
3,2022,10,22,1,1983.4263916015625,2144
3,2022,10,22,2,1918.104736328125,2048
3,2022,10,22,3,1867.9544677734375,1978
3,2022,10,22,4,1878.63232421875,1964
3,2022,10,22,5,1911.19482421875,2015
3,2022,10,22,6,1943.76513671875,2085
3,2022,10,22,7,1994.901611328125,2175
3,2022,10,22,8,2101.94384765625,2420
3,2022,10,22,9,2103.701171875,2575
3,2022,10,22,10,2165.5009765625,2337
3,2022,10,22,11,2165.375,2128
3,2022,10,22,12,2061.429931640625,1803
3,2022,10,22,13,2050.18701171875,1833
3,2022,10,22,14,2090.82177734375,2036
3,2022,10,22,15,2178.485595703125,2251
3,2022,10,22,16,2341.003662109375,2322
3,2022,10,22,17,2405.103271484375,2380
3,2022,10,22,18,2483.79345703125,2463
3,2022,10,22,19,2465.548095703125,2435
3,2022,10,22,20,2365.4580078125,2375
3,2022,10,22,21,2251.8466796875,2295
3,2022,10,22,22,2114.785888671875,2177
3,2022,10,22,23,1978.9276123046875,2062
3,2022,10,22,24,1913.174560546875,2025
3,2022,10,23,1,1873.8428955078125,1934
3,2022,10,23,2,1821.9012451171875,1878
3,2022,10,23,3,1775.2000732421875,1843
3,2022,10,23,4,1774.95068359375,1830
3,2022,10,23,5,1797.83203125,1817
3,2022,10,23,6,1868.71533203125,1845
3,2022,10,23,7,1929.16845703125,1884
3,2022,10,23,8,1962.985595703125,2028
3,2022,10,23,9,1855.6826171875,2156
3,2022,10,23,10,1714.64599609375,1909
3,2022,10,23,11,1574.2105712890625,1654
3,2022,10,23,12,1667.800537109375,1376
3,2022,10,23,13,1754.969970703125,1396
3,2022,10,23,14,1922.6153564453125,1502
3,2022,10,23,15,2063.31298828125,1715
3,2022,10,23,16,2235.010498046875,1995
3,2022,10,23,17,2315.7685546875,2282
3,2022,10,23,18,2431.3017578125,2453
3,2022,10,23,19,2379.23095703125,2438
3,2022,10,23,20,2349.0615234375,2365
3,2022,10,23,21,2234.047119140625,2266
3,2022,10,23,22,2092.58984375,2123
3,2022,10,23,23,1956.9334716796875,2011
3,2022,10,23,24,1894.9744873046875,1952
3,2022,10,24,1,1853.6552734375,1866
3,2022,10,24,2,1796.3843994140625,1772
3,2022,10,24,3,1779.160888671875,1775
3,2022,10,24,4,1804.148681640625,1837
3,2022,10,24,5,1935.2716064453125,1924
3,2022,10,24,6,2129.355224609375,2077
3,2022,10,24,7,2200.31884765625,2193
3,2022,10,24,8,2159.2783203125,2290
3,2022,10,24,9,2014.2623291015625,2229
3,2022,10,24,10,1838.5982666015625,1969
3,2022,10,24,11,1761.83544921875,1736
3,2022,10,24,12,1828.2733154296875,1609
3,2022,10,24,13,1914.5780029296875,1645
3,2022,10,24,14,2085.35009765625,1792
3,2022,10,24,15,2239.146728515625,2054
3,2022,10,24,16,2399.097900390625,2318
3,2022,10,24,17,2640.52197265625,2543
3,2022,10,24,18,2668.441650390625,2665
3,2022,10,24,19,2631.78759765625,2621
3,2022,10,24,20,2488.083251953125,2517
3,2022,10,24,21,2350.40380859375,2375
3,2022,10,24,22,2167.615234375,2223
3,2022,10,24,23,1993.597412109375,2079
3,2022,10,24,24,1928.718505859375,2028
3,2022,10,25,1,1849.6488037109375,1961
3,2022,10,25,2,1805.826416015625,1892
3,2022,10,25,3,1786.2598876953125,1862
3,2022,10,25,4,1807.6654052734375,1908
3,2022,10,25,5,1932.9129638671875,2041
3,2022,10,25,6,2110.2958984375,2200
3,2022,10,25,7,2228.981201171875,2273
3,2022,10,25,8,2142.138427734375,2236
3,2022,10,25,9,1977.781005859375,2193
3,2022,10,25,10,1838.5982666015625,1982
3,2022,10,25,11,1806.4246826171875,1850
3,2022,10,25,12,1964.740234375,1785
3,2022,10,25,13,1965.7021484375,1694
3,2022,10,25,14,2147.319091796875,1836
3,2022,10,25,15,2221.19287109375,2055
3,2022,10,25,16,2399.097900390625,2281
3,2022,10,25,17,2579.94384765625,2496
3,2022,10,25,18,2651.219970703125,2619
3,2022,10,25,19,2562.19677734375,2577
3,2022,10,25,20,2473.705810546875,2478
3,2022,10,25,21,2340.32275390625,2348
3,2022,10,25,22,2160.5751953125,2189
3,2022,10,25,23,1991.6317138671875,2053
3,2022,10,25,24,1930.912353515625,1996
3,2022,10,26,1,1852.5631103515625,1933
3,2022,10,26,2,1794.2315673828125,1869
3,2022,10,26,3,1770.5408935546875,1850
3,2022,10,26,4,1802.5430908203125,1887
3,2022,10,26,5,1931.80224609375,2002
3,2022,10,26,6,2116.630615234375,2186
3,2022,10,26,7,2191.869873046875,2257
3,2022,10,26,8,2172.580810546875,2236
3,2022,10,26,9,2071.35009765625,2303
3,2022,10,26,10,1915.6229248046875,2105
3,2022,10,26,11,1794.1614990234375,1913
3,2022,10,26,12,1770.659912109375,1734
3,2022,10,26,13,1794.3160400390625,1701
3,2022,10,26,14,1966.3604736328125,1793
3,2022,10,26,15,2097.504150390625,2060
3,2022,10,26,16,2266.798828125,2316
3,2022,10,26,17,2501.905517578125,2499
3,2022,10,26,18,2612.05712890625,2646
3,2022,10,26,19,2533.549560546875,2598
3,2022,10,26,20,2473.705810546875,2489
3,2022,10,26,21,2341.8037109375,2351
3,2022,10,26,22,2177.215576171875,2218
3,2022,10,26,23,2019.4822998046875,2075
3,2022,10,26,24,1936.128173828125,2018
3,2022,10,27,1,1852.9620361328125,1940
3,2022,10,27,2,1791.819091796875,1890
3,2022,10,27,3,1777.970703125,1863
3,2022,10,27,4,1807.355712890625,1914
3,2022,10,27,5,1941.2861328125,2045
3,2022,10,27,6,2119.225830078125,2223
3,2022,10,27,7,2201.825439453125,2292
3,2022,10,27,8,2209.960693359375,2130
3,2022,10,27,9,2086.38623046875,1987
3,2022,10,27,10,1939.4111328125,1869
3,2022,10,27,11,1782.321533203125,1803
3,2022,10,27,12,1733.0947265625,1708
3,2022,10,27,13,1780.8134765625,1796
3,2022,10,27,14,1990.257568359375,2136
3,2022,10,27,15,2166.127685546875,2281
3,2022,10,27,16,2410.505859375,2391
3,2022,10,27,17,2570.097900390625,2563
3,2022,10,27,18,2654.017822265625,2680
3,2022,10,27,19,2595.3046875,2629
3,2022,10,27,20,2490.152099609375,2540
3,2022,10,27,21,2350.40380859375,2393
3,2022,10,27,22,2168.401611328125,2233
3,2022,10,27,23,1993.597412109375,2083
3,2022,10,27,24,1932.341552734375,2057
3,2022,10,28,1,1853.009033203125,1992
3,2022,10,28,2,1796.1240234375,1920
3,2022,10,28,3,1775.129150390625,1899
3,2022,10,28,4,1802.5430908203125,1933
3,2022,10,28,5,1931.6241455078125,2006
3,2022,10,28,6,2113.656494140625,2175
3,2022,10,28,7,2202.103271484375,2247
3,2022,10,28,8,2151.79736328125,2192
3,2022,10,28,9,2034.2618408203125,2229
3,2022,10,28,10,1928.5068359375,2115
3,2022,10,28,11,1780.8814697265625,1976
3,2022,10,28,12,1818.692626953125,1769
3,2022,10,28,13,1908.7320556640625,1739
3,2022,10,28,14,2066.56689453125,1888
3,2022,10,28,15,2150.50927734375,2137
3,2022,10,28,16,2342.957763671875,2331
3,2022,10,28,17,2525.261962890625,2540
3,2022,10,28,18,2647.432373046875,2638
3,2022,10,28,19,2602.89697265625,2583
3,2022,10,28,20,2488.083251953125,2489
3,2022,10,28,21,2350.40380859375,2383
3,2022,10,28,22,2167.615234375,2237
3,2022,10,28,23,2000.1224365234375,2110
3,2022,10,28,24,1936.128173828125,2038
3,2022,10,29,1,1848.5867919921875,1987
3,2022,10,29,2,1790.0628662109375,1928
3,2022,10,29,3,1757.35595703125,1865
3,2022,10,29,4,1749.5111083984375,1849
3,2022,10,29,5,1797.420166015625,1862
3,2022,10,29,6,1864.3712158203125,1905
3,2022,10,29,7,1886.290283203125,1920
3,2022,10,29,8,1853.44970703125,1856
3,2022,10,29,9,1764.106689453125,1775
3,2022,10,29,10,1655.789306640625,1618
3,2022,10,29,11,1555.0045166015625,1532
3,2022,10,29,12,1527.4285888671875,1578
3,2022,10,29,13,1593.9102783203125,1686
3,2022,10,29,14,1744.6829833984375,1736
3,2022,10,29,15,1906.1197509765625,1882
3,2022,10,29,16,2189.3095703125,2131
3,2022,10,29,17,2339.45654296875,2348
3,2022,10,29,18,2488.24951171875,2462
3,2022,10,29,19,2466.342041015625,2400
3,2022,10,29,20,2372.584716796875,2320
3,2022,10,29,21,2250.137451171875,2227
3,2022,10,29,22,2101.884033203125,2115
3,2022,10,29,23,1960.9345703125,2011
3,2022,10,29,24,1896.8123779296875,1982
3,2022,10,30,1,1848.0411376953125,1929
3,2022,10,30,2,1788.841796875,1845
3,2022,10,30,3,1752.93505859375,1805
3,2022,10,30,4,1744.3916015625,1786
3,2022,10,30,5,1789.7618408203125,1792
3,2022,10,30,6,1854.8804931640625,1828
3,2022,10,30,7,1895.4161376953125,1846
3,2022,10,30,8,1839.777099609375,1750
3,2022,10,30,9,1753.9859619140625,1669
3,2022,10,30,10,1687.2725830078125,1522
3,2022,10,30,11,1629.899169921875,1486
3,2022,10,30,12,1670.363037109375,1506
3,2022,10,30,13,1731.3695068359375,1556
3,2022,10,30,14,1855.684326171875,1740
3,2022,10,30,15,2031.606689453125,1983
3,2022,10,30,16,2259.567626953125,2199
3,2022,10,30,17,2387.173828125,2458
3,2022,10,30,18,2520.197021484375,2575
3,2022,10,30,19,2517.40478515625,2514
3,2022,10,30,20,2371.230224609375,2422
3,2022,10,30,21,2256.61083984375,2303
3,2022,10,30,22,2119.44287109375,2145
3,2022,10,30,23,1975.743408203125,2019
3,2022,10,30,24,1898.7611083984375,1959
3,2022,10,31,1,1852.5631103515625,1903
3,2022,10,31,2,1792.041748046875,1888
3,2022,10,31,3,1773.263427734375,1846
3,2022,10,31,4,1802.5430908203125,1856
3,2022,10,31,5,1930.5897216796875,1979
3,2022,10,31,6,2109.907958984375,2150
3,2022,10,31,7,2205.6435546875,2224
3,2022,10,31,8,2185.10400390625,2125
3,2022,10,31,9,1999.246337890625,2096
3,2022,10,31,10,1859.3939208984375,2032
3,2022,10,31,11,1977.63623046875,2020
3,2022,10,31,12,2130.035400390625,2055
3,2022,10,31,13,2185.292724609375,2215
3,2022,10,31,14,2147.625732421875,2228
3,2022,10,31,15,2275.03271484375,2433
3,2022,10,31,16,2471.456298828125,2508
3,2022,10,31,17,2638.237060546875,2697
3,2022,10,31,18,2739.630859375,2648
3,2022,10,31,19,2571.966796875,2572
3,2022,10,31,20,2538.259033203125,2498
3,2022,10,31,21,2391.95849609375,2406
3,2022,10,31,22,2192.401123046875,2240
3,2022,10,31,23,2039.441162109375,2110
3,2022,10,31,24,1979.7587890625,2050
3,2022,11,1,1,1883.4183349609375,1976
3,2022,11,1,2,1830.3172607421875,1933
3,2022,11,1,3,1795.0916748046875,1919
3,2022,11,1,4,1788.27880859375,1915
3,2022,11,1,5,1838.580810546875,1965
3,2022,11,1,6,1935.584228515625,2117
3,2022,11,1,7,2111.528564453125,2258
3,2022,11,1,8,2160.155517578125,2180
3,2022,11,1,9,2221.815185546875,2216
3,2022,11,1,10,2072.937744140625,2156
3,2022,11,1,11,2139.332275390625,2142
3,2022,11,1,12,2142.339111328125,1938
3,2022,11,1,13,1992.02685546875,1955
3,2022,11,1,14,1969.9283447265625,2024
3,2022,11,1,15,2084.26904296875,2122
3,2022,11,1,16,2307.911865234375,2268
3,2022,11,1,17,2464.519287109375,2485
3,2022,11,1,18,2617.235107421875,2598
3,2022,11,1,19,2565.56787109375,2533
3,2022,11,1,20,2491.57666015625,2430
3,2022,11,1,21,2374.65869140625,2295
3,2022,11,1,22,2224.800048828125,2122
3,2022,11,1,23,2063.9208984375,2063
3,2022,11,1,24,1946.9095458984375,2212
3,2022,11,2,1,1861.833251953125,2148
3,2022,11,2,2,1801.9361572265625,2043
3,2022,11,2,3,1765.6256103515625,1870
3,2022,11,2,4,1784.6845703125,1844
3,2022,11,2,5,1845.14453125,1957
3,2022,11,2,6,1970.7818603515625,2152
3,2022,11,2,7,2107.934814453125,2292
3,2022,11,2,8,2154.583984375,2333
3,2022,11,2,9,2388.117431640625,2338
3,2022,11,2,10,2303.240234375,2054
3,2022,11,2,11,2145.935791015625,1760
3,2022,11,2,12,1869.6494140625,1753
3,2022,11,2,13,1864.0577392578125,1789
3,2022,11,2,14,1878.3009033203125,1871
3,2022,11,2,15,2029.485595703125,2028
3,2022,11,2,16,2269.7666015625,2200
3,2022,11,2,17,2464.27001953125,2432
3,2022,11,2,18,2600.20947265625,2571
3,2022,11,2,19,2594.623291015625,2516
3,2022,11,2,20,2494.765380859375,2410
3,2022,11,2,21,2376.791015625,2288
3,2022,11,2,22,2229.27294921875,2133
3,2022,11,2,23,2075.565185546875,2000
3,2022,11,2,24,1946.9095458984375,1974
3,2022,11,3,1,1861.493408203125,1968
3,2022,11,3,2,1804.5279541015625,1992
3,2022,11,3,3,1768.4930419921875,1914
3,2022,11,3,4,1779.2469482421875,1852
3,2022,11,3,5,1850.7845458984375,1978
3,2022,11,3,6,1981.550537109375,2171
3,2022,11,3,7,2098.72021484375,2271
3,2022,11,3,8,2139.6630859375,2182
3,2022,11,3,9,2014.310791015625,2079
3,2022,11,3,10,1952.77685546875,2015
3,2022,11,3,11,1831.983642578125,1996
3,2022,11,3,12,1757.328125,1883
3,2022,11,3,13,1744.7081298828125,1699
3,2022,11,3,14,1875.5947265625,1727
3,2022,11,3,15,1973.22412109375,1902
3,2022,11,3,16,2318.005615234375,2126
3,2022,11,3,17,2519.6923828125,2412
3,2022,11,3,18,2640.58984375,2616
3,2022,11,3,19,2644.111083984375,2623
3,2022,11,3,20,2541.20751953125,2493
3,2022,11,3,21,2446.710205078125,2364
3,2022,11,3,22,2301.06298828125,2193
3,2022,11,3,23,2141.12451171875,2072
3,2022,11,3,24,1996.69384765625,2062
3,2022,11,4,1,1910.6951904296875,2010
3,2022,11,4,2,1841.7802734375,1961
3,2022,11,4,3,1840.19287109375,1932
3,2022,11,4,4,1821.9945068359375,1955
3,2022,11,4,5,1901.1417236328125,2054
3,2022,11,4,6,2064.443115234375,2271
3,2022,11,4,7,2246.60205078125,2371
3,2022,11,4,8,2184.75927734375,2302
3,2022,11,4,9,2039.3177490234375,2205
3,2022,11,4,10,1845.600830078125,2056
3,2022,11,4,11,1724.344482421875,1898
3,2022,11,4,12,1717.4005126953125,1795
3,2022,11,4,13,1748.9339599609375,1650
3,2022,11,4,14,1875.756591796875,1751
3,2022,11,4,15,2012.0159912109375,1936
3,2022,11,4,16,2353.677001953125,2195
3,2022,11,4,17,2461.590576171875,2425
3,2022,11,4,18,2622.6962890625,2569
3,2022,11,4,19,2566.90283203125,2530
3,2022,11,4,20,2509.56201171875,2429
3,2022,11,4,21,2386.07958984375,2321
3,2022,11,4,22,2263.114990234375,2178
3,2022,11,4,23,2116.510009765625,2068
3,2022,11,4,24,1979.85498046875,2003
3,2022,11,5,1,1892.1053466796875,1938
3,2022,11,5,2,1811.887451171875,1940
3,2022,11,5,3,1790.9910888671875,1917
3,2022,11,5,4,1778.0843505859375,1889
3,2022,11,5,5,1815.410400390625,1932
3,2022,11,5,6,1848.2962646484375,2017
3,2022,11,5,7,1921.1563720703125,2015
3,2022,11,5,8,1831.72021484375,1902
3,2022,11,5,9,1702.929931640625,1735
3,2022,11,5,10,1586.6575927734375,1520
3,2022,11,5,11,1495.3751220703125,1367
3,2022,11,5,12,1424.9339599609375,1319
3,2022,11,5,13,1483.244873046875,1317
3,2022,11,5,14,1617.9029541015625,1449
3,2022,11,5,15,1787.2230224609375,1779
3,2022,11,5,16,2148.283203125,2134
3,2022,11,5,17,2263.43798828125,2264
3,2022,11,5,18,2464.0322265625,2430
3,2022,11,5,19,2405.883544921875,2360
3,2022,11,5,20,2403.99609375,2293
3,2022,11,5,21,2293.917236328125,2213
3,2022,11,5,22,2178.408203125,2094
3,2022,11,5,23,2062.8681640625,1995
3,2022,11,5,24,1930.5458984375,1934
3,2022,11,6,1,1871.349365234375,1880
3,2022,11,6,2,1816.838623046875,1786
3,2022,11,6,3,1768.515625,1744
3,2022,11,6,4,1734.7750244140625,1773
3,2022,11,6,5,1741.0430908203125,1822
3,2022,11,6,6,1773.644287109375,1859
3,2022,11,6,7,1847.1961669921875,1858
3,2022,11,6,8,1793.310791015625,1723
3,2022,11,6,9,1685.5118408203125,1523
3,2022,11,6,10,1581.97314453125,1428
3,2022,11,6,11,1493.9520263671875,1398
3,2022,11,6,12,1451.5069580078125,1358
3,2022,11,6,13,1503.3145751953125,1436
3,2022,11,6,14,1615.5865478515625,1669
3,2022,11,6,15,1836.9317626953125,1956
3,2022,11,6,16,2003.798095703125,2263
3,2022,11,6,17,2253.608642578125,2465
3,2022,11,6,18,2461.304931640625,2420
3,2022,11,6,19,2417.185546875,2347
3,2022,11,6,20,2376.174560546875,2261
3,2022,11,6,21,2281.92431640625,2168
3,2022,11,6,22,2151.9033203125,2057
3,2022,11,6,23,2013.544677734375,1953
3,2022,11,6,24,1903.4180908203125,1858
3,2022,11,7,1,1863.2021484375,1986
3,2022,11,7,2,1805.090087890625,1892
3,2022,11,7,3,1765.7705078125,1852
3,2022,11,7,4,1783.258544921875,1843
3,2022,11,7,5,1847.762939453125,1883
3,2022,11,7,6,1993.201904296875,2006
3,2022,11,7,7,2118.441650390625,2155
3,2022,11,7,8,2153.78125,2223
3,2022,11,7,9,2273.3837890625,2179
3,2022,11,7,10,2391.220458984375,2154
3,2022,11,7,11,2262.56005859375,2190
3,2022,11,7,12,2281.33251953125,2184
3,2022,11,7,13,2312.899658203125,2144
3,2022,11,7,14,2191.409912109375,2179
3,2022,11,7,15,2205.134765625,2268
3,2022,11,7,16,2329.14990234375,2457
3,2022,11,7,17,2487.5224609375,2610
3,2022,11,7,18,2635.18212890625,2705
3,2022,11,7,19,2597.692138671875,2646
3,2022,11,7,20,2491.133544921875,2559
3,2022,11,7,21,2374.65869140625,2442
3,2022,11,7,22,2223.5009765625,2279
3,2022,11,7,23,2064.57763671875,2101
3,2022,11,7,24,1946.9095458984375,1999
3,2022,11,8,1,1860.99853515625,2008
3,2022,11,8,2,1801.572021484375,1934
3,2022,11,8,3,1768.432373046875,1955
3,2022,11,8,4,1785.1552734375,1885
3,2022,11,8,5,1841.7958984375,1894
3,2022,11,8,6,1919.982177734375,2027
3,2022,11,8,7,2108.726806640625,2189
3,2022,11,8,8,2162.55224609375,2369
3,2022,11,8,9,2398.24365234375,2643
3,2022,11,8,10,2445.7900390625,2782
3,2022,11,8,11,2256.490234375,2771
3,2022,11,8,12,2434.775634765625,2685
3,2022,11,8,13,2392.989990234375,2604
3,2022,11,8,14,2435.04345703125,2515
3,2022,11,8,15,2398.26025390625,2493
3,2022,11,8,16,2611.834716796875,2506
3,2022,11,8,17,2542.90478515625,2640
3,2022,11,8,18,2644.162841796875,2783
3,2022,11,8,19,2568.388916015625,2701
3,2022,11,8,20,2493.79052734375,2610
3,2022,11,8,21,2376.791015625,2481
3,2022,11,8,22,2229.27294921875,2310
3,2022,11,8,23,2074.9228515625,2124
3,2022,11,8,24,1946.9095458984375,2021
3,2022,11,9,1,1861.493408203125,1990
3,2022,11,9,2,1804.08837890625,1937
3,2022,11,9,3,1764.5723876953125,1908
3,2022,11,9,4,1779.2469482421875,1887
3,2022,11,9,5,1850.7845458984375,1975
3,2022,11,9,6,1976.93994140625,2052
3,2022,11,9,7,2101.482177734375,2181
3,2022,11,9,8,2132.958984375,2185
3,2022,11,9,9,2017.75048828125,2121
3,2022,11,9,10,1873.2421875,2116
3,2022,11,9,11,1781.81591796875,1966
3,2022,11,9,12,1795.8145751953125,1866
3,2022,11,9,13,1796.9017333984375,1699
3,2022,11,9,14,1944.88818359375,1714
3,2022,11,9,15,1984.151611328125,1882
3,2022,11,9,16,2161.975830078125,2140
3,2022,11,9,17,2461.577392578125,2448
3,2022,11,9,18,2670.79833984375,2645
3,2022,11,9,19,2676.00927734375,2632
3,2022,11,9,20,2555.427490234375,2562
3,2022,11,9,21,2452.161865234375,2474
3,2022,11,9,22,2301.06298828125,2344
3,2022,11,9,23,2141.12451171875,2176
3,2022,11,9,24,1994.2183837890625,2058
3,2022,11,10,1,1904.476806640625,2030
3,2022,11,10,2,1837.2218017578125,1958
3,2022,11,10,3,1827.1939697265625,1897
3,2022,11,10,4,1821.9945068359375,1890
3,2022,11,10,5,1899.9921875,1956
3,2022,11,10,6,2061.973388671875,2130
3,2022,11,10,7,2226.904052734375,2282
3,2022,11,10,8,2187.116455078125,2260
3,2022,11,10,9,2031.974365234375,2019
3,2022,11,10,10,1859.7724609375,1781
3,2022,11,10,11,1730.1446533203125,1568
3,2022,11,10,12,1677.3780517578125,1601
3,2022,11,10,13,1700.0830078125,1755
3,2022,11,10,14,1858.70458984375,1957
3,2022,11,10,15,1978.809814453125,2110
3,2022,11,10,16,2259.5390625,2216
3,2022,11,10,17,2462.81787109375,2474
3,2022,11,10,18,2639.723876953125,2648
3,2022,11,10,19,2634.11767578125,2612
3,2022,11,10,20,2541.8017578125,2545
3,2022,11,10,21,2414.140380859375,2482
3,2022,11,10,22,2291.393310546875,2347
3,2022,11,10,23,2146.927978515625,2175
3,2022,11,10,24,2028.7347412109375,2057
3,2022,11,11,1,1955.7958984375,2017
3,2022,11,11,2,1899.067138671875,1953
3,2022,11,11,3,1839.8515625,1906
3,2022,11,11,4,1831.23779296875,1882
3,2022,11,11,5,1873.447265625,1937
3,2022,11,11,6,1946.9114990234375,2077
3,2022,11,11,7,2026.7435302734375,2182
3,2022,11,11,8,2019.8951416015625,2210
3,2022,11,11,9,1891.2828369140625,2045
3,2022,11,11,10,1702.7281494140625,1949
3,2022,11,11,11,1651.216796875,1911
3,2022,11,11,12,1605.404052734375,1887
3,2022,11,11,13,1649.6192626953125,1791
3,2022,11,11,14,1744.9027099609375,1825
3,2022,11,11,15,1913.7159423828125,1980
3,2022,11,11,16,2150.214111328125,2151
3,2022,11,11,17,2367.433349609375,2400
3,2022,11,11,18,2538.8076171875,2574
3,2022,11,11,19,2513.2734375,2529
3,2022,11,11,20,2431.385498046875,2467
3,2022,11,11,21,2363.62158203125,2399
3,2022,11,11,22,2265.23291015625,2307
3,2022,11,11,23,2137.530029296875,2192
3,2022,11,11,24,2014.8062744140625,2098
3,2022,11,12,1,1926.9776611328125,2061
3,2022,11,12,2,1873.7906494140625,1992
3,2022,11,12,3,1814.6766357421875,1935
3,2022,11,12,4,1807.4808349609375,1908
3,2022,11,12,5,1834.0888671875,1931
3,2022,11,12,6,1872.8994140625,1992
3,2022,11,12,7,1974.5970458984375,2010
3,2022,11,12,8,1875.091552734375,1925
3,2022,11,12,9,1736.1585693359375,1762
3,2022,11,12,10,1577.1260986328125,1588
3,2022,11,12,11,1475.9715576171875,1389
3,2022,11,12,12,1409.6834716796875,1410
3,2022,11,12,13,1477.0032958984375,1595
3,2022,11,12,14,1581.8155517578125,1782
3,2022,11,12,15,1794.0911865234375,1871
3,2022,11,12,16,2073.761474609375,1971
3,2022,11,12,17,2262.4443359375,2245
3,2022,11,12,18,2467.5673828125,2434
3,2022,11,12,19,2489.04833984375,2421
3,2022,11,12,20,2403.964599609375,2373
3,2022,11,12,21,2339.343505859375,2311
3,2022,11,12,22,2236.759033203125,2265
3,2022,11,12,23,2081.834716796875,2280
3,2022,11,12,24,1949.889892578125,2125
3,2022,11,13,1,1890.87451171875,1975
3,2022,11,13,2,1811.887451171875,1911
3,2022,11,13,3,1776.0960693359375,1852
3,2022,11,13,4,1747.1673583984375,1831
3,2022,11,13,5,1768.0823974609375,1830
3,2022,11,13,6,1785.3284912109375,1875
3,2022,11,13,7,1851.3533935546875,1921
3,2022,11,13,8,1816.3212890625,1930
3,2022,11,13,9,1853.0462646484375,1963
3,2022,11,13,10,1725.061279296875,1919
3,2022,11,13,11,1668.25537109375,1796
3,2022,11,13,12,1584.9739990234375,1647
3,2022,11,13,13,1624.113037109375,1507
3,2022,11,13,14,1722.5184326171875,1508
3,2022,11,13,15,1875.37158203125,1717
3,2022,11,13,16,2127.401611328125,2032
3,2022,11,13,17,2307.37890625,2344
3,2022,11,13,18,2517.0849609375,2570
3,2022,11,13,19,2500.112548828125,2550
3,2022,11,13,20,2434.823974609375,2482
3,2022,11,13,21,2366.106689453125,2388
3,2022,11,13,22,2265.46728515625,2279
3,2022,11,13,23,2109.5732421875,2099
3,2022,11,13,24,1977.1822509765625,1991
3,2022,11,14,1,1933.28857421875,1980
3,2022,11,14,2,1893.733642578125,1926
3,2022,11,14,3,1839.80712890625,1873
3,2022,11,14,4,1823.271728515625,1868
3,2022,11,14,5,1902.3824462890625,1932
3,2022,11,14,6,2067.94580078125,2096
3,2022,11,14,7,2226.904052734375,2278
3,2022,11,14,8,2197.32421875,2245
3,2022,11,14,9,2059.09423828125,2011
3,2022,11,14,10,1850.98046875,1802
3,2022,11,14,11,1730.57568359375,1740
3,2022,11,14,12,1712.5020751953125,1743
3,2022,11,14,13,1743.9427490234375,1768
3,2022,11,14,14,1835.917724609375,1961
3,2022,11,14,15,2012.121337890625,2153
3,2022,11,14,16,2233.695068359375,2226
3,2022,11,14,17,2462.81787109375,2512
3,2022,11,14,18,2656.939453125,2690
3,2022,11,14,19,2622.544921875,2657
3,2022,11,14,20,2529.89111328125,2573
3,2022,11,14,21,2410.122802734375,2478
3,2022,11,14,22,2283.60205078125,2330
3,2022,11,14,23,2130.595703125,2169
3,2022,11,14,24,1985.7840576171875,2056
3,2022,11,15,1,1933.28857421875,2010
3,2022,11,15,2,1897.438232421875,1954
3,2022,11,15,3,1835.108642578125,1889
3,2022,11,15,4,1821.9945068359375,1891
3,2022,11,15,5,1901.1417236328125,1969
3,2022,11,15,6,2061.973388671875,2161
3,2022,11,15,7,2220.328369140625,2308
3,2022,11,15,8,2174.575927734375,2246
3,2022,11,15,9,1998.314453125,2040
3,2022,11,15,10,1843.913330078125,1833
3,2022,11,15,11,1730.3671875,1738
3,2022,11,15,12,1720.9505615234375,1783
3,2022,11,15,13,1742.0399169921875,1867
3,2022,11,15,14,1846.3050537109375,1973
3,2022,11,15,15,2009.3165283203125,2116
3,2022,11,15,16,2216.96875,2271
3,2022,11,15,17,2453.982177734375,2533
3,2022,11,15,18,2669.452392578125,2666
3,2022,11,15,19,2642.24658203125,2621
3,2022,11,15,20,2520.121337890625,2533
3,2022,11,15,21,2416.8544921875,2435
3,2022,11,15,22,2268.119873046875,2305
3,2022,11,15,23,2120.8623046875,2131
3,2022,11,15,24,1978.6201171875,2004
3,2022,11,16,1,1888.3411865234375,1976
3,2022,11,16,2,1822.7672119140625,1920
3,2022,11,16,3,1781.6488037109375,1906
3,2022,11,16,4,1781.6285400390625,1862
3,2022,11,16,5,1845.401611328125,1930
3,2022,11,16,6,1983.3592529296875,2117
3,2022,11,16,7,2138.42724609375,2263
3,2022,11,16,8,2110.4072265625,2240
3,2022,11,16,9,1970.557373046875,2074
3,2022,11,16,10,1825.2569580078125,2024
3,2022,11,16,11,1724.9898681640625,1844
3,2022,11,16,12,1695.8145751953125,1729
3,2022,11,16,13,1725.2841796875,1742
3,2022,11,16,14,1884.9326171875,1873
3,2022,11,16,15,2023.8887939453125,2049
3,2022,11,16,16,2333.595703125,2265
3,2022,11,16,17,2477.025634765625,2496
3,2022,11,16,18,2639.384033203125,2647
3,2022,11,16,19,2631.617431640625,2599
3,2022,11,16,20,2522.919677734375,2523
3,2022,11,16,21,2393.6826171875,2431
3,2022,11,16,22,2246.359375,2301
3,2022,11,16,23,2115.1259765625,2133
3,2022,11,16,24,1963.54638671875,2029
3,2022,11,17,1,1881.8765869140625,1977
3,2022,11,17,2,1816.497802734375,1935
3,2022,11,17,3,1815.2086181640625,1916
3,2022,11,17,4,1821.9945068359375,1899
3,2022,11,17,5,1899.9921875,1966
3,2022,11,17,6,2063.473388671875,2106
3,2022,11,17,7,2202.22998046875,2286
3,2022,11,17,8,2153.447021484375,2313
3,2022,11,17,9,2005.046875,2174
3,2022,11,17,10,1858.0367431640625,2188
3,2022,11,17,11,1761.3319091796875,2027
3,2022,11,17,12,1754.460693359375,2020
3,2022,11,17,13,1767.503173828125,2081
3,2022,11,17,14,1947.4871826171875,2062
3,2022,11,17,15,2122.7431640625,2213
3,2022,11,17,16,2344.210205078125,2362
3,2022,11,17,17,2502.6650390625,2561
3,2022,11,17,18,2651.541259765625,2658
3,2022,11,17,19,2684.397705078125,2613
3,2022,11,17,20,2502.5146484375,2524
3,2022,11,17,21,2381.087890625,2433
3,2022,11,17,22,2242.708740234375,2327
3,2022,11,17,23,2110.474365234375,2175
3,2022,11,17,24,1972.1619873046875,2054
3,2022,11,18,1,1897.1695556640625,2024
3,2022,11,18,2,1836.9296875,2029
3,2022,11,18,3,1834.3260498046875,1982
3,2022,11,18,4,1821.9945068359375,1913
3,2022,11,18,5,1899.9921875,1976
3,2022,11,18,6,2062.582763671875,2157
3,2022,11,18,7,2246.60205078125,2305
3,2022,11,18,8,2180.4150390625,2260
3,2022,11,18,9,2057.163818359375,2023
3,2022,11,18,10,1862.169921875,1853
3,2022,11,18,11,1730.023193359375,1736
3,2022,11,18,12,1709.548583984375,1736
3,2022,11,18,13,1747.5228271484375,1943
3,2022,11,18,14,1846.3050537109375,2102
3,2022,11,18,15,2012.121337890625,2238
3,2022,11,18,16,2227.007568359375,2269
3,2022,11,18,17,2451.555908203125,2480
3,2022,11,18,18,2654.53564453125,2595
3,2022,11,18,19,2644.887451171875,2540
3,2022,11,18,20,2514.8955078125,2468
3,2022,11,18,21,2410.621826171875,2389
3,2022,11,18,22,2283.050537109375,2290
3,2022,11,18,23,2139.15869140625,2163
3,2022,11,18,24,1996.69384765625,2045
3,2022,11,19,1,1904.3662109375,1995
3,2022,11,19,2,1828.718017578125,1927
3,2022,11,19,3,1773.8907470703125,1890
3,2022,11,19,4,1736.9654541015625,1864
3,2022,11,19,5,1767.3297119140625,1879
3,2022,11,19,6,1863.312744140625,1936
3,2022,11,19,7,1968.91162109375,1979
3,2022,11,19,8,1879.81689453125,1934
3,2022,11,19,9,1715.5146484375,1779
3,2022,11,19,10,1572.7169189453125,1627
3,2022,11,19,11,1497.121337890625,1512
3,2022,11,19,12,1447.66845703125,1576
3,2022,11,19,13,1509.23583984375,1718
3,2022,11,19,14,1620.330810546875,1719
3,2022,11,19,15,1861.9132080078125,1836
3,2022,11,19,16,2046.9833984375,2047
3,2022,11,19,17,2264.0087890625,2276
3,2022,11,19,18,2494.190185546875,2428
3,2022,11,19,19,2478.912353515625,2394
3,2022,11,19,20,2391.025146484375,2340
3,2022,11,19,21,2288.710693359375,2284
3,2022,11,19,22,2163.225341796875,2209
3,2022,11,19,23,2049.619384765625,2099
3,2022,11,19,24,1921.8155517578125,2001
3,2022,11,20,1,1873.0013427734375,1979
3,2022,11,20,2,1811.191650390625,1922
3,2022,11,20,3,1781.7509765625,1911
3,2022,11,20,4,1787.0528564453125,1875
3,2022,11,20,5,1817.0164794921875,1852
3,2022,11,20,6,1881.650146484375,1918
3,2022,11,20,7,1970.7781982421875,1946
3,2022,11,20,8,1860.659423828125,1928
3,2022,11,20,9,1709.66552734375,1845
3,2022,11,20,10,1555.5252685546875,1744
3,2022,11,20,11,1530.546875,1659
3,2022,11,20,12,1524.979248046875,1637
3,2022,11,20,13,1590.13916015625,1677
3,2022,11,20,14,1683.128662109375,1723
3,2022,11,20,15,1958.2666015625,1818
3,2022,11,20,16,2128.833251953125,2083
3,2022,11,20,17,2287.380615234375,2313
3,2022,11,20,18,2501.95263671875,2468
3,2022,11,20,19,2443.043212890625,2449
3,2022,11,20,20,2381.5732421875,2382
3,2022,11,20,21,2290.319091796875,2300
3,2022,11,20,22,2164.083740234375,2199
3,2022,11,20,23,2046.0833740234375,2062
3,2022,11,20,24,1921.8155517578125,1968
3,2022,11,21,1,1874.5313720703125,1928
3,2022,11,21,2,1816.385986328125,1890
3,2022,11,21,3,1777.830810546875,1846
3,2022,11,21,4,1788.478271484375,1819
3,2022,11,21,5,1858.4844970703125,1881
3,2022,11,21,6,2029.244384765625,2024
3,2022,11,21,7,2161.869140625,2169
3,2022,11,21,8,2136.8193359375,2210
3,2022,11,21,9,1996.103759765625,2254
3,2022,11,21,10,1847.5037841796875,2116
3,2022,11,21,11,1820.70361328125,1979
3,2022,11,21,12,1876.986572265625,1894
3,2022,11,21,13,1899.08544921875,1985
3,2022,11,21,14,2012.6239013671875,1996
3,2022,11,21,15,2153.82470703125,2078
3,2022,11,21,16,2326.862548828125,2256
3,2022,11,21,17,2532.278564453125,2479
3,2022,11,21,18,2645.04150390625,2619
3,2022,11,21,19,2584.750244140625,2567
3,2022,11,21,20,2496.23388671875,2489
3,2022,11,21,21,2375.70458984375,2391
3,2022,11,21,22,2231.478515625,2270
3,2022,11,21,23,2110.55126953125,2113
3,2022,11,21,24,1959.9063720703125,1994
3,2022,11,22,1,1878.4552001953125,1967
3,2022,11,22,2,1820.855712890625,1896
3,2022,11,22,3,1786.687255859375,1881
3,2022,11,22,4,1788.478271484375,1921
3,2022,11,22,5,1871.5146484375,1958
3,2022,11,22,6,2072.03955078125,2058
3,2022,11,22,7,2246.60205078125,2212
3,2022,11,22,8,2180.58447265625,2279
3,2022,11,22,9,2050.908935546875,2352
3,2022,11,22,10,1863.2791748046875,2169
3,2022,11,22,11,1765.439208984375,1742
3,2022,11,22,12,1724.8388671875,1625
3,2022,11,22,13,1754.0006103515625,1655
3,2022,11,22,14,1900.187255859375,1754
3,2022,11,22,15,2051.7783203125,1947
3,2022,11,22,16,2255.17578125,2206
3,2022,11,22,17,2466.4501953125,2471
3,2022,11,22,18,2632.2607421875,2608
3,2022,11,22,19,2581.468505859375,2572
3,2022,11,22,20,2501.216552734375,2490
3,2022,11,22,21,2381.149658203125,2407
3,2022,11,22,22,2267.39501953125,2290
3,2022,11,22,23,2125.820068359375,2145
3,2022,11,22,24,1985.7840576171875,2012
3,2022,11,23,1,1933.28857421875,1977
3,2022,11,23,2,1893.733642578125,1913
3,2022,11,23,3,1840.047119140625,1879
3,2022,11,23,4,1837.127685546875,1878
3,2022,11,23,5,1931.369384765625,1935
3,2022,11,23,6,2084.29638671875,2071
3,2022,11,23,7,2206.605712890625,2206
3,2022,11,23,8,2199.556884765625,2170
3,2022,11,23,9,2070.350830078125,2090
3,2022,11,23,10,1859.5091552734375,2001
3,2022,11,23,11,1758.1129150390625,1964
3,2022,11,23,12,1720.8076171875,1865
3,2022,11,23,13,1745.3538818359375,1806
3,2022,11,23,14,1872.005126953125,1781
3,2022,11,23,15,2032.504638671875,1963
3,2022,11,23,16,2266.718505859375,2215
3,2022,11,23,17,2462.559326171875,2456
3,2022,11,23,18,2622.90625,2608
3,2022,11,23,19,2570.94873046875,2549
3,2022,11,23,20,2515.324951171875,2469
3,2022,11,23,21,2414.21826171875,2382
3,2022,11,23,22,2288.715576171875,2282
3,2022,11,23,23,2134.869384765625,2148
3,2022,11,23,24,1986.6436767578125,2029
3,2022,11,24,1,1912.97216796875,1960
3,2022,11,24,2,1844.4617919921875,1891
3,2022,11,24,3,1826.17138671875,1852
3,2022,11,24,4,1820.1539306640625,1824
3,2022,11,24,5,1864.0955810546875,1832
3,2022,11,24,6,1907.885986328125,1893
3,2022,11,24,7,1966.805908203125,1942
3,2022,11,24,8,1981.95751953125,1866
3,2022,11,24,9,1824.583251953125,1731
3,2022,11,24,10,1727.4278564453125,1749
3,2022,11,24,11,1741.3681640625,1721
3,2022,11,24,12,1736.4031982421875,1709
3,2022,11,24,13,1808.6109619140625,1691
3,2022,11,24,14,1853.933349609375,1709
3,2022,11,24,15,2147.8984375,1871
3,2022,11,24,16,2228.946533203125,2030
3,2022,11,24,17,2470.130859375,2223
3,2022,11,24,18,2546.229736328125,2270
3,2022,11,24,19,2410.066650390625,2183
3,2022,11,24,20,2336.75341796875,2128
3,2022,11,24,21,2286.561279296875,2085
3,2022,11,24,22,2192.561279296875,2036
3,2022,11,24,23,2054.709228515625,1938
3,2022,11,24,24,1942.7650146484375,1853
3,2022,11,25,1,1864.513671875,1823
3,2022,11,25,2,1806.6429443359375,1767
3,2022,11,25,3,1771.09423828125,1714
3,2022,11,25,4,1780.8525390625,1709
3,2022,11,25,5,1851.511962890625,1755
3,2022,11,25,6,1996.0938720703125,1829
3,2022,11,25,7,2138.42724609375,1892
3,2022,11,25,8,2136.618408203125,1840
3,2022,11,25,9,1987.391357421875,1733
3,2022,11,25,10,1846.1893310546875,1562
3,2022,11,25,11,1830.1123046875,1431
3,2022,11,25,12,1836.2591552734375,1460
3,2022,11,25,13,1889.772216796875,1535
3,2022,11,25,14,1983.7056884765625,1768
3,2022,11,25,15,2135.483154296875,2003
3,2022,11,25,16,2325.9833984375,1999
3,2022,11,25,17,2559.160400390625,2259
3,2022,11,25,18,2643.925537109375,2400
3,2022,11,25,19,2597.6611328125,2349
3,2022,11,25,20,2490.34814453125,2292
3,2022,11,25,21,2374.89013671875,2234
3,2022,11,25,22,2228.25,2169
3,2022,11,25,23,2108.233642578125,2048
3,2022,11,25,24,1979.85498046875,1936
3,2022,11,26,1,1893.585205078125,1897
3,2022,11,26,2,1826.7532958984375,1846
3,2022,11,26,3,1797.9305419921875,1791
3,2022,11,26,4,1790.8905029296875,1806
3,2022,11,26,5,1820.0833740234375,1793
3,2022,11,26,6,1879.4974365234375,1860
3,2022,11,26,7,1966.354736328125,1883
3,2022,11,26,8,1863.49365234375,1877
3,2022,11,26,9,1721.5706787109375,1725
3,2022,11,26,10,1584.8526611328125,1546
3,2022,11,26,11,1516.92626953125,1428
3,2022,11,26,12,1510.3486328125,1324
3,2022,11,26,13,1523.6402587890625,1369
3,2022,11,26,14,1665.3184814453125,1453
3,2022,11,26,15,1871.0220947265625,1641
3,2022,11,26,16,2054.734375,1928
3,2022,11,26,17,2311.234619140625,2207
3,2022,11,26,18,2491.61669921875,2397
3,2022,11,26,19,2433.562744140625,2352
3,2022,11,26,20,2391.515380859375,2309
3,2022,11,26,21,2315.508056640625,2255
3,2022,11,26,22,2200.670166015625,2176
3,2022,11,26,23,2079.931884765625,2053
3,2022,11,26,24,1951.564453125,1943
3,2022,11,27,1,1892.474609375,1903
3,2022,11,27,2,1828.3758544921875,1854
3,2022,11,27,3,1793.2086181640625,1790
3,2022,11,27,4,1787.0528564453125,1751
3,2022,11,27,5,1817.658203125,1782
3,2022,11,27,6,1878.4190673828125,1852
3,2022,11,27,7,1974.9212646484375,1852
3,2022,11,27,8,1901.4493408203125,1763
3,2022,11,27,9,1777.3170166015625,1650
3,2022,11,27,10,1595.754150390625,1647
3,2022,11,27,11,1508.666015625,1573
3,2022,11,27,12,1502.6396484375,1545
3,2022,11,27,13,1523.6402587890625,1590
3,2022,11,27,14,1663.793701171875,1553
3,2022,11,27,15,1853.8416748046875,1741
3,2022,11,27,16,2081.8720703125,2006
3,2022,11,27,17,2311.33837890625,2331
3,2022,11,27,18,2489.201416015625,2481
3,2022,11,27,19,2515.41064453125,2447
3,2022,11,27,20,2391.814453125,2385
3,2022,11,27,21,2292.29443359375,2301
3,2022,11,27,22,2195.7109375,2185
3,2022,11,27,23,2062.6064453125,2034
3,2022,11,27,24,1914.7364501953125,1960
3,2022,11,28,1,1870.6456298828125,2011
3,2022,11,28,2,1815.9027099609375,2013
3,2022,11,28,3,1786.6844482421875,1969
3,2022,11,28,4,1780.178955078125,1912
3,2022,11,28,5,1845.6885986328125,1908
3,2022,11,28,6,1969.24365234375,2001
3,2022,11,28,7,2106.416748046875,2171
3,2022,11,28,8,2207.842529296875,2339
3,2022,11,28,9,2224.583740234375,2556
3,2022,11,28,10,2100.87646484375,2489
3,2022,11,28,11,2126.8525390625,2097
3,2022,11,28,12,2171.466552734375,1906
3,2022,11,28,13,2282.466552734375,1905
3,2022,11,28,14,2191.584228515625,1984
3,2022,11,28,15,2182.130859375,2112
3,2022,11,28,16,2306.290771484375,2314
3,2022,11,28,17,2493.602783203125,2531
3,2022,11,28,18,2692.1494140625,2685
3,2022,11,28,19,2680.4619140625,2656
3,2022,11,28,20,2519.2314453125,2586
3,2022,11,28,21,2385.64794921875,2487
3,2022,11,28,22,2246.359375,2351
3,2022,11,28,23,2083.81201171875,2161
3,2022,11,28,24,1945.3885498046875,2055
3,2022,11,29,1,1866.7298583984375,2039
3,2022,11,29,2,1806.2484130859375,1932
3,2022,11,29,3,1768.8929443359375,1950
3,2022,11,29,4,1779.2469482421875,1883
3,2022,11,29,5,1845.270751953125,1869
3,2022,11,29,6,1979.3758544921875,1997
3,2022,11,29,7,2107.947265625,2185
3,2022,11,29,8,2195.552001953125,2282
3,2022,11,29,9,2140.186767578125,2167
3,2022,11,29,10,2107.79443359375,2096
3,2022,11,29,11,2212.23291015625,2034
3,2022,11,29,12,2317.63134765625,1997
3,2022,11,29,13,2263.178466796875,2026
3,2022,11,29,14,2237.811279296875,2179
3,2022,11,29,15,2210.01806640625,2218
3,2022,11,29,16,2298.589111328125,2230
3,2022,11,29,17,2471.061279296875,2501
3,2022,11,29,18,2645.341064453125,2681
3,2022,11,29,19,2639.226806640625,2661
3,2022,11,29,20,2546.668701171875,2591
3,2022,11,29,21,2427.115478515625,2496
3,2022,11,29,22,2297.437255859375,2369
3,2022,11,29,23,2145.175537109375,2199
3,2022,11,29,24,1995.33642578125,2078
3,2022,11,30,1,1904.4190673828125,2139
3,2022,11,30,2,1835.6932373046875,2050
3,2022,11,30,3,1809.4940185546875,2025
3,2022,11,30,4,1819.5341796875,1995
3,2022,11,30,5,1899.8602294921875,2002
3,2022,11,30,6,2055.687255859375,2086
3,2022,11,30,7,2183.922607421875,2277
3,2022,11,30,8,2269.57861328125,2347
3,2022,11,30,9,2187.123779296875,2276
3,2022,11,30,10,2035.2900390625,2211
3,2022,11,30,11,1981.3387451171875,2140
3,2022,11,30,12,2072.582275390625,2099
3,2022,11,30,13,2282.466552734375,2193
3,2022,11,30,14,2284.5498046875,2182
3,2022,11,30,15,2201.323974609375,2158
3,2022,11,30,16,2274.92138671875,2245
3,2022,11,30,17,2539.6875,2583
3,2022,11,30,18,2659.443115234375,2744
3,2022,11,30,19,2604.630615234375,2702
3,2022,11,30,20,2560.435546875,2631
3,2022,11,30,21,2444.611083984375,2529
3,2022,11,30,22,2299.923095703125,2400
3,2022,11,30,23,2145.175537109375,2232
3,2022,11,30,24,1994.855712890625,2084
3,2022,12,1,1,2064.39013671875,1989
3,2022,12,1,2,2019.46142578125,1902
3,2022,12,1,3,1959.2601318359375,1861
3,2022,12,1,4,1884.857666015625,1868
3,2022,12,1,5,1915.0513916015625,1893
3,2022,12,1,6,2023.66796875,2024
3,2022,12,1,7,2187.821533203125,2222
3,2022,12,1,8,2288.29541015625,2358
3,2022,12,1,9,2369.5,2353
3,2022,12,1,10,2197.505615234375,2286
3,2022,12,1,11,2143.832275390625,2453
3,2022,12,1,12,2201.93115234375,2484
3,2022,12,1,13,2220.929931640625,2153
3,2022,12,1,14,2154.714599609375,2151
3,2022,12,1,15,2203.857666015625,2189
3,2022,12,1,16,2308.96533203125,2350
3,2022,12,1,17,2620.32275390625,2580
3,2022,12,1,18,2862.966552734375,2733
3,2022,12,1,19,2814.66845703125,2700
3,2022,12,1,20,2700.939697265625,2629
3,2022,12,1,21,2590.816162109375,2535
3,2022,12,1,22,2481.044189453125,2393
3,2022,12,1,23,2321.850830078125,2221
3,2022,12,1,24,2140.76220703125,2179
3,2022,12,2,1,2047.513427734375,2265
3,2022,12,2,2,1937.0440673828125,2178
3,2022,12,2,3,1893.4161376953125,2040
3,2022,12,2,4,1877.19970703125,1930
3,2022,12,2,5,1924.9764404296875,1923
3,2022,12,2,6,2070.397705078125,2035
3,2022,12,2,7,2214.2314453125,2211
3,2022,12,2,8,2246.498291015625,2268
3,2022,12,2,9,2170.7744140625,2213
3,2022,12,2,10,2046.3807373046875,2042
3,2022,12,2,11,2069.2568359375,1966
3,2022,12,2,12,1950.25244140625,1948
3,2022,12,2,13,2097.9814453125,1964
3,2022,12,2,14,2168.43505859375,1982
3,2022,12,2,15,2245.8115234375,2137
3,2022,12,2,16,2338.436279296875,2324
3,2022,12,2,17,2579.549072265625,2536
3,2022,12,2,18,2814.408935546875,2649
3,2022,12,2,19,2804.095947265625,2592
3,2022,12,2,20,2693.072021484375,2533
3,2022,12,2,21,2579.3134765625,2447
3,2022,12,2,22,2448.76806640625,2350
3,2022,12,2,23,2326.667236328125,2207
3,2022,12,2,24,2173.056640625,2072
3,2022,12,3,1,2050.338134765625,2051
3,2022,12,3,2,1951.17333984375,1947
3,2022,12,3,3,1861.4169921875,1907
3,2022,12,3,4,1850.7384033203125,1912
3,2022,12,3,5,1850.4627685546875,1864
3,2022,12,3,6,1871.2989501953125,1916
3,2022,12,3,7,1934.222412109375,1987
3,2022,12,3,8,1934.2554931640625,1994
3,2022,12,3,9,1873.7562255859375,1935
3,2022,12,3,10,1764.9171142578125,1830
3,2022,12,3,11,1757.7979736328125,1780
3,2022,12,3,12,1846.18603515625,1847
3,2022,12,3,13,1739.530517578125,1988
3,2022,12,3,14,1767.0638427734375,1988
3,2022,12,3,15,2017.14453125,1941
3,2022,12,3,16,2193.208740234375,2128
3,2022,12,3,17,2434.73095703125,2359
3,2022,12,3,18,2652.886962890625,2501
3,2022,12,3,19,2759.972900390625,2490
3,2022,12,3,20,2662.917236328125,2449
3,2022,12,3,21,2494.750732421875,2387
3,2022,12,3,22,2384.3876953125,2293
3,2022,12,3,23,2213.945556640625,2159
3,2022,12,3,24,2077.764892578125,2056
3,2022,12,4,1,2051.12890625,2029
3,2022,12,4,2,1933.910400390625,1937
3,2022,12,4,3,1829.873779296875,1869
3,2022,12,4,4,1832.2357177734375,1831
3,2022,12,4,5,1830.0489501953125,1776
3,2022,12,4,6,1874.7288818359375,1827
3,2022,12,4,7,1934.222412109375,1859
3,2022,12,4,8,1934.2554931640625,1806
3,2022,12,4,9,1866.5235595703125,1617
3,2022,12,4,10,1761.1766357421875,1457
3,2022,12,4,11,1643.057373046875,1372
3,2022,12,4,12,1630.1934814453125,1430
3,2022,12,4,13,1667.886474609375,1698
3,2022,12,4,14,1733.0897216796875,1803
3,2022,12,4,15,1920.3690185546875,1861
3,2022,12,4,16,2156.427001953125,2066
3,2022,12,4,17,2422.78564453125,2342
3,2022,12,4,18,2623.1396484375,2583
3,2022,12,4,19,2752.9287109375,2581
3,2022,12,4,20,2556.458251953125,2502
3,2022,12,4,21,2468.75830078125,2369
3,2022,12,4,22,2342.3857421875,2194
3,2022,12,4,23,2187.89501953125,1983
3,2022,12,4,24,2014.8568115234375,1833
3,2022,12,5,1,1978.69677734375,1781
3,2022,12,5,2,1930.31005859375,1726
3,2022,12,5,3,1888.1729736328125,1694
3,2022,12,5,4,1872.2987060546875,1671
3,2022,12,5,5,1903.90478515625,1707
3,2022,12,5,6,2032.545654296875,1834
3,2022,12,5,7,2189.00390625,2024
3,2022,12,5,8,2323.48095703125,2123
3,2022,12,5,9,2360.367919921875,2098
3,2022,12,5,10,2081.7724609375,1908
3,2022,12,5,11,1997.8687744140625,1798
3,2022,12,5,12,1851.2237548828125,1895
3,2022,12,5,13,1848.7486572265625,2009
3,2022,12,5,14,1945.6337890625,2143
3,2022,12,5,15,2103.496337890625,2121
3,2022,12,5,16,2234.9765625,2305
3,2022,12,5,17,2591.870849609375,2549
3,2022,12,5,18,2836.837890625,2713
3,2022,12,5,19,2855.107177734375,2688
3,2022,12,5,20,2709.90283203125,2602
3,2022,12,5,21,2581.762451171875,2481
3,2022,12,5,22,2449.986083984375,2357
3,2022,12,5,23,2277.40576171875,2237
3,2022,12,5,24,2148.8291015625,2153
3,2022,12,6,1,2063.232177734375,2005
3,2022,12,6,2,1952.75,1900
3,2022,12,6,3,1893.4166259765625,1914
3,2022,12,6,4,1889.311279296875,1854
3,2022,12,6,5,1926.4368896484375,1886
3,2022,12,6,6,2055.37841796875,2092
3,2022,12,6,7,2214.2314453125,2307
3,2022,12,6,8,2308.51806640625,2409
3,2022,12,6,9,2357.787109375,2416
3,2022,12,6,10,2040.6859130859375,2213
3,2022,12,6,11,1949.0972900390625,1997
3,2022,12,6,12,1919.369140625,1921
3,2022,12,6,13,2119.118408203125,2051
3,2022,12,6,14,2257.14892578125,2246
3,2022,12,6,15,2248.136474609375,2335
3,2022,12,6,16,2296.714599609375,2404
3,2022,12,6,17,2618.6025390625,2610
3,2022,12,6,18,2831.44677734375,2811
3,2022,12,6,19,2793.369384765625,2792
3,2022,12,6,20,2707.873046875,2708
3,2022,12,6,21,2603.4375,2601
3,2022,12,6,22,2450.028564453125,2446
3,2022,12,6,23,2283.969970703125,2256
3,2022,12,6,24,2126.559814453125,2118
3,2022,12,7,1,2005.9739990234375,2085
3,2022,12,7,2,1952.049072265625,2001
3,2022,12,7,3,1900.14892578125,1952
3,2022,12,7,4,1896.365966796875,1992
3,2022,12,7,5,1930.3065185546875,2001
3,2022,12,7,6,2047.4652099609375,2138
3,2022,12,7,7,2240.179931640625,2335
3,2022,12,7,8,2457.5244140625,2389
3,2022,12,7,9,2242.91845703125,2266
3,2022,12,7,10,2058.81201171875,2083
3,2022,12,7,11,1957.001220703125,1920
3,2022,12,7,12,1841.18603515625,1825
3,2022,12,7,13,1850.6925048828125,1802
3,2022,12,7,14,2025.65478515625,1919
3,2022,12,7,15,2143.142822265625,2203
3,2022,12,7,16,2274.6201171875,2518
3,2022,12,7,17,2583.737060546875,2671
3,2022,12,7,18,2820.32861328125,2835
3,2022,12,7,19,2808.474609375,2853
3,2022,12,7,20,2701.516845703125,2779
3,2022,12,7,21,2609.346923828125,2694
3,2022,12,7,22,2472.98876953125,2565
3,2022,12,7,23,2318.9619140625,2372
3,2022,12,7,24,2164.36083984375,2228
3,2022,12,8,1,2067.9794921875,2256
3,2022,12,8,2,1996.4705810546875,2238
3,2022,12,8,3,1942.460693359375,2231
3,2022,12,8,4,1957.4554443359375,2188
3,2022,12,8,5,2006.796630859375,2155
3,2022,12,8,6,2220.47216796875,2292
3,2022,12,8,7,2405.642578125,2490
3,2022,12,8,8,2431.46484375,2555
3,2022,12,8,9,2269.9951171875,2517
3,2022,12,8,10,2011.443359375,2199
3,2022,12,8,11,1819.6038818359375,1875
3,2022,12,8,12,1753.8134765625,1803
3,2022,12,8,13,1730.86865234375,1873
3,2022,12,8,14,1914.775634765625,2018
3,2022,12,8,15,2044.504638671875,2192
3,2022,12,8,16,2216.186279296875,2399
3,2022,12,8,17,2593.76025390625,2675
3,2022,12,8,18,2795.98095703125,2886
3,2022,12,8,19,2731.066162109375,2878
3,2022,12,8,20,2685.36181640625,2823
3,2022,12,8,21,2616.947021484375,2742
3,2022,12,8,22,2490.21484375,2611
3,2022,12,8,23,2349.484619140625,2459
3,2022,12,8,24,2172.639892578125,2337
3,2022,12,9,1,2067.43896484375,2225
3,2022,12,9,2,1996.656982421875,2137
3,2022,12,9,3,1929.9906005859375,2104
3,2022,12,9,4,1935.5439453125,2094
3,2022,12,9,5,1998.684326171875,2131
3,2022,12,9,6,2220.47216796875,2288
3,2022,12,9,7,2405.642578125,2503
3,2022,12,9,8,2455.091064453125,2540
3,2022,12,9,9,2282.115966796875,2401
3,2022,12,9,10,2031.2808837890625,2196
3,2022,12,9,11,1826.8294677734375,1984
3,2022,12,9,12,1758.6739501953125,1925
3,2022,12,9,13,1750.0909423828125,1837
3,2022,12,9,14,1933.9337158203125,1882
3,2022,12,9,15,2064.78857421875,2037
3,2022,12,9,16,2241.55322265625,2261
3,2022,12,9,17,2593.76025390625,2532
3,2022,12,9,18,2805.14697265625,2735
3,2022,12,9,19,2759.000244140625,2710
3,2022,12,9,20,2710.72998046875,2660
3,2022,12,9,21,2656.636474609375,2596
3,2022,12,9,22,2501.153076171875,2497
3,2022,12,9,23,2317.18310546875,2333
3,2022,12,9,24,2181.65869140625,2203
3,2022,12,10,1,2091.081298828125,2131
3,2022,12,10,2,1990.390625,2049
3,2022,12,10,3,1943.1168212890625,2008
3,2022,12,10,4,1938.7674560546875,1959
3,2022,12,10,5,1935.1778564453125,1953
3,2022,12,10,6,2032.0537109375,2009
3,2022,12,10,7,2113.348388671875,2092
3,2022,12,10,8,2089.491943359375,2088
3,2022,12,10,9,1977.115966796875,1933
3,2022,12,10,10,1781.7525634765625,1660
3,2022,12,10,11,1612.2923583984375,1425
3,2022,12,10,12,1547.18017578125,1351
3,2022,12,10,13,1507.5794677734375,1429
3,2022,12,10,14,1675.4031982421875,1536
3,2022,12,10,15,1839.6937255859375,1720
3,2022,12,10,16,2160.676513671875,1977
3,2022,12,10,17,2435.89208984375,2294
3,2022,12,10,18,2618.11083984375,2490
3,2022,12,10,19,2697.748291015625,2473
3,2022,12,10,20,2594.73779296875,2427
3,2022,12,10,21,2510.199951171875,2367
3,2022,12,10,22,2427.3916015625,2285
3,2022,12,10,23,2263.83056640625,2148
3,2022,12,10,24,2098.092529296875,2031
3,2022,12,11,1,2065.8427734375,1994
3,2022,12,11,2,2013.6126708984375,1903
3,2022,12,11,3,1924.576171875,1867
3,2022,12,11,4,1845.436279296875,1792
3,2022,12,11,5,1866.1292724609375,1791
3,2022,12,11,6,1877.799560546875,1806
3,2022,12,11,7,1910.0762939453125,1867
3,2022,12,11,8,1968.0391845703125,1982
3,2022,12,11,9,1982.8912353515625,2151
3,2022,12,11,10,2102.257568359375,2275
3,2022,12,11,11,2054.130859375,2275
3,2022,12,11,12,2161.252197265625,2386
3,2022,12,11,13,2140.029052734375,2419
3,2022,12,11,14,2221.5087890625,2341
3,2022,12,11,15,2277.678466796875,2353
3,2022,12,11,16,2526.8291015625,2427
3,2022,12,11,17,2592.33935546875,2583
3,2022,12,11,18,2721.26904296875,2646
3,2022,12,11,19,2762.111572265625,2617
3,2022,12,11,20,2583.296630859375,2557
3,2022,12,11,21,2533.56201171875,2472
3,2022,12,11,22,2426.983642578125,2351
3,2022,12,11,23,2274.602294921875,2224
3,2022,12,11,24,2123.894287109375,2077
3,2022,12,12,1,2062.459228515625,2025
3,2022,12,12,2,2007.2467041015625,1977
3,2022,12,12,3,1930.11669921875,1946
3,2022,12,12,4,1923.336669921875,1879
3,2022,12,12,5,1972.35595703125,1955
3,2022,12,12,6,2132.854248046875,2112
3,2022,12,12,7,2276.52978515625,2345
3,2022,12,12,8,2359.34814453125,2531
3,2022,12,12,9,2338.7685546875,2644
3,2022,12,12,10,2411.97509765625,2658
3,2022,12,12,11,2406.09814453125,2356
3,2022,12,12,12,2230.490478515625,2256
3,2022,12,12,13,2168.13525390625,2245
3,2022,12,12,14,2278.425537109375,2502
3,2022,12,12,15,2300.1142578125,2567
3,2022,12,12,16,2511.070556640625,2556
3,2022,12,12,17,2701.547119140625,2811
3,2022,12,12,18,2897.111083984375,3004
3,2022,12,12,19,2995.715087890625,2977
3,2022,12,12,20,2916.339599609375,2915
3,2022,12,12,21,2789.552734375,2821
3,2022,12,12,22,2587.427978515625,2666
3,2022,12,12,23,2341.439697265625,2463
3,2022,12,12,24,2217.039794921875,2298
3,2022,12,13,1,2123.258544921875,2200
3,2022,12,13,2,2021.55859375,2156
3,2022,12,13,3,1972.280517578125,2123
3,2022,12,13,4,1996.0848388671875,2083
3,2022,12,13,5,2089.14306640625,2126
3,2022,12,13,6,2143.6513671875,2285
3,2022,12,13,7,2284.802978515625,2537
3,2022,12,13,8,2411.40185546875,2677
3,2022,12,13,9,2256.813720703125,2652
3,2022,12,13,10,2068.119384765625,2413
3,2022,12,13,11,1984.001708984375,2141
3,2022,12,13,12,1867.3421630859375,2106
3,2022,12,13,13,1864.7421875,2204
3,2022,12,13,14,2060.896484375,2321
3,2022,12,13,15,2215.008056640625,2347
3,2022,12,13,16,2359.1640625,2434
3,2022,12,13,17,2619.4521484375,2680
3,2022,12,13,18,2846.91552734375,2918
3,2022,12,13,19,2829.24853515625,2891
3,2022,12,13,20,2830.071044921875,2845
3,2022,12,13,21,2759.843017578125,2769
3,2022,12,13,22,2587.427978515625,2625
3,2022,12,13,23,2341.439697265625,2423
3,2022,12,13,24,2217.039794921875,2261
3,2022,12,14,1,2127.120361328125,2212
3,2022,12,14,2,2022.6473388671875,2136
3,2022,12,14,3,2038.891357421875,2105
3,2022,12,14,4,2010.0296630859375,2110
3,2022,12,14,5,2129.949951171875,2201
3,2022,12,14,6,2278.37890625,2310
3,2022,12,14,7,2441.48095703125,2533
3,2022,12,14,8,2452.922119140625,2545
3,2022,12,14,9,2251.637939453125,2335
3,2022,12,14,10,2030.7391357421875,2123
3,2022,12,14,11,1821.4407958984375,1985
3,2022,12,14,12,1761.628173828125,1967
3,2022,12,14,13,1735.5562744140625,1956
3,2022,12,14,14,1854.7325439453125,2034
3,2022,12,14,15,2024.3214111328125,2111
3,2022,12,14,16,2219.9638671875,2298
3,2022,12,14,17,2605.630859375,2611
3,2022,12,14,18,2855.637451171875,2853
3,2022,12,14,19,2834.18603515625,2853
3,2022,12,14,20,2827.694091796875,2805
3,2022,12,14,21,2695.18505859375,2722
3,2022,12,14,22,2553.942138671875,2574
3,2022,12,14,23,2340.10302734375,2372
3,2022,12,14,24,2217.039794921875,2203
3,2022,12,15,1,2123.258544921875,2160
3,2022,12,15,2,1990.02587890625,2086
3,2022,12,15,3,1936.1663818359375,2034
3,2022,12,15,4,1961.1707763671875,2031
3,2022,12,15,5,2006.796630859375,2131
3,2022,12,15,6,2220.47216796875,2256
3,2022,12,15,7,2405.642578125,2474
3,2022,12,15,8,2452.922119140625,2546
3,2022,12,15,9,2247.86328125,2525
3,2022,12,15,10,2041.12841796875,2547
3,2022,12,15,11,1836.3231201171875,2516
3,2022,12,15,12,1794.8062744140625,2457
3,2022,12,15,13,1828.493896484375,2251
3,2022,12,15,14,1944.200927734375,2334
3,2022,12,15,15,2040.04248046875,2464
3,2022,12,15,16,2268.69775390625,2555
3,2022,12,15,17,2657.02294921875,2732
3,2022,12,15,18,2860.541015625,2872
3,2022,12,15,19,2846.7783203125,2834
3,2022,12,15,20,2699.862060546875,2774
3,2022,12,15,21,2603.774169921875,2684
3,2022,12,15,22,2465.2001953125,2514
3,2022,12,15,23,2286.24462890625,2323
3,2022,12,15,24,2145.5283203125,2215
3,2022,12,16,1,2085.23828125,2178
3,2022,12,16,2,2013.008544921875,2184
3,2022,12,16,3,1922.7919921875,2131
3,2022,12,16,4,1894.2176513671875,2098
3,2022,12,16,5,1937.5587158203125,2116
3,2022,12,16,6,2086.49462890625,2250
3,2022,12,16,7,2241.30908203125,2443
3,2022,12,16,8,2334.78759765625,2568
3,2022,12,16,9,2247.22119140625,2478
3,2022,12,16,10,2189.548828125,2238
3,2022,12,16,11,2031.1383056640625,2049
3,2022,12,16,12,1853.5743408203125,1941
3,2022,12,16,13,1887.23095703125,1949
3,2022,12,16,14,1941.11962890625,2062
3,2022,12,16,15,2071.7275390625,2123
3,2022,12,16,16,2371.128173828125,2264
3,2022,12,16,17,2573.519287109375,2557
3,2022,12,16,18,2788.323974609375,2730
3,2022,12,16,19,2744.442626953125,2704
3,2022,12,16,20,2685.36181640625,2653
3,2022,12,16,21,2613.8505859375,2587
3,2022,12,16,22,2475.692626953125,2495
3,2022,12,16,23,2313.704833984375,2347
3,2022,12,16,24,2152.52197265625,2220
3,2022,12,17,1,2040.6038818359375,2188
3,2022,12,17,2,1957.1617431640625,2109
3,2022,12,17,3,1914.1583251953125,2084
3,2022,12,17,4,1896.91015625,2067
3,2022,12,17,5,1913.60107421875,2077
3,2022,12,17,6,1971.0478515625,2103
3,2022,12,17,7,1986.0887451171875,2198
3,2022,12,17,8,2010.780029296875,2217
3,2022,12,17,9,1910.8856201171875,2097
3,2022,12,17,10,1794.717529296875,1952
3,2022,12,17,11,1650.46728515625,1889
3,2022,12,17,12,1581.2821044921875,2085
3,2022,12,17,13,1585.5985107421875,2153
3,2022,12,17,14,1772.6085205078125,2223
3,2022,12,17,15,1990.4404296875,2205
3,2022,12,17,16,2227.909423828125,2287
3,2022,12,17,17,2526.685302734375,2514
3,2022,12,17,18,2648.512451171875,2687
3,2022,12,17,19,2628.243896484375,2664
3,2022,12,17,20,2581.263916015625,2588
3,2022,12,17,21,2529.378662109375,2524
3,2022,12,17,22,2414.053466796875,2432
3,2022,12,17,23,2269.147705078125,2278
3,2022,12,17,24,2104.1279296875,2139
3,2022,12,18,1,2065.064453125,2096
3,2022,12,18,2,2013.6126708984375,2039
3,2022,12,18,3,1912.474365234375,2005
3,2022,12,18,4,1856.3236083984375,1968
3,2022,12,18,5,1874.6495361328125,1917
3,2022,12,18,6,1986.9288330078125,1964
3,2022,12,18,7,2041.904296875,2054
3,2022,12,18,8,2051.1357421875,2041
3,2022,12,18,9,1909.06005859375,1864
3,2022,12,18,10,1727.6671142578125,1669
3,2022,12,18,11,1605.5440673828125,1572
3,2022,12,18,12,1550.2232666015625,1584
3,2022,12,18,13,1552.2974853515625,1683
3,2022,12,18,14,1643.031005859375,1813
3,2022,12,18,15,1810.3494873046875,1950
3,2022,12,18,16,2065.155029296875,2058
3,2022,12,18,17,2409.8779296875,2380
3,2022,12,18,18,2648.232666015625,2588
3,2022,12,18,19,2693.0341796875,2598
3,2022,12,18,20,2621.289794921875,2591
3,2022,12,18,21,2577.60400390625,2540
3,2022,12,18,22,2465.973876953125,2442
3,2022,12,18,23,2260.797119140625,2284
3,2022,12,18,24,2146.808349609375,2165
3,2022,12,19,1,2115.586669921875,2152
3,2022,12,19,2,1987.712890625,2109
3,2022,12,19,3,1936.1663818359375,2015
3,2022,12,19,4,1984.5565185546875,2028
3,2022,12,19,5,2088.466064453125,2113
3,2022,12,19,6,2220.47216796875,2261
3,2022,12,19,7,2405.642578125,2466
3,2022,12,19,8,2452.922119140625,2528
3,2022,12,19,9,2243.454345703125,2415
3,2022,12,19,10,2014.4063720703125,2221
3,2022,12,19,11,1790.877685546875,2019
3,2022,12,19,12,1733.041015625,1879
3,2022,12,19,13,1735.4892578125,1900
3,2022,12,19,14,1864.5908203125,2048
3,2022,12,19,15,2046.509521484375,2140
3,2022,12,19,16,2341.468017578125,2267
3,2022,12,19,17,2615.232666015625,2600
3,2022,12,19,18,2774.354736328125,2830
3,2022,12,19,19,2774.661376953125,2830
3,2022,12,19,20,2800.31298828125,2781
3,2022,12,19,21,2651.292236328125,2716
3,2022,12,19,22,2473.193115234375,2587
3,2022,12,19,23,2291.918212890625,2391
3,2022,12,19,24,2179.515869140625,2223
3,2022,12,20,1,2105.539306640625,2171
3,2022,12,20,2,1987.712890625,2117
3,2022,12,20,3,1966.282470703125,2072
3,2022,12,20,4,1996.0848388671875,2070
3,2022,12,20,5,2088.466064453125,2130
3,2022,12,20,6,2220.47216796875,2326
3,2022,12,20,7,2399.026611328125,2509
3,2022,12,20,8,2451.823974609375,2569
3,2022,12,20,9,2282.6708984375,2407
3,2022,12,20,10,2079.484619140625,2183
3,2022,12,20,11,1951.7315673828125,1977
3,2022,12,20,12,1862.75830078125,1886
3,2022,12,20,13,1834.576904296875,1889
3,2022,12,20,14,1868.0140380859375,1947
3,2022,12,20,15,2046.509521484375,2116
3,2022,12,20,16,2336.67333984375,2308
3,2022,12,20,17,2527.65625,2581
3,2022,12,20,18,2768.748779296875,2818
3,2022,12,20,19,2792.861328125,2818
3,2022,12,20,20,2707.387451171875,2770
3,2022,12,20,21,2614.67333984375,2702
3,2022,12,20,22,2476.8359375,2584
3,2022,12,20,23,2306.496337890625,2392
3,2022,12,20,24,2179.515869140625,2243
3,2022,12,21,1,2109.56494140625,2213
3,2022,12,21,2,1987.712890625,2184
3,2022,12,21,3,1936.1663818359375,2185
3,2022,12,21,4,1961.1707763671875,2137
3,2022,12,21,5,2006.796630859375,2185
3,2022,12,21,6,2220.9345703125,2292
3,2022,12,21,7,2394.52001953125,2483
3,2022,12,21,8,2451.823974609375,2554
3,2022,12,21,9,2248.033447265625,2468
3,2022,12,21,10,2007.0628662109375,2350
3,2022,12,21,11,1828.052001953125,2183
3,2022,12,21,12,1795.607177734375,2003
3,2022,12,21,13,1823.9542236328125,1952
3,2022,12,21,14,1920.9578857421875,1921
3,2022,12,21,15,2065.453369140625,2032
3,2022,12,21,16,2255.645751953125,2324
3,2022,12,21,17,2529.2509765625,2667
3,2022,12,21,18,2762.63134765625,2841
3,2022,12,21,19,2753.720458984375,2826
3,2022,12,21,20,2700.5537109375,2769
3,2022,12,21,21,2590.962158203125,2698
3,2022,12,21,22,2458.328125,2591
3,2022,12,21,23,2268.239013671875,2426
3,2022,12,21,24,2142.937255859375,2282
3,2022,12,22,1,2051.8447265625,2234
3,2022,12,22,2,1960.7169189453125,2168
3,2022,12,22,3,1930.5849609375,2068
3,2022,12,22,4,1924.0469970703125,2068
3,2022,12,22,5,1960.7264404296875,2137
3,2022,12,22,6,2117.2314453125,2272
3,2022,12,22,7,2317.493896484375,2434
3,2022,12,22,8,2377.623779296875,2456
3,2022,12,22,9,2204.3857421875,2339
3,2022,12,22,10,2014.6859130859375,2308
3,2022,12,22,11,1845.8421630859375,2126
3,2022,12,22,12,1790.950927734375,2013
3,2022,12,22,13,1906.6126708984375,1962
3,2022,12,22,14,1944.406494140625,1944
3,2022,12,22,15,2094.276123046875,2080
3,2022,12,22,16,2304.905029296875,2308
3,2022,12,22,17,2583.570556640625,2562
3,2022,12,22,18,2775.109130859375,2767
3,2022,12,22,19,2762.391357421875,2757
3,2022,12,22,20,2687.128173828125,2704
3,2022,12,22,21,2575.720458984375,2636
3,2022,12,22,22,2467.902099609375,2530
3,2022,12,22,23,2286.256103515625,2374
3,2022,12,22,24,2140.90673828125,2228
3,2022,12,23,1,2044.422607421875,2205
3,2022,12,23,2,1958.6025390625,2161
3,2022,12,23,3,1934.6781005859375,2103
3,2022,12,23,4,1922.12890625,2100
3,2022,12,23,5,1970.2041015625,2142
3,2022,12,23,6,2123.525390625,2195
3,2022,12,23,7,2315.224853515625,2335
3,2022,12,23,8,2413.73828125,2333
3,2022,12,23,9,2208.360595703125,2143
3,2022,12,23,10,1998.81689453125,1910
3,2022,12,23,11,1839.05322265625,1760
3,2022,12,23,12,1779.5111083984375,1634
3,2022,12,23,13,1894.1512451171875,1773
3,2022,12,23,14,1933.513916015625,1944
3,2022,12,23,15,2072.810302734375,2058
3,2022,12,23,16,2285.611572265625,2218
3,2022,12,23,17,2527.902587890625,2489
3,2022,12,23,18,2749.871826171875,2698
3,2022,12,23,19,2743.6474609375,2674
3,2022,12,23,20,2699.848876953125,2619
3,2022,12,23,21,2591.528076171875,2560
3,2022,12,23,22,2474.5556640625,2469
3,2022,12,23,23,2316.546875,2319
3,2022,12,23,24,2164.36083984375,2187
3,2022,12,24,1,2062.943603515625,2132
3,2022,12,24,2,2003.753662109375,2075
3,2022,12,24,3,1913.7115478515625,2020
3,2022,12,24,4,1896.31494140625,1960
3,2022,12,24,5,1906.6494140625,1969
3,2022,12,24,6,1961.6064453125,2024
3,2022,12,24,7,2034.1048583984375,2099
3,2022,12,24,8,2042.98779296875,2111
3,2022,12,24,9,1908.985595703125,2065
3,2022,12,24,10,1768.737548828125,2000
3,2022,12,24,11,1643.8350830078125,1736
3,2022,12,24,12,1662.9725341796875,1589
3,2022,12,24,13,1721.825927734375,1507
3,2022,12,24,14,1792.9608154296875,1567
3,2022,12,24,15,1932.9560546875,1802
3,2022,12,24,16,2189.838623046875,2124
3,2022,12,24,17,2370.79248046875,2378
3,2022,12,24,18,2627.27099609375,2552
3,2022,12,24,19,2608.80419921875,2505
3,2022,12,24,20,2571.46630859375,2429
3,2022,12,24,21,2474.02099609375,2365
3,2022,12,24,22,2342.573486328125,2300
3,2022,12,24,23,2188.88525390625,2194
3,2022,12,24,24,2016.336181640625,2096
3,2022,12,25,1,2007.107421875,2038
3,2022,12,25,2,1924.4617919921875,1966
3,2022,12,25,3,1837.2276611328125,1910
3,2022,12,25,4,1821.46435546875,1878
3,2022,12,25,5,1798.994384765625,1890
3,2022,12,25,6,1825.511962890625,1922
3,2022,12,25,7,1905.2718505859375,1964
3,2022,12,25,8,1860.4088134765625,1960
3,2022,12,25,9,1741.36279296875,1934
3,2022,12,25,10,1656.153076171875,1870
3,2022,12,25,11,1679.892822265625,1741
3,2022,12,25,12,1717.531982421875,1498
3,2022,12,25,13,1926.404541015625,1428
3,2022,12,25,14,1917.81787109375,1543
3,2022,12,25,15,1953.1552734375,1722
3,2022,12,25,16,2103.804443359375,1989
3,2022,12,25,17,2264.199951171875,2271
3,2022,12,25,18,2567.5341796875,2436
3,2022,12,25,19,2427.427734375,2411
3,2022,12,25,20,2389.281494140625,2359
3,2022,12,25,21,2348.427001953125,2312
3,2022,12,25,22,2257.29931640625,2254
3,2022,12,25,23,2122.15087890625,2140
3,2022,12,25,24,2005.0792236328125,2015
3,2022,12,26,1,2011.2869873046875,1953
3,2022,12,26,2,1936.4796142578125,1891
3,2022,12,26,3,1890.9854736328125,1848
3,2022,12,26,4,1862.489990234375,1839
3,2022,12,26,5,1878.6907958984375,1861
3,2022,12,26,6,1944.2271728515625,1925
3,2022,12,26,7,2064.7373046875,1994
3,2022,12,26,8,2115.257568359375,1939
3,2022,12,26,9,1912.0286865234375,1791
3,2022,12,26,10,1857.724609375,1696
3,2022,12,26,11,1852.737060546875,1609
3,2022,12,26,12,1913.892333984375,1619
3,2022,12,26,13,2216.23291015625,1749
3,2022,12,26,14,2284.9873046875,2021
3,2022,12,26,15,2281.0556640625,1965
3,2022,12,26,16,2353.2587890625,2150
3,2022,12,26,17,2527.911376953125,2448
3,2022,12,26,18,2636.23681640625,2652
3,2022,12,26,19,2550.01953125,2624
3,2022,12,26,20,2457.523681640625,2571
3,2022,12,26,21,2429.21435546875,2442
3,2022,12,26,22,2302.590576171875,2339
3,2022,12,26,23,2138.60986328125,2261
3,2022,12,26,24,2066.49755859375,2226
3,2022,12,27,1,1981.3502197265625,2287
3,2022,12,27,2,1934.7733154296875,2229
3,2022,12,27,3,1908.8682861328125,2008
3,2022,12,27,4,1877.487060546875,1875
3,2022,12,27,5,1901.4794921875,1892
3,2022,12,27,6,2028.4415283203125,1990
3,2022,12,27,7,2190.7255859375,2125
3,2022,12,27,8,2224.853271484375,2188
3,2022,12,27,9,2155.43310546875,2072
3,2022,12,27,10,1986.2769775390625,1918
3,2022,12,27,11,2011.9190673828125,1980
3,2022,12,27,12,2027.8665771484375,2103
3,2022,12,27,13,1996.0130615234375,2103
3,2022,12,27,14,2113.18896484375,2122
3,2022,12,27,15,2216.012451171875,2248
3,2022,12,27,16,2402.507080078125,2396
3,2022,12,27,17,2591.231201171875,2557
3,2022,12,27,18,2820.543212890625,2706
3,2022,12,27,19,2840.516357421875,2673
3,2022,12,27,20,2641.103271484375,2586
3,2022,12,27,21,2549.73828125,2466
3,2022,12,27,22,2407.804931640625,2358
3,2022,12,27,23,2247.8095703125,2197
3,2022,12,27,24,2076.00146484375,2063
3,2022,12,28,1,1978.69677734375,1999
3,2022,12,28,2,1930.296142578125,1927
3,2022,12,28,3,1887.409423828125,1866
3,2022,12,28,4,1871.762939453125,1856
3,2022,12,28,5,1903.90478515625,1879
3,2022,12,28,6,2027.7572021484375,1966
3,2022,12,28,7,2189.00390625,2096
3,2022,12,28,8,2222.43310546875,2189
3,2022,12,28,9,2226.045654296875,2209
3,2022,12,28,10,2273.0537109375,2271
3,2022,12,28,11,2204.59033203125,2097
3,2022,12,28,12,2197.203125,1924
3,2022,12,28,13,1971.501953125,1842
3,2022,12,28,14,1989.91748046875,1757
3,2022,12,28,15,2190.3466796875,1850
3,2022,12,28,16,2287.470703125,2106
3,2022,12,28,17,2542.0654296875,2411
3,2022,12,28,18,2738.82958984375,2637
3,2022,12,28,19,2723.01171875,2619
3,2022,12,28,20,2705.886474609375,2551
3,2022,12,28,21,2590.816162109375,2464
3,2022,12,28,22,2462.789306640625,2351
3,2022,12,28,23,2297.496337890625,2197
3,2022,12,28,24,2146.4375,2092
3,2022,12,29,1,2056.86376953125,2059
3,2022,12,29,2,1937.297607421875,1968
3,2022,12,29,3,1893.1619873046875,1859
3,2022,12,29,4,1879.1766357421875,1848
3,2022,12,29,5,1920.9873046875,1911
3,2022,12,29,6,2032.1539306640625,1971
3,2022,12,29,7,2186.3818359375,2108
3,2022,12,29,8,2227.968994140625,2221
3,2022,12,29,9,2157.90869140625,2303
3,2022,12,29,10,2358.065185546875,2293
3,2022,12,29,11,2353.7666015625,2088
3,2022,12,29,12,2292.11181640625,2202
3,2022,12,29,13,2224.8662109375,2415
3,2022,12,29,14,2233.849853515625,2375
3,2022,12,29,15,2359.981201171875,2411
3,2022,12,29,16,2376.00048828125,2457
3,2022,12,29,17,2625.3662109375,2574
3,2022,12,29,18,2868.665771484375,2664
3,2022,12,29,19,2827.591552734375,2630
3,2022,12,29,20,2689.109375,2556
3,2022,12,29,21,2579.409912109375,2469
3,2022,12,29,22,2448.33056640625,2346
3,2022,12,29,23,2266.477294921875,2189
3,2022,12,29,24,2078.980712890625,2094
3,2022,12,30,1,2003.6153564453125,2012
3,2022,12,30,2,1934.8162841796875,1896
3,2022,12,30,3,1890.8348388671875,1880
3,2022,12,30,4,1874.5531005859375,1931
3,2022,12,30,5,1929.1644287109375,1873
3,2022,12,30,6,2030.9112548828125,2008
3,2022,12,30,7,2190.5849609375,2138
3,2022,12,30,8,2243.21484375,2226
3,2022,12,30,9,2240.47412109375,2150
3,2022,12,30,10,2281.52978515625,2164
3,2022,12,30,11,2410.40380859375,2321
3,2022,12,30,12,2453.31884765625,2383
3,2022,12,30,13,2317.44921875,2408
3,2022,12,30,14,2332.863525390625,2282
3,2022,12,30,15,2443.4541015625,2248
3,2022,12,30,16,2634.052734375,2296
3,2022,12,30,17,2656.86669921875,2434
3,2022,12,30,18,2867.747802734375,2593
3,2022,12,30,19,2871.584228515625,2570
3,2022,12,30,20,2695.31787109375,2505
3,2022,12,30,21,2576.68994140625,2429
3,2022,12,30,22,2416.703125,2332
3,2022,12,30,23,2267.72705078125,2191
3,2022,12,30,24,2080.501953125,2112
3,2022,12,31,1,1996.4085693359375,2010
3,2022,12,31,2,1929.7242431640625,1903
3,2022,12,31,3,1849.3211669921875,1856
3,2022,12,31,4,1822.695068359375,1837
3,2022,12,31,5,1798.332763671875,1800
3,2022,12,31,6,1840.2611083984375,1835
3,2022,12,31,7,1904.69140625,1887
3,2022,12,31,8,1931.020263671875,1910
3,2022,12,31,9,1923.36962890625,1919
3,2022,12,31,10,2030.716552734375,1945
3,2022,12,31,11,2041.3428955078125,2049
3,2022,12,31,12,2054.94091796875,2088
3,2022,12,31,13,2043.7496337890625,2104
3,2022,12,31,14,2104.429443359375,2090
3,2022,12,31,15,2254.8271484375,2180
3,2022,12,31,16,2480.256591796875,2294
3,2022,12,31,17,2506.705078125,2441
3,2022,12,31,18,2693.7001953125,2562
3,2022,12,31,19,2694.841552734375,2524
3,2022,12,31,20,2568.158935546875,2434
3,2022,12,31,21,2489.414794921875,2343
3,2022,12,31,22,2343.0009765625,2253
3,2022,12,31,23,2188.045166015625,2159
3,2022,12,31,24,2019.35693359375,2098
