Date,Hour,Load,Predicted_Load
2022-01-01,1,2064,1900.912353515625
2022-01-01,2,1975,1836.573486328125
2022-01-01,3,1900,1784.0511474609375
2022-01-01,4,1829,1755.55322265625
2022-01-01,5,1828,1755.2044677734375
2022-01-01,6,1870,1801.9306640625
2022-01-01,7,1884,1860.1046142578125
2022-01-01,8,1833,1859.6729736328125
2022-01-01,9,1769,1903.833251953125
2022-01-01,10,1611,1741.028076171875
2022-01-01,11,1439,1710.2532958984375
2022-01-01,12,1331,1598.3963623046875
2022-01-01,13,1360,1575.3037109375
2022-01-01,14,1453,1660.92578125
2022-01-01,15,1688,1792.6116943359375
2022-01-01,16,1886,1952.2635498046875
2022-01-01,17,2183,2245.49267578125
2022-01-01,18,2451,2489.810546875
2022-01-01,19,2488,2509.746826171875
2022-01-01,20,2454,2470.0546875
2022-01-01,21,2398,2403.312255859375
2022-01-01,22,2314,2308.726806640625
2022-01-01,23,2171,2178.6171875
2022-01-01,24,2050,2012.1275634765625
2022-01-02,1,2002,1981.4920654296875
2022-01-02,2,1931,1907.9031982421875
2022-01-02,3,1880,1829.12451171875
2022-01-02,4,1836,1809.116455078125
2022-01-02,5,1887,1825.6229248046875
2022-01-02,6,1947,1906.740966796875
2022-01-02,7,2007,2016.844482421875
2022-01-02,8,1981,2042.3302001953125
2022-01-02,9,1860,1923.814697265625
2022-01-02,10,1656,1801.76904296875
2022-01-02,11,1436,1624.7044677734375
2022-01-02,12,1330,1556.7088623046875
2022-01-02,13,1294,1513.90771484375
2022-01-02,14,1382,1616.3746337890625
2022-01-02,15,1655,1768.64599609375
2022-01-02,16,2001,1987.564453125
2022-01-02,17,2279,2284.756591796875
2022-01-02,18,2543,2518.746826171875
2022-01-02,19,2577,2571.66259765625
2022-01-02,20,2533,2544.122802734375
2022-01-02,21,2465,2445.537109375
2022-01-02,22,2359,2316.00146484375
2022-01-02,23,2191,2152.609375
2022-01-02,24,2069,2058.936767578125
2022-01-03,1,2054,2049.44091796875
2022-01-03,2,2014,1967.0418701171875
2022-01-03,3,2097,1961.45166015625
2022-01-03,4,2051,1979.6436767578125
2022-01-03,5,2021,2074.769287109375
2022-01-03,6,2209,2300.01806640625
2022-01-03,7,2388,2449.606201171875
2022-01-03,8,2442,2445.091796875
2022-01-03,9,2288,2264.888916015625
2022-01-03,10,1948,2061.429443359375
2022-01-03,11,1634,1875.78564453125
2022-01-03,12,1507,1764.9847412109375
2022-01-03,13,1571,1759.1678466796875
2022-01-03,14,1663,1836.67529296875
2022-01-03,15,1849,1966.4307861328125
2022-01-03,16,2130,2178.14892578125
2022-01-03,17,2477,2462.929931640625
2022-01-03,18,2781,2768.8125
2022-01-03,19,2793,2771.03564453125
2022-01-03,20,2731,2718.62890625
2022-01-03,21,2633,2593.984375
2022-01-03,22,2488,2386.78662109375
2022-01-03,23,2295,2193.742919921875
2022-01-03,24,2138,2053.459228515625
2022-01-04,1,2072,1950.8489990234375
2022-01-04,2,2034,1906.9827880859375
2022-01-04,3,2115,1879.9423828125
2022-01-04,4,2116,1888.662353515625
2022-01-04,5,2076,1969.147216796875
2022-01-04,6,2236,2192.786376953125
2022-01-04,7,2456,2437.7646484375
2022-01-04,8,2493,2446.649169921875
2022-01-04,9,2393,2279.2333984375
2022-01-04,10,2198,2084.318603515625
2022-01-04,11,1815,1887.9105224609375
2022-01-04,12,1587,1777.1568603515625
2022-01-04,13,1551,1804.611328125
2022-01-04,14,1598,1846.054931640625
2022-01-04,15,1788,1978.1806640625
2022-01-04,16,2132,2182.043212890625
2022-01-04,17,2518,2452.68310546875
2022-01-04,18,2785,2755.415771484375
2022-01-04,19,2795,2773.0634765625
2022-01-04,20,2729,2725.00244140625
2022-01-04,21,2625,2576.730712890625
2022-01-04,22,2476,2408.2080078125
2022-01-04,23,2275,2231.483154296875
2022-01-04,24,2125,2063.952392578125
2022-01-05,1,2130,1992.573486328125
2022-01-05,2,2123,1907.8563232421875
2022-01-05,3,2065,1861.7578125
2022-01-05,4,2100,1859.302490234375
2022-01-05,5,2037,1938.6708984375
2022-01-05,6,2203,2110.173828125
2022-01-05,7,2416,2348.891845703125
2022-01-05,8,2405,2430.035400390625
2022-01-05,9,2188,2279.2333984375
2022-01-05,10,2005,2052.17919921875
2022-01-05,11,1849,1848.32177734375
2022-01-05,12,1630,1770.9871826171875
2022-01-05,13,1597,1804.0694580078125
2022-01-05,14,1624,1872.5146484375
2022-01-05,15,1815,2007.76513671875
2022-01-05,16,2128,2200.3955078125
2022-01-05,17,2477,2463.988037109375
2022-01-05,18,2738,2651.23681640625
2022-01-05,19,2718,2646.630126953125
2022-01-05,20,2647,2576.9619140625
2022-01-05,21,2543,2466.087890625
2022-01-05,22,2408,2331.06689453125
2022-01-05,23,2212,2150.02001953125
2022-01-05,24,2071,2008.10107421875
2022-01-06,1,2043,1939.155517578125
2022-01-06,2,1927,1865.25390625
2022-01-06,3,1890,1843.5245361328125
2022-01-06,4,1896,1843.955078125
2022-01-06,5,1963,1936.539306640625
2022-01-06,6,2122,2098.4921875
2022-01-06,7,2333,2300.13037109375
2022-01-06,8,2346,2363.708251953125
2022-01-06,9,2107,2233.290283203125
2022-01-06,10,1908,2039.4921875
2022-01-06,11,1656,1844.8848876953125
2022-01-06,12,1651,1779.4522705078125
2022-01-06,13,1604,1827.6868896484375
2022-01-06,14,1722,1872.5146484375
2022-01-06,15,1899,2004.993408203125
2022-01-06,16,2128,2202.565673828125
2022-01-06,17,2433,2458.251708984375
2022-01-06,18,2668,2640.94189453125
2022-01-06,19,2658,2626.696044921875
2022-01-06,20,2578,2530.56396484375
2022-01-06,21,2477,2422.905517578125
2022-01-06,22,2340,2283.920166015625
2022-01-06,23,2158,2112.671142578125
2022-01-06,24,2013,1970.731201171875
2022-01-07,1,1960,1893.6668701171875
2022-01-07,2,1890,1840.5823974609375
2022-01-07,3,1903,1814.5050048828125
2022-01-07,4,1919,1812.876220703125
2022-01-07,5,2016,1900.24365234375
2022-01-07,6,2121,2097.85205078125
2022-01-07,7,2276,2269.9501953125
2022-01-07,8,2341,2331.447998046875
2022-01-07,9,2351,2232.131591796875
2022-01-07,10,2212,2042.6497802734375
2022-01-07,11,1948,1843.7713623046875
2022-01-07,12,1903,1772.68017578125
2022-01-07,13,1945,1815.1138916015625
2022-01-07,14,2034,1920.4005126953125
2022-01-07,15,2187,2028.860107421875
2022-01-07,16,2437,2227.26220703125
2022-01-07,17,2611,2460.44189453125
2022-01-07,18,2698,2674.1806640625
2022-01-07,19,2662,2713.913330078125
2022-01-07,20,2582,2654.156005859375
2022-01-07,21,2492,2495.06005859375
2022-01-07,22,2351,2352.34423828125
2022-01-07,23,2190,2151.826171875
2022-01-07,24,2034,2000.82861328125
2022-01-08,1,1955,1891.01611328125
2022-01-08,2,1871,1810.2510986328125
2022-01-08,3,1811,1757.197265625
2022-01-08,4,1783,1739.18701171875
2022-01-08,5,1803,1745.274169921875
2022-01-08,6,1869,1810.9368896484375
2022-01-08,7,1951,1882.052001953125
2022-01-08,8,2000,1939.7796630859375
2022-01-08,9,2018,1939.3211669921875
2022-01-08,10,1954,1995.130126953125
2022-01-08,11,1827,1949.686767578125
2022-01-08,12,1638,1718.811767578125
2022-01-08,13,1554,1633.4234619140625
2022-01-08,14,1657,1728.7420654296875
2022-01-08,15,1817,1909.8172607421875
2022-01-08,16,2070,2156.406494140625
2022-01-08,17,2296,2327.970947265625
2022-01-08,18,2493,2526.971923828125
2022-01-08,19,2493,2546.247802734375
2022-01-08,20,2435,2472.84228515625
2022-01-08,21,2355,2411.153564453125
2022-01-08,22,2252,2313.815673828125
2022-01-08,23,2114,2138.853759765625
2022-01-08,24,1998,1992.4595947265625
2022-01-09,1,1921,1935.313720703125
2022-01-09,2,1869,1863.9752197265625
2022-01-09,3,1883,1829.12451171875
2022-01-09,4,1850,1809.116455078125
2022-01-09,5,1808,1829.2318115234375
2022-01-09,6,1861,1888.30810546875
2022-01-09,7,1923,1979.4552001953125
2022-01-09,8,1878,1973.4588623046875
2022-01-09,9,1746,1945.850830078125
2022-01-09,10,1626,1754.7705078125
2022-01-09,11,1527,1589.13818359375
2022-01-09,12,1492,1521.902099609375
2022-01-09,13,1558,1504.2781982421875
2022-01-09,14,1660,1624.8287353515625
2022-01-09,15,1816,1820.9080810546875
2022-01-09,16,2027,2014.30419921875
2022-01-09,17,2292,2279.32958984375
2022-01-09,18,2491,2489.1298828125
2022-01-09,19,2521,2487.85009765625
2022-01-09,20,2428,2433.2822265625
2022-01-09,21,2342,2320.72802734375
2022-01-09,22,2226,2203.314208984375
2022-01-09,23,2078,2031.1439208984375
2022-01-09,24,1979,1916.460205078125
2022-01-10,1,1945,1858.5843505859375
2022-01-10,2,1894,1816.77978515625
2022-01-10,3,1875,1806.04736328125
2022-01-10,4,1887,1793.4990234375
2022-01-10,5,1910,1859.0843505859375
2022-01-10,6,2077,2014.3157958984375
2022-01-10,7,2273,2180.037841796875
2022-01-10,8,2295,2249.2861328125
2022-01-10,9,2237,2214.15576171875
2022-01-10,10,2232,2182.009765625
2022-01-10,11,2099,2232.14013671875
2022-01-10,12,2007,2213.077880859375
2022-01-10,13,2020,2275.2060546875
2022-01-10,14,2067,2225.16259765625
2022-01-10,15,2293,2295.361328125
2022-01-10,16,2488,2326.584228515625
2022-01-10,17,2656,2464.7177734375
2022-01-10,18,2707,2644.733154296875
2022-01-10,19,2677,2623.627197265625
2022-01-10,20,2584,2529.668701171875
2022-01-10,21,2459,2414.34326171875
2022-01-10,22,2314,2270.655029296875
2022-01-10,23,2146,2081.244384765625
2022-01-10,24,2055,1957.87646484375
2022-01-11,1,2101,1866.2662353515625
2022-01-11,2,1953,1803.7161865234375
2022-01-11,3,1897,1763.506103515625
2022-01-11,4,1881,1778.560791015625
2022-01-11,5,1945,1867.1649169921875
2022-01-11,6,2064,2010.847900390625
2022-01-11,7,2277,2189.2470703125
2022-01-11,8,2334,2234.81201171875
2022-01-11,9,2108,2162.068603515625
2022-01-11,10,1771,2070.994140625
2022-01-11,11,1557,1887.43310546875
2022-01-11,12,1490,1822.338623046875
2022-01-11,13,1568,1863.409423828125
2022-01-11,14,1676,1937.0430908203125
2022-01-11,15,1885,2118.1767578125
2022-01-11,16,2190,2282.744140625
2022-01-11,17,2473,2494.434814453125
2022-01-11,18,2643,2662.23388671875
2022-01-11,19,2628,2612.904541015625
2022-01-11,20,2530,2520.585205078125
2022-01-11,21,2423,2393.14404296875
2022-01-11,22,2276,2276.4833984375
2022-01-11,23,2101,2084.05517578125
2022-01-11,24,1991,1950.750732421875
2022-01-12,1,2019,1869.34716796875
2022-01-12,2,1968,1822.4796142578125
2022-01-12,3,1932,1799.90771484375
2022-01-12,4,1919,1795.1185302734375
2022-01-12,5,1949,1867.9149169921875
2022-01-12,6,2058,2032.1363525390625
2022-01-12,7,2280,2249.6298828125
2022-01-12,8,2328,2302.97021484375
2022-01-12,9,2206,2235.880859375
2022-01-12,10,2024,2260.990966796875
2022-01-12,11,2004,2210.966552734375
2022-01-12,12,1996,2218.746826171875
2022-01-12,13,2009,2151.660888671875
2022-01-12,14,1939,2015.46875
2022-01-12,15,2054,2163.4912109375
2022-01-12,16,2352,2319.510009765625
2022-01-12,17,2627,2509.166259765625
2022-01-12,18,2754,2654.015869140625
2022-01-12,19,2642,2622.38232421875
2022-01-12,20,2570,2530.56396484375
2022-01-12,21,2471,2414.34326171875
2022-01-12,22,2348,2251.691650390625
2022-01-12,23,2180,2078.054931640625
2022-01-12,24,2086,1956.8148193359375
2022-01-13,1,2038,1866.5963134765625
2022-01-13,2,1959,1808.0047607421875
2022-01-13,3,1880,1777.3592529296875
2022-01-13,4,1873,1795.189697265625
2022-01-13,5,1901,1869.1566162109375
2022-01-13,6,2031,2044.5076904296875
2022-01-13,7,2219,2250.63818359375
2022-01-13,8,2276,2313.3583984375
2022-01-13,9,2301,2291.623779296875
2022-01-13,10,2274,2329.890380859375
2022-01-13,11,2135,2335.36328125
2022-01-13,12,2208,2325.05859375
2022-01-13,13,2382,2294.389892578125
2022-01-13,14,2239,2197.736328125
2022-01-13,15,2344,2229.727294921875
2022-01-13,16,2587,2429.464599609375
2022-01-13,17,2738,2530.005859375
2022-01-13,18,2708,2662.8212890625
2022-01-13,19,2628,2617.5810546875
2022-01-13,20,2537,2520.585205078125
2022-01-13,21,2423,2396.515625
2022-01-13,22,2273,2256.648193359375
2022-01-13,23,2107,2077.594970703125
2022-01-13,24,2032,1957.87646484375
2022-01-14,1,1986,1866.2662353515625
2022-01-14,2,1903,1803.7161865234375
2022-01-14,3,1787,1774.9073486328125
2022-01-14,4,1773,1782.03759765625
2022-01-14,5,1828,1866.6737060546875
2022-01-14,6,1975,2014.3157958984375
2022-01-14,7,2153,2182.556640625
2022-01-14,8,2224,2232.2763671875
2022-01-14,9,2140,2218.322509765625
2022-01-14,10,1879,2051.78759765625
2022-01-14,11,1770,2041.7774658203125
2022-01-14,12,1761,2125.001708984375
2022-01-14,13,1746,2090.886962890625
2022-01-14,14,1852,2165.7353515625
2022-01-14,15,1971,2192.5751953125
2022-01-14,16,2185,2245.568359375
2022-01-14,17,2451,2464.7177734375
2022-01-14,18,2589,2644.733154296875
2022-01-14,19,2551,2613.6611328125
2022-01-14,20,2462,2527.279052734375
2022-01-14,21,2359,2414.34326171875
2022-01-14,22,2240,2264.67236328125
2022-01-14,23,2089,2080.784423828125
2022-01-14,24,1960,1957.0233154296875
2022-01-15,1,1899,1862.1031494140625
2022-01-15,2,1834,1798.53125
2022-01-15,3,1817,1757.4344482421875
2022-01-15,4,1809,1735.1849365234375
2022-01-15,5,1763,1735.7843017578125
2022-01-15,6,1815,1809.1573486328125
2022-01-15,7,1910,1885.3770751953125
2022-01-15,8,1995,1881.8768310546875
2022-01-15,9,2076,1967.120361328125
2022-01-15,10,2146,2094.69384765625
2022-01-15,11,2197,2119.336181640625
2022-01-15,12,2159,2112.64208984375
2022-01-15,13,2109,2119.670654296875
2022-01-15,14,2127,2149.227783203125
2022-01-15,15,2168,2234.22412109375
2022-01-15,16,2306,2366.210205078125
2022-01-15,17,2378,2393.3955078125
2022-01-15,18,2478,2517.76904296875
2022-01-15,19,2480,2485.6103515625
2022-01-15,20,2401,2398.516845703125
2022-01-15,21,2305,2289.337158203125
2022-01-15,22,2190,2175.85400390625
2022-01-15,23,2048,2025.9541015625
2022-01-15,24,1922,1912.7864990234375
2022-01-16,1,1850,1864.1307373046875
2022-01-16,2,1779,1805.6029052734375
2022-01-16,3,1741,1756.7606201171875
2022-01-16,4,1715,1734.698486328125
2022-01-16,5,1714,1745.2008056640625
2022-01-16,6,1754,1806.4254150390625
2022-01-16,7,1810,1881.6956787109375
2022-01-16,8,1825,1888.79150390625
2022-01-16,9,1818,1926.0048828125
2022-01-16,10,1770,1847.144775390625
2022-01-16,11,1619,1830.750732421875
2022-01-16,12,1622,1898.7001953125
2022-01-16,13,1754,1771.4066162109375
2022-01-16,14,1903,1738.18896484375
2022-01-16,15,2002,1898.781005859375
2022-01-16,16,2194,2097.496337890625
2022-01-16,17,2330,2345.906982421875
2022-01-16,18,2450,2504.440673828125
2022-01-16,19,2446,2487.129638671875
2022-01-16,20,2373,2407.600341796875
2022-01-16,21,2280,2297.2705078125
2022-01-16,22,2165,2184.652587890625
2022-01-16,23,2013,2025.0247802734375
2022-01-16,24,1891,1914.8983154296875
2022-01-17,1,1838,1864.85791015625
2022-01-17,2,1776,1812.72216796875
2022-01-17,3,1739,1779.4583740234375
2022-01-17,4,1735,1773.707763671875
2022-01-17,5,1779,1809.451171875
2022-01-17,6,1892,1919.7967529296875
2022-01-17,7,2020,2014.42578125
2022-01-17,8,2077,2066.0380859375
2022-01-17,9,2099,2042.396240234375
2022-01-17,10,2024,1924.956298828125
2022-01-17,11,1978,1977.235595703125
2022-01-17,12,2080,1915.620849609375
2022-01-17,13,2112,1894.2366943359375
2022-01-17,14,2065,1834.8548583984375
2022-01-17,15,2116,2089.7421875
2022-01-17,16,2283,2212.40673828125
2022-01-17,17,2504,2403.2939453125
2022-01-17,18,2634,2572.10888671875
2022-01-17,19,2583,2557.197509765625
2022-01-17,20,2481,2486.44873046875
2022-01-17,21,2395,2361.314697265625
2022-01-17,22,2264,2249.5791015625
2022-01-17,23,2057,2077.62158203125
2022-01-17,24,1905,1950.484130859375
2022-01-18,1,1853,1868.2894287109375
2022-01-18,2,1801,1810.1644287109375
2022-01-18,3,1834,1775.2706298828125
2022-01-18,4,1894,1783.738525390625
2022-01-18,5,1850,1858.1856689453125
2022-01-18,6,2003,2016.02099609375
2022-01-18,7,2174,2182.556640625
2022-01-18,8,2222,2232.2763671875
2022-01-18,9,2221,2245.746337890625
2022-01-18,10,2193,2228.354248046875
2022-01-18,11,2089,2160.88623046875
2022-01-18,12,1966,2127.9462890625
2022-01-18,13,1896,2267.58056640625
2022-01-18,14,1886,2164.974609375
2022-01-18,15,1983,2173.0498046875
2022-01-18,16,2142,2311.26904296875
2022-01-18,17,2413,2461.05859375
2022-01-18,18,2633,2651.23681640625
2022-01-18,19,2621,2646.33642578125
2022-01-18,20,2527,2553.361572265625
2022-01-18,21,2419,2433.95166015625
2022-01-18,22,2298,2293.29833984375
2022-01-18,23,2071,2093.54638671875
2022-01-18,24,1931,1952.7454833984375
2022-01-19,1,1873,1862.2900390625
2022-01-19,2,1816,1822.4796142578125
2022-01-19,3,1791,1800.8594970703125
2022-01-19,4,1789,1796.8436279296875
2022-01-19,5,1816,1867.441162109375
2022-01-19,6,1948,2025.45556640625
2022-01-19,7,2144,2185.48095703125
2022-01-19,8,2270,2230.755859375
2022-01-19,9,2279,2270.4453125
2022-01-19,10,2241,2179.733642578125
2022-01-19,11,2160,2037.4451904296875
2022-01-19,12,1980,1932.9345703125
2022-01-19,13,1755,1885.674072265625
2022-01-19,14,1750,1864.7725830078125
2022-01-19,15,1848,1998.973388671875
2022-01-19,16,2085,2182.158447265625
2022-01-19,17,2342,2393.46630859375
2022-01-19,18,2585,2612.55859375
2022-01-19,19,2593,2644.97412109375
2022-01-19,20,2512,2587.580810546875
2022-01-19,21,2408,2466.908447265625
2022-01-19,22,2274,2341.549072265625
2022-01-19,23,2097,2154.6865234375
2022-01-19,24,1971,1990.9339599609375
2022-01-20,1,1904,1903.311767578125
2022-01-20,2,1844,1840.13818359375
2022-01-20,3,1858,1828.8970947265625
2022-01-20,4,1865,1831.3668212890625
2022-01-20,5,1921,1925.16552734375
2022-01-20,6,2031,2092.376220703125
2022-01-20,7,2238,2297.0322265625
2022-01-20,8,2302,2334.54296875
2022-01-20,9,2251,2189.647705078125
2022-01-20,10,2061,2004.1468505859375
2022-01-20,11,1817,1848.667236328125
2022-01-20,12,1752,1781.30859375
2022-01-20,13,1719,1804.8082275390625
2022-01-20,14,1769,1856.7742919921875
2022-01-20,15,1902,2009.8365478515625
2022-01-20,16,2084,2178.933349609375
2022-01-20,17,2354,2398.119384765625
2022-01-20,18,2561,2609.732666015625
2022-01-20,19,2576,2623.180419921875
2022-01-20,20,2497,2550.94580078125
2022-01-20,21,2398,2430.50439453125
2022-01-20,22,2266,2296.813232421875
2022-01-20,23,2092,2128.390869140625
2022-01-20,24,1966,1996.49365234375
2022-01-21,1,1918,1923.9248046875
2022-01-21,2,1876,1864.751953125
2022-01-21,3,1915,1834.14794921875
2022-01-21,4,1893,1844.2620849609375
2022-01-21,5,1885,1926.87646484375
2022-01-21,6,2037,2109.63916015625
2022-01-21,7,2247,2302.196044921875
2022-01-21,8,2293,2354.225830078125
2022-01-21,9,2125,2189.647705078125
2022-01-21,10,1899,1999.9368896484375
2022-01-21,11,1731,1826.9283447265625
2022-01-21,12,1745,1756.051025390625
2022-01-21,13,1793,1771.3658447265625
2022-01-21,14,1830,1832.3084716796875
2022-01-21,15,1902,1981.4766845703125
2022-01-21,16,2068,2161.703369140625
2022-01-21,17,2314,2394.30908203125
2022-01-21,18,2540,2632.495849609375
2022-01-21,19,2550,2639.1142578125
2022-01-21,20,2468,2565.80517578125
2022-01-21,21,2381,2488.82080078125
2022-01-21,22,2264,2352.34423828125
2022-01-21,23,2114,2164.565673828125
2022-01-21,24,1993,2017.1370849609375
2022-01-22,1,1939,1928.5589599609375
2022-01-22,2,1885,1857.1756591796875
2022-01-22,3,1858,1795.4161376953125
2022-01-22,4,1855,1749.7701416015625
2022-01-22,5,1918,1760.2701416015625
2022-01-22,6,1897,1884.1988525390625
2022-01-22,7,1936,2014.2259521484375
2022-01-22,8,1931,1993.3436279296875
2022-01-22,9,1873,1893.6058349609375
2022-01-22,10,1658,1728.580078125
2022-01-22,11,1593,1608.8028564453125
2022-01-22,12,1499,1521.30029296875
2022-01-22,13,1501,1529.0572509765625
2022-01-22,14,1526,1614.32568359375
2022-01-22,15,1662,1813.361083984375
2022-01-22,16,1851,2018.0223388671875
2022-01-22,17,2159,2206.082275390625
2022-01-22,18,2390,2435.030029296875
2022-01-22,19,2426,2481.988037109375
2022-01-22,20,2369,2439.056640625
2022-01-22,21,2298,2356.31298828125
2022-01-22,22,2205,2284.1279296875
2022-01-22,23,2076,2141.222900390625
2022-01-22,24,1959,2005.4429931640625
2022-01-23,1,1893,1936.2198486328125
2022-01-23,2,1828,1897.9068603515625
2022-01-23,3,1782,1829.12451171875
2022-01-23,4,1762,1809.116455078125
2022-01-23,5,1776,1829.2318115234375
2022-01-23,6,1823,1885.5953369140625
2022-01-23,7,1894,1983.230712890625
2022-01-23,8,1887,1991.986328125
2022-01-23,9,1823,1889.9244384765625
2022-01-23,10,1645,1731.224853515625
2022-01-23,11,1486,1606.3797607421875
2022-01-23,12,1397,1525.113525390625
2022-01-23,13,1348,1531.3424072265625
2022-01-23,14,1461,1608.357666015625
2022-01-23,15,1704,1798.849365234375
2022-01-23,16,1961,1969.901611328125
2022-01-23,17,2171,2188.47216796875
2022-01-23,18,2415,2436.910400390625
2022-01-23,19,2455,2483.418212890625
2022-01-23,20,2405,2409.249755859375
2022-01-23,21,2327,2312.78759765625
2022-01-23,22,2214,2208.656005859375
2022-01-23,23,2067,2083.041748046875
2022-01-23,24,1955,1960.893798828125
2022-01-24,1,1982,1920.0087890625
2022-01-24,2,1967,1862.9466552734375
2022-01-24,3,1909,1837.131103515625
2022-01-24,4,1880,1843.955078125
2022-01-24,5,1916,1931.1732177734375
2022-01-24,6,2087,2111.565673828125
2022-01-24,7,2325,2324.00732421875
2022-01-24,8,2411,2380.779541015625
2022-01-24,9,2277,2195.04345703125
2022-01-24,10,1984,2003.898193359375
2022-01-24,11,1723,1851.4482421875
2022-01-24,12,1665,1775.3992919921875
2022-01-24,13,1696,1802.1597900390625
2022-01-24,14,1784,1821.686279296875
2022-01-24,15,1997,1974.131103515625
2022-01-24,16,2210,2161.391845703125
2022-01-24,17,2490,2389.199462890625
2022-01-24,18,2606,2615.851806640625
2022-01-24,19,2628,2629.548095703125
2022-01-24,20,2542,2561.8828125
2022-01-24,21,2429,2467.5029296875
2022-01-24,22,2288,2335.806640625
2022-01-24,23,2115,2148.5205078125
2022-01-24,24,1990,2004.8404541015625
2022-01-25,1,1947,1930.994384765625
2022-01-25,2,1873,1867.546875
2022-01-25,3,1835,1843.5245361328125
2022-01-25,4,1839,1843.955078125
2022-01-25,5,1923,1929.7418212890625
2022-01-25,6,2112,2109.8046875
2022-01-25,7,2344,2335.123779296875
2022-01-25,8,2388,2380.779541015625
2022-01-25,9,2264,2208.40673828125
2022-01-25,10,2060,2035.33935546875
2022-01-25,11,1863,1975.428955078125
2022-01-25,12,1793,1860.636474609375
2022-01-25,13,1708,1777.4898681640625
2022-01-25,14,1759,1808.30908203125
2022-01-25,15,1883,1964.994384765625
2022-01-25,16,2128,2164.386474609375
2022-01-25,17,2445,2391.07958984375
2022-01-25,18,2636,2616.639404296875
2022-01-25,19,2664,2644.39892578125
2022-01-25,20,2571,2580.2265625
2022-01-25,21,2451,2491.66748046875
2022-01-25,22,2322,2379.3603515625
2022-01-25,23,2170,2196.525390625
2022-01-25,24,2046,2046.1104736328125
2022-01-26,1,1988,1977.6358642578125
2022-01-26,2,1952,1919.6817626953125
2022-01-26,3,1982,1849.6239013671875
2022-01-26,4,1952,1843.955078125
2022-01-26,5,1985,1938.9718017578125
2022-01-26,6,2147,2099.466064453125
2022-01-26,7,2358,2298.791259765625
2022-01-26,8,2385,2336.1650390625
2022-01-26,9,2187,2192.162109375
2022-01-26,10,1920,2011.4144287109375
2022-01-26,11,1769,1838.8426513671875
2022-01-26,12,1773,1749.399658203125
2022-01-26,13,1817,1766.2139892578125
2022-01-26,14,1868,1814.3006591796875
2022-01-26,15,1967,1958.592041015625
2022-01-26,16,2198,2169.99267578125
2022-01-26,17,2440,2403.746826171875
2022-01-26,18,2612,2607.976318359375
2022-01-26,19,2632,2627.327392578125
2022-01-26,20,2550,2545.107177734375
2022-01-26,21,2448,2467.623779296875
2022-01-26,22,2304,2345.9619140625
2022-01-26,23,2125,2174.716796875
2022-01-26,24,1997,2037.3525390625
2022-01-27,1,1951,1951.1263427734375
2022-01-27,2,1893,1895.2054443359375
2022-01-27,3,1863,1855.283935546875
2022-01-27,4,1871,1856.85302734375
2022-01-27,5,1951,1953.898681640625
2022-01-27,6,2109,2141.26611328125
2022-01-27,7,2338,2317.090087890625
2022-01-27,8,2384,2376.185302734375
2022-01-27,9,2184,2195.04345703125
2022-01-27,10,1862,2000.366455078125
2022-01-27,11,1672,1838.817626953125
2022-01-27,12,1605,1739.2017822265625
2022-01-27,13,1642,1757.6064453125
2022-01-27,14,1829,1780.9112548828125
2022-01-27,15,1961,1932.0819091796875
2022-01-27,16,2170,2141.123779296875
2022-01-27,17,2341,2363.244873046875
2022-01-27,18,2581,2586.671630859375
2022-01-27,19,2621,2625.1455078125
2022-01-27,20,2555,2537.59375
2022-01-27,21,2460,2421.992431640625
2022-01-27,22,2328,2297.46435546875
2022-01-27,23,2171,2128.767578125
2022-01-27,24,2102,1983.1082763671875
2022-01-28,1,2043,1892.161376953125
2022-01-28,2,1921,1831.01123046875
2022-01-28,3,1872,1809.8927001953125
2022-01-28,4,1877,1792.869140625
2022-01-28,5,1952,1867.0682373046875
2022-01-28,6,2134,2015.1993408203125
2022-01-28,7,2328,2196.4404296875
2022-01-28,8,2381,2267.974609375
2022-01-28,9,2270,2187.615966796875
2022-01-28,10,2114,2093.814453125
2022-01-28,11,2012,1984.6966552734375
2022-01-28,12,1977,1904.8997802734375
2022-01-28,13,1835,1951.971923828125
2022-01-28,14,1927,2128.43505859375
2022-01-28,15,2022,2138.828369140625
2022-01-28,16,2252,2180.78759765625
2022-01-28,17,2448,2405.99072265625
2022-01-28,18,2595,2625.474365234375
2022-01-28,19,2567,2624.565673828125
2022-01-28,20,2469,2532.81005859375
2022-01-28,21,2389,2419.6787109375
2022-01-28,22,2285,2286.47216796875
2022-01-28,23,2143,2116.504638671875
2022-01-28,24,2020,1982.36083984375
2022-01-29,1,1959,1888.2442626953125
2022-01-29,2,1896,1818.786865234375
2022-01-29,3,1878,1766.4471435546875
2022-01-29,4,1911,1760.442138671875
2022-01-29,5,1855,1746.496826171875
2022-01-29,6,1925,1818.3935546875
2022-01-29,7,2009,1916.3870849609375
2022-01-29,8,2083,1949.623291015625
2022-01-29,9,2156,1939.1488037109375
2022-01-29,10,2097,1994.4979248046875
2022-01-29,11,2065,2003.7301025390625
2022-01-29,12,2028,1842.867919921875
2022-01-29,13,1955,1765.899169921875
2022-01-29,14,2016,1731.8448486328125
2022-01-29,15,2127,1889.9693603515625
2022-01-29,16,2096,2096.99755859375
2022-01-29,17,2274,2345.906982421875
2022-01-29,18,2399,2469.14501953125
2022-01-29,19,2471,2484.284912109375
2022-01-29,20,2422,2441.41650390625
2022-01-29,21,2349,2353.044677734375
2022-01-29,22,2262,2269.072998046875
2022-01-29,23,2133,2129.526123046875
2022-01-29,24,2014,1992.4595947265625
2022-01-30,1,1953,1935.313720703125
2022-01-30,2,1891,1863.9752197265625
2022-01-30,3,1838,1829.12451171875
2022-01-30,4,1827,1834.9747314453125
2022-01-30,5,1856,1851.976806640625
2022-01-30,6,1904,1901.344970703125
2022-01-30,7,1975,2024.498046875
2022-01-30,8,1948,2057.88427734375
2022-01-30,9,1817,1908.4072265625
2022-01-30,10,1602,1709.3717041015625
2022-01-30,11,1425,1548.820068359375
2022-01-30,12,1336,1476.6453857421875
2022-01-30,13,1380,1515.11376953125
2022-01-30,14,1504,1515.989013671875
2022-01-30,15,1640,1645.68017578125
2022-01-30,16,1858,1897.5963134765625
2022-01-30,17,2156,2168.195068359375
2022-01-30,18,2418,2396.5185546875
2022-01-30,19,2477,2485.638916015625
2022-01-30,20,2433,2436.227783203125
2022-01-30,21,2347,2353.044677734375
2022-01-30,22,2224,2257.952392578125
2022-01-30,23,2069,2112.053955078125
2022-01-30,24,1985,1969.4287109375
2022-01-31,1,2050,1932.4007568359375
2022-01-31,2,2008,1873.489501953125
2022-01-31,3,1978,1842.912841796875
2022-01-31,4,1937,1843.955078125
2022-01-31,5,1981,1932.3487548828125
2022-01-31,6,2139,2108.238037109375
2022-01-31,7,2350,2317.090087890625
2022-01-31,8,2382,2415.1630859375
2022-01-31,9,2314,2205.526611328125
2022-01-31,10,2211,2049.523193359375
2022-01-31,11,2141,1991.7032470703125
2022-01-31,12,1970,1943.36328125
2022-01-31,13,1965,1893.3375244140625
2022-01-31,14,2152,2085.8564453125
2022-01-31,15,2178,2178.412353515625
2022-01-31,16,2300,2295.70166015625
2022-01-31,17,2453,2497.61767578125
2022-01-31,18,2725,2659.18017578125
2022-01-31,19,2724,2648.9482421875
2022-01-31,20,2638,2581.903564453125
2022-01-31,21,2528,2469.7734375
2022-01-31,22,2409,2341.549072265625
2022-01-31,23,2232,2143.84130859375
2022-01-31,24,2046,1987.4112548828125
2022-02-01,1,1972,1869.9716796875
2022-02-01,2,1926,1804.901123046875
2022-02-01,3,1975,1771.367919921875
2022-02-01,4,1953,1771.3583984375
2022-02-01,5,2018,1840.4906005859375
2022-02-01,6,2129,2007.59326171875
2022-02-01,7,2248,2176.130615234375
2022-02-01,8,2301,2307.1240234375
2022-02-01,9,2273,2274.00439453125
2022-02-01,10,2052,2181.289306640625
2022-02-01,11,1989,2036.13525390625
2022-02-01,12,2039,2076.1123046875
2022-02-01,13,2154,1958.1575927734375
2022-02-01,14,2176,1980.8646240234375
2022-02-01,15,2235,2014.9898681640625
2022-02-01,16,2295,2233.370361328125
2022-02-01,17,2459,2415.349609375
2022-02-01,18,2610,2623.309326171875
2022-02-01,19,2659,2630.5419921875
2022-02-01,20,2583,2544.229736328125
2022-02-01,21,2483,2424.840087890625
2022-02-01,22,2342,2289.48486328125
2022-02-01,23,2199,2121.4287109375
2022-02-01,24,2070,1985.7554931640625
2022-02-02,1,1988,1902.5606689453125
2022-02-02,2,1999,1840.4461669921875
2022-02-02,3,1982,1827.9786376953125
2022-02-02,4,1966,1820.429443359375
2022-02-02,5,2005,1906.9588623046875
2022-02-02,6,2126,2085.578369140625
2022-02-02,7,2339,2291.892822265625
2022-02-02,8,2384,2394.498046875
2022-02-02,9,2280,2193.59326171875
2022-02-02,10,2090,2001.03271484375
2022-02-02,11,1831,1811.438232421875
2022-02-02,12,1669,1708.504638671875
2022-02-02,13,1624,1669.379638671875
2022-02-02,14,1655,1761.31884765625
2022-02-02,15,1793,1852.226806640625
2022-02-02,16,1981,2062.7490234375
2022-02-02,17,2298,2325.925048828125
2022-02-02,18,2565,2566.108154296875
2022-02-02,19,2647,2626.580078125
2022-02-02,20,2580,2546.04052734375
2022-02-02,21,2484,2444.439453125
2022-02-02,22,2357,2328.80859375
2022-02-02,23,2194,2165.181884765625
2022-02-02,24,2068,2015.6123046875
2022-02-03,1,2044,1911.23974609375
2022-02-03,2,1938,1835.53857421875
2022-02-03,3,1921,1812.948974609375
2022-02-03,4,1939,1835.1260986328125
2022-02-03,5,2018,1938.4156494140625
2022-02-03,6,2207,2183.247314453125
2022-02-03,7,2429,2453.760498046875
2022-02-03,8,2471,2453.36767578125
2022-02-03,9,2326,2259.747314453125
2022-02-03,10,2010,1958.0262451171875
2022-02-03,11,1811,1796.8956298828125
2022-02-03,12,1788,1701.117431640625
2022-02-03,13,1728,1672.1522216796875
2022-02-03,14,1672,1753.056884765625
2022-02-03,15,1796,1853.0634765625
2022-02-03,16,2004,2062.7490234375
2022-02-03,17,2299,2325.925048828125
2022-02-03,18,2554,2567.9873046875
2022-02-03,19,2643,2635.32568359375
2022-02-03,20,2589,2559.539306640625
2022-02-03,21,2506,2456.65576171875
2022-02-03,22,2370,2304.83642578125
2022-02-03,23,2186,2138.466552734375
2022-02-03,24,2046,2002.0296630859375
2022-02-04,1,2028,1952.5701904296875
2022-02-04,2,2054,1907.172119140625
2022-02-04,3,2055,1805.52197265625
2022-02-04,4,2083,1812.2708740234375
2022-02-04,5,2064,1894.70751953125
2022-02-04,6,2139,2168.11474609375
2022-02-04,7,2351,2284.682861328125
2022-02-04,8,2387,2356.673095703125
2022-02-04,9,2269,2207.453125
2022-02-04,10,1982,1948.449951171875
2022-02-04,11,1776,1774.3758544921875
2022-02-04,12,1688,1695.266845703125
2022-02-04,13,1643,1662.3673095703125
2022-02-04,14,1599,1727.6783447265625
2022-02-04,15,1724,1838.805908203125
2022-02-04,16,1987,2035.4991455078125
2022-02-04,17,2278,2313.794189453125
2022-02-04,18,2484,2563.70458984375
2022-02-04,19,2534,2612.41064453125
2022-02-04,20,2478,2513.2861328125
2022-02-04,21,2408,2431.083740234375
2022-02-04,22,2307,2297.390625
2022-02-04,23,2160,2124.93408203125
2022-02-04,24,2035,1987.86865234375
2022-02-05,1,1980,1880.6510009765625
2022-02-05,2,1915,1806.997802734375
2022-02-05,3,1873,1762.40771484375
2022-02-05,4,1865,1727.53515625
2022-02-05,5,1900,1754.55126953125
2022-02-05,6,1971,1867.37890625
2022-02-05,7,2073,1965.08203125
2022-02-05,8,2095,1960.458740234375
2022-02-05,9,2024,1848.3338623046875
2022-02-05,10,1867,1647.472900390625
2022-02-05,11,1613,1514.6978759765625
2022-02-05,12,1427,1444.5972900390625
2022-02-05,13,1352,1427.121826171875
2022-02-05,14,1341,1482.90478515625
2022-02-05,15,1497,1618.0977783203125
2022-02-05,16,1756,1874.515380859375
2022-02-05,17,2057,2122.7685546875
2022-02-05,18,2329,2392.780517578125
2022-02-05,19,2415,2460.63134765625
2022-02-05,20,2377,2393.53076171875
2022-02-05,21,2318,2287.053466796875
2022-02-05,22,2237,2217.0556640625
2022-02-05,23,2112,2082.8486328125
2022-02-05,24,2006,1947.9375
2022-02-06,1,1942,1924.6331787109375
2022-02-06,2,1877,1876.6334228515625
2022-02-06,3,1848,1843.447265625
2022-02-06,4,1858,1839.43115234375
2022-02-06,5,1858,1843.33447265625
2022-02-06,6,1915,1918.572998046875
2022-02-06,7,1983,1985.7318115234375
2022-02-06,8,1974,2035.0794677734375
2022-02-06,9,1946,1894.8193359375
2022-02-06,10,1793,1649.39697265625
2022-02-06,11,1497,1533.6011962890625
2022-02-06,12,1388,1471.3245849609375
2022-02-06,13,1379,1489.073974609375
2022-02-06,14,1363,1577.5584716796875
2022-02-06,15,1446,1702.7254638671875
2022-02-06,16,1761,1933.8087158203125
2022-02-06,17,2042,2185.641357421875
2022-02-06,18,2331,2327.83984375
2022-02-06,19,2430,2459.998779296875
2022-02-06,20,2374,2391.1650390625
2022-02-06,21,2289,2279.154541015625
2022-02-06,22,2176,2157.9228515625
2022-02-06,23,2025,2011.9046630859375
2022-02-06,24,1909,1897.961181640625
2022-02-07,1,1865,1844.0992431640625
2022-02-07,2,1811,1786.47265625
2022-02-07,3,1778,1757.0079345703125
2022-02-07,4,1800,1765.968505859375
2022-02-07,5,1907,1840.4906005859375
2022-02-07,6,2047,2007.59326171875
2022-02-07,7,2266,2174.93310546875
2022-02-07,8,2335,2263.341552734375
2022-02-07,9,2236,2079.47021484375
2022-02-07,10,2042,1929.63916015625
2022-02-07,11,1805,1863.8878173828125
2022-02-07,12,1664,1815.4742431640625
2022-02-07,13,1691,1875.96923828125
2022-02-07,14,1808,1994.0286865234375
2022-02-07,15,1962,2147.194580078125
2022-02-07,16,2091,2230.16357421875
2022-02-07,17,2329,2357.531982421875
2022-02-07,18,2532,2493.484130859375
2022-02-07,19,2602,2607.74755859375
2022-02-07,20,2519,2510.5029296875
2022-02-07,21,2411,2380.13525390625
2022-02-07,22,2272,2240.3779296875
2022-02-07,23,2096,2065.041015625
2022-02-07,24,1966,1941.2667236328125
2022-02-08,1,1928,1856.8853759765625
2022-02-08,2,1851,1795.44091796875
2022-02-08,3,1812,1758.5535888671875
2022-02-08,4,1842,1772.7203369140625
2022-02-08,5,1928,1834.23828125
2022-02-08,6,2042,2004.6590576171875
2022-02-08,7,2252,2212.0771484375
2022-02-08,8,2299,2256.492431640625
2022-02-08,9,2157,2078.622802734375
2022-02-08,10,1975,1907.7164306640625
2022-02-08,11,1776,1846.47265625
2022-02-08,12,1734,1871.2269287109375
2022-02-08,13,1798,1960.011962890625
2022-02-08,14,1822,2131.0263671875
2022-02-08,15,1908,2264.791015625
2022-02-08,16,2080,2368.209716796875
2022-02-08,17,2318,2489.6923828125
2022-02-08,18,2528,2621.110595703125
2022-02-08,19,2586,2609.851318359375
2022-02-08,20,2505,2514.728515625
2022-02-08,21,2387,2380.13525390625
2022-02-08,22,2246,2240.3779296875
2022-02-08,23,2070,2065.02294921875
2022-02-08,24,1943,1939.2376708984375
2022-02-09,1,1909,1862.060302734375
2022-02-09,2,1825,1800.20166015625
2022-02-09,3,1805,1767.894775390625
2022-02-09,4,1815,1780.865478515625
2022-02-09,5,1885,1842.9320068359375
2022-02-09,6,2041,2021.9522705078125
2022-02-09,7,2214,2212.16748046875
2022-02-09,8,2235,2252.58984375
2022-02-09,9,2132,2071.811279296875
2022-02-09,10,1947,1910.5081787109375
2022-02-09,11,1854,1973.6527099609375
2022-02-09,12,1843,2023.144775390625
2022-02-09,13,1881,2197.947998046875
2022-02-09,14,1966,2338.169189453125
2022-02-09,15,2032,2852.8671875
2022-02-09,16,2227,2849.010009765625
2022-02-09,17,2444,2807.27978515625
2022-02-09,18,2602,2857.61669921875
2022-02-09,19,2623,2738.204833984375
2022-02-09,20,2532,2693.921142578125
2022-02-09,21,2410,2515.57470703125
2022-02-09,22,2262,2300.18359375
2022-02-09,23,2105,2066.79833984375
2022-02-09,24,2024,1940.615234375
2022-02-10,1,1877,1845.031982421875
2022-02-10,2,1772,1797.64306640625
2022-02-10,3,1689,1771.367919921875
2022-02-10,4,1697,1771.3583984375
2022-02-10,5,1833,1840.4906005859375
2022-02-10,6,1976,1997.5074462890625
2022-02-10,7,2149,2179.349609375
2022-02-10,8,2189,2214.730224609375
2022-02-10,9,2108,2050.804443359375
2022-02-10,10,1912,1959.75244140625
2022-02-10,11,1837,2045.1690673828125
2022-02-10,12,1882,2032.5159912109375
2022-02-10,13,2034,2188.2958984375
2022-02-10,14,2005,2425.6171875
2022-02-10,15,2141,2798.825927734375
2022-02-10,16,2385,2854.66015625
2022-02-10,17,2547,2865.424072265625
2022-02-10,18,2686,2891.16015625
2022-02-10,19,2686,2731.7294921875
2022-02-10,20,2574,2657.22216796875
2022-02-10,21,2442,2469.48193359375
2022-02-10,22,2283,2270.3916015625
2022-02-10,23,2097,2064.1416015625
2022-02-10,24,1955,1943.2716064453125
2022-02-11,1,1893,1856.802490234375
2022-02-11,2,1820,1793.28125
2022-02-11,3,1772,1757.3736572265625
2022-02-11,4,1768,1772.7203369140625
2022-02-11,5,1824,1840.4906005859375
2022-02-11,6,1936,2007.5439453125
2022-02-11,7,2102,2176.130615234375
2022-02-11,8,2146,2237.376953125
2022-02-11,9,2094,2069.857177734375
2022-02-11,10,1960,1886.6341552734375
2022-02-11,11,1766,1965.858642578125
2022-02-11,12,1696,2001.990966796875
2022-02-11,13,1818,2142.955810546875
2022-02-11,14,2003,2286.435546875
2022-02-11,15,2212,2510.810546875
2022-02-11,16,2373,2419.939208984375
2022-02-11,17,2453,2661.3779296875
2022-02-11,18,2573,2792.2060546875
2022-02-11,19,2582,2659.224853515625
2022-02-11,20,2488,2562.105224609375
2022-02-11,21,2377,2443.268310546875
2022-02-11,22,2250,2274.66455078125
2022-02-11,23,2091,2077.90234375
2022-02-11,24,1960,1943.469482421875
2022-02-12,1,1900,1856.2069091796875
2022-02-12,2,1819,1785.6849365234375
2022-02-12,3,1764,1742.0836181640625
2022-02-12,4,1744,1722.516357421875
2022-02-12,5,1755,1737.8460693359375
2022-02-12,6,1803,1794.682373046875
2022-02-12,7,1862,1859.5345458984375
2022-02-12,8,1885,1881.1375732421875
2022-02-12,9,1893,1708.3026123046875
2022-02-12,10,1789,1648.8255615234375
2022-02-12,11,1683,1716.0714111328125
2022-02-12,12,1669,1795.2154541015625
2022-02-12,13,1692,1932.6409912109375
2022-02-12,14,1685,2338.116455078125
2022-02-12,15,1874,3015.875732421875
2022-02-12,16,2133,3196.833740234375
2022-02-12,17,2364,3429.885986328125
2022-02-12,18,2529,3338.138427734375
2022-02-12,19,2556,2963.184326171875
2022-02-12,20,2461,2762.998779296875
2022-02-12,21,2354,2625.4501953125
2022-02-12,22,2227,2301.172607421875
2022-02-12,23,2078,2066.693359375
2022-02-12,24,1954,1904.125
2022-02-13,1,1876,1851.8756103515625
2022-02-13,2,1796,1782.745849609375
2022-02-13,3,1753,1742.1256103515625
2022-02-13,4,1760,1713.630126953125
2022-02-13,5,1719,1743.767822265625
2022-02-13,6,1744,1791.986572265625
2022-02-13,7,1763,1873.73046875
2022-02-13,8,1725,1895.1932373046875
2022-02-13,9,1692,1709.8885498046875
2022-02-13,10,1570,1684.6043701171875
2022-02-13,11,1581,1745.9603271484375
2022-02-13,12,1601,1896.35888671875
2022-02-13,13,1649,2418.6962890625
2022-02-13,14,1682,2524.41845703125
2022-02-13,15,1860,2539.9443359375
2022-02-13,16,2094,2594.530029296875
2022-02-13,17,2380,2710.482666015625
2022-02-13,18,2443,2766.387939453125
2022-02-13,19,2463,2638.368408203125
2022-02-13,20,2399,2607.763427734375
2022-02-13,21,2314,2358.873779296875
2022-02-13,22,2188,2197.259521484375
2022-02-13,23,2026,2016.2681884765625
2022-02-13,24,1896,1902.00439453125
2022-02-14,1,1840,1856.4390869140625
2022-02-14,2,1777,1793.28125
2022-02-14,3,1745,1756.05615234375
2022-02-14,4,1747,1769.63330078125
2022-02-14,5,1802,1843.9049072265625
2022-02-14,6,1939,2005.1661376953125
2022-02-14,7,2110,2176.130615234375
2022-02-14,8,2136,2187.991455078125
2022-02-14,9,1976,2042.811279296875
2022-02-14,10,1849,1879.5751953125
2022-02-14,11,1830,1937.146728515625
2022-02-14,12,1828,1915.8985595703125
2022-02-14,13,1814,1961.4891357421875
2022-02-14,14,1796,2079.53173828125
2022-02-14,15,1877,1892.81396484375
2022-02-14,16,2176,2025.2764892578125
2022-02-14,17,2354,2214.778564453125
2022-02-14,18,2568,2451.5244140625
2022-02-14,19,2638,2582.641845703125
2022-02-14,20,2529,2499.708740234375
2022-02-14,21,2411,2376.65673828125
2022-02-14,22,2252,2228.436279296875
2022-02-14,23,2021,2064.169677734375
2022-02-14,24,1894,1942.6900634765625
2022-02-15,1,1893,1854.88134765625
2022-02-15,2,1926,1793.28125
2022-02-15,3,1822,1755.88134765625
2022-02-15,4,1727,1755.127685546875
2022-02-15,5,1781,1830.7965087890625
2022-02-15,6,1910,1995.0408935546875
2022-02-15,7,2087,2177.10595703125
2022-02-15,8,2236,2254.882080078125
2022-02-15,9,2332,2301.777587890625
2022-02-15,10,2453,2332.56298828125
2022-02-15,11,2550,2321.841796875
2022-02-15,12,2476,2375.140869140625
2022-02-15,13,2228,2240.27783203125
2022-02-15,14,2133,2253.829345703125
2022-02-15,15,2170,2326.283203125
2022-02-15,16,2211,2307.951171875
2022-02-15,17,2423,2431.408935546875
2022-02-15,18,2605,2678.387939453125
2022-02-15,19,2690,2690.388427734375
2022-02-15,20,2611,2597.4873046875
2022-02-15,21,2505,2489.853759765625
2022-02-15,22,2359,2347.288818359375
2022-02-15,23,2181,2172.724853515625
2022-02-15,24,2050,2012.2364501953125
2022-02-16,1,2002,1905.2608642578125
2022-02-16,2,1924,1835.6497802734375
2022-02-16,3,1893,1792.255126953125
2022-02-16,4,1908,1812.2708740234375
2022-02-16,5,1978,1895.437255859375
2022-02-16,6,2147,2084.1865234375
2022-02-16,7,2332,2288.86669921875
2022-02-16,8,2310,2268.2236328125
2022-02-16,9,2133,2098.03466796875
2022-02-16,10,1940,1914.1361083984375
2022-02-16,11,1785,1783.0638427734375
2022-02-16,12,1682,1661.2445068359375
2022-02-16,13,1627,1621.6951904296875
2022-02-16,14,1598,1656.0479736328125
2022-02-16,15,1743,1764.6522216796875
2022-02-16,16,1981,1943.0096435546875
2022-02-16,17,2251,2188.835205078125
2022-02-16,18,2518,2483.0078125
2022-02-16,19,2628,2586.929931640625
2022-02-16,20,2564,2522.179443359375
2022-02-16,21,2462,2434.6787109375
2022-02-16,22,2327,2302.15576171875
2022-02-16,23,2142,2117.083740234375
2022-02-16,24,2005,1983.1617431640625
2022-02-17,1,1956,1901.154296875
2022-02-17,2,1880,1835.53857421875
2022-02-17,3,1843,1828.76171875
2022-02-17,4,1849,1848.3330078125
2022-02-17,5,1931,1934.6639404296875
2022-02-17,6,2089,2085.578369140625
2022-02-17,7,2278,2261.6533203125
2022-02-17,8,2268,2217.091796875
2022-02-17,9,2144,2074.56640625
2022-02-17,10,2043,1881.204833984375
2022-02-17,11,1721,1733.186767578125
2022-02-17,12,1574,1647.6368408203125
2022-02-17,13,1553,1620.548095703125
2022-02-17,14,1581,1663.64990234375
2022-02-17,15,1707,1797.720703125
2022-02-17,16,1938,2006.1705322265625
2022-02-17,17,2215,2210.599853515625
2022-02-17,18,2465,2462.307861328125
2022-02-17,19,2575,2570.562255859375
2022-02-17,20,2517,2493.91357421875
2022-02-17,21,2426,2376.65673828125
2022-02-17,22,2304,2234.7568359375
2022-02-17,23,2139,2138.879638671875
2022-02-17,24,2008,2018.529296875
2022-02-18,1,1967,1980.46923828125
2022-02-18,2,1895,1912.708251953125
2022-02-18,3,1862,1888.1317138671875
2022-02-18,4,1872,1863.8232421875
2022-02-18,5,1949,1916.4366455078125
2022-02-18,6,2098,2082.250732421875
2022-02-18,7,2267,2283.37744140625
2022-02-18,8,2258,2210.869384765625
2022-02-18,9,2052,2078.1669921875
2022-02-18,10,1839,1890.125
2022-02-18,11,1712,1738.189697265625
2022-02-18,12,1667,1646.259765625
2022-02-18,13,1694,1610.5546875
2022-02-18,14,1582,1680.1693115234375
2022-02-18,15,1683,1809.1759033203125
2022-02-18,16,1893,1985.9632568359375
2022-02-18,17,2193,2188.259521484375
2022-02-18,18,2410,2449.380859375
2022-02-18,19,2511,2565.28662109375
2022-02-18,20,2446,2496.826171875
2022-02-18,21,2364,2388.218994140625
2022-02-18,22,2259,2254.698486328125
2022-02-18,23,2117,2113.235595703125
2022-02-18,24,1992,1991.0194091796875
2022-02-19,1,1929,1916.9111328125
2022-02-19,2,1864,1874.360107421875
2022-02-19,3,1820,1811.560546875
2022-02-19,4,1808,1788.7379150390625
2022-02-19,5,1835,1816.92822265625
2022-02-19,6,1903,1884.3197021484375
2022-02-19,7,1980,1985.0133056640625
2022-02-19,8,2017,1929.0078125
2022-02-19,9,1943,1724.97802734375
2022-02-19,10,1666,1635.98388671875
2022-02-19,11,1518,1494.0589599609375
2022-02-19,12,1369,1404.912109375
2022-02-19,13,1280,1366.944091796875
2022-02-19,14,1311,1451.82080078125
2022-02-19,15,1458,1589.53857421875
2022-02-19,16,1701,1789.163818359375
2022-02-19,17,2041,1985.651611328125
2022-02-19,18,2286,2287.1220703125
2022-02-19,19,2390,2421.229736328125
2022-02-19,20,2346,2367.493408203125
2022-02-19,21,2268,2292.322265625
2022-02-19,22,2175,2170.734619140625
2022-02-19,23,2048,2045.5126953125
2022-02-19,24,1936,1921.6842041015625
2022-02-20,1,1874,1870.327880859375
2022-02-20,2,1810,1805.82080078125
2022-02-20,3,1765,1771.5419921875
2022-02-20,4,1750,1770.3621826171875
2022-02-20,5,1768,1808.4710693359375
2022-02-20,6,1820,1862.1612548828125
2022-02-20,7,1856,1924.6142578125
2022-02-20,8,1857,1879.87451171875
2022-02-20,9,1825,1747.18017578125
2022-02-20,10,1588,1686.6673583984375
2022-02-20,11,1357,1510.99853515625
2022-02-20,12,1216,1424.039306640625
2022-02-20,13,1197,1390.80126953125
2022-02-20,14,1266,1441.2369384765625
2022-02-20,15,1436,1581.43212890625
2022-02-20,16,1759,1834.8160400390625
2022-02-20,17,2039,1999.1495361328125
2022-02-20,18,2296,2300.9677734375
2022-02-20,19,2394,2432.431884765625
2022-02-20,20,2340,2378.13427734375
2022-02-20,21,2262,2285.644775390625
2022-02-20,22,2158,2176.964111328125
2022-02-20,23,2015,2035.7218017578125
2022-02-20,24,1896,1928.4808349609375
2022-02-21,1,1864,1894.2830810546875
2022-02-21,2,1859,1793.928466796875
2022-02-21,3,1802,1756.580078125
2022-02-21,4,1770,1765.690185546875
2022-02-21,5,1788,1796.4334716796875
2022-02-21,6,1889,1915.6463623046875
2022-02-21,7,2038,2046.8280029296875
2022-02-21,8,2112,2070.355224609375
2022-02-21,9,2144,1956.0194091796875
2022-02-21,10,2122,1847.0985107421875
2022-02-21,11,2122,1895.35888671875
2022-02-21,12,1971,1906.164794921875
2022-02-21,13,1967,1865.852294921875
2022-02-21,14,2134,1891.2794189453125
2022-02-21,15,2143,1974.3065185546875
2022-02-21,16,2209,2165.011474609375
2022-02-21,17,2347,2353.371337890625
2022-02-21,18,2563,2571.991943359375
2022-02-21,19,2635,2559.338134765625
2022-02-21,20,2572,2513.95654296875
2022-02-21,21,2483,2396.458984375
2022-02-21,22,2352,2292.559814453125
2022-02-21,23,2136,2113.04833984375
2022-02-21,24,2014,1958.2711181640625
2022-02-22,1,1954,1868.0902099609375
2022-02-22,2,1893,1804.901123046875
2022-02-22,3,1916,1770.4161376953125
2022-02-22,4,1979,1769.63330078125
2022-02-22,5,2115,1841.0330810546875
2022-02-22,6,2192,2010.4608154296875
2022-02-22,7,2247,2176.130615234375
2022-02-22,8,2355,2181.048095703125
2022-02-22,9,2334,2502.4072265625
2022-02-22,10,2162,2358.232177734375
2022-02-22,11,2017,2189.29736328125
2022-02-22,12,2041,2143.6025390625
2022-02-22,13,1964,1984.3878173828125
2022-02-22,14,1991,1799.3531494140625
2022-02-22,15,2191,2004.6060791015625
2022-02-22,16,2290,2330.3212890625
2022-02-22,17,2504,2511.901123046875
2022-02-22,18,2769,2744.0205078125
2022-02-22,19,2743,2715.6640625
2022-02-22,20,2658,2643.020751953125
2022-02-22,21,2547,2514.100341796875
2022-02-22,22,2394,2354.119873046875
2022-02-22,23,2207,2158.310302734375
2022-02-22,24,2077,1994.8917236328125
2022-02-23,1,1979,1905.2608642578125
2022-02-23,2,1922,1835.6497802734375
2022-02-23,3,1890,1790.139404296875
2022-02-23,4,1936,1816.45166015625
2022-02-23,5,1948,1893.02490234375
2022-02-23,6,2125,2050.873046875
2022-02-23,7,2342,2225.895263671875
2022-02-23,8,2398,2206.767333984375
2022-02-23,9,2373,2233.23388671875
2022-02-23,10,2044,2048.636962890625
2022-02-23,11,1937,1878.2620849609375
2022-02-23,12,1817,1820.2066650390625
2022-02-23,13,1813,1853.51806640625
2022-02-23,14,1927,1755.0760498046875
2022-02-23,15,2000,1947.22900390625
2022-02-23,16,2150,2034.858642578125
2022-02-23,17,2344,2282.635498046875
2022-02-23,18,2523,2568.455322265625
2022-02-23,19,2641,2690.847412109375
2022-02-23,20,2588,2666.5234375
2022-02-23,21,2498,2621.179443359375
2022-02-23,22,2372,2482.20751953125
2022-02-23,23,2209,2298.877197265625
2022-02-23,24,2130,2115.439453125
2022-02-24,1,1959,2042.1519775390625
2022-02-24,2,1909,1996.475341796875
2022-02-24,3,1958,1961.791015625
2022-02-24,4,2096,1968.672119140625
2022-02-24,5,1980,2081.187744140625
2022-02-24,6,2173,2296.4248046875
2022-02-24,7,2467,2487.408203125
2022-02-24,8,2499,2297.572021484375
2022-02-24,9,2246,2108.830322265625
2022-02-24,10,1854,1882.2821044921875
2022-02-24,11,1662,1678.882080078125
2022-02-24,12,1547,1617.854248046875
2022-02-24,13,1522,1602.5791015625
2022-02-24,14,1508,1612.0994873046875
2022-02-24,15,1645,1734.926025390625
2022-02-24,16,1842,1889.751220703125
2022-02-24,17,2155,2162.37744140625
2022-02-24,18,2446,2458.32470703125
2022-02-24,19,2563,2606.082275390625
2022-02-24,20,2544,2644.66015625
2022-02-24,21,2465,2621.179443359375
2022-02-24,22,2339,2477.93798828125
2022-02-24,23,2154,2267.6552734375
2022-02-24,24,2016,2115.439453125
2022-02-25,1,1964,2042.1519775390625
2022-02-25,2,1906,1996.475341796875
2022-02-25,3,1872,1961.791015625
2022-02-25,4,1888,1968.672119140625
2022-02-25,5,1985,2081.187744140625
2022-02-25,6,2195,2296.4248046875
2022-02-25,7,2443,2487.408203125
2022-02-25,8,2408,2297.572021484375
2022-02-25,9,2165,2108.830322265625
2022-02-25,10,1912,1874.4339599609375
2022-02-25,11,1712,1751.5150146484375
2022-02-25,12,1507,1653.19189453125
2022-02-25,13,1516,1584.771484375
2022-02-25,14,1523,1635.7861328125
2022-02-25,15,1606,1734.610595703125
2022-02-25,16,1878,1888.0150146484375
2022-02-25,17,2177,2161.021728515625
2022-02-25,18,2379,2449.022705078125
2022-02-25,19,2486,2604.12158203125
2022-02-25,20,2443,2628.296142578125
2022-02-25,21,2374,2522.90966796875
2022-02-25,22,2274,2443.25341796875
2022-02-25,23,2133,2267.6552734375
2022-02-25,24,2006,2096.320068359375
2022-02-26,1,1971,2019.547607421875
2022-02-26,2,2045,1974.955810546875
2022-02-26,3,1924,1927.2041015625
2022-02-26,4,1812,1915.698486328125
2022-02-26,5,1856,1932.6854248046875
2022-02-26,6,1937,2037.9490966796875
2022-02-26,7,2070,2105.54345703125
2022-02-26,8,2017,1976.7840576171875
2022-02-26,9,1829,1778.474853515625
2022-02-26,10,1652,1528.6368408203125
2022-02-26,11,1386,1382.5797119140625
2022-02-26,12,1241,1305.876953125
2022-02-26,13,1236,1316.8602294921875
2022-02-26,14,1299,1408.02197265625
2022-02-26,15,1465,1546.41748046875
2022-02-26,16,1718,1744.3875732421875
2022-02-26,17,1958,1983.0894775390625
2022-02-26,18,2179,2265.03515625
2022-02-26,19,2381,2422.86767578125
2022-02-26,20,2380,2382.856201171875
2022-02-26,21,2331,2343.440673828125
2022-02-26,22,2242,2245.6572265625
2022-02-26,23,2124,2103.18115234375
2022-02-26,24,2021,1978.2210693359375
2022-02-27,1,1966,1957.7867431640625
2022-02-27,2,1929,1894.59765625
2022-02-27,3,1904,1866.51611328125
2022-02-27,4,1841,1839.43115234375
2022-02-27,5,1869,1829.787841796875
2022-02-27,6,1909,1885.711669921875
2022-02-27,7,1942,1965.2001953125
2022-02-27,8,1912,1894.7325439453125
2022-02-27,9,1837,1731.5489501953125
2022-02-27,10,1743,1624.4019775390625
2022-02-27,11,1542,1504.5206298828125
2022-02-27,12,1393,1445.8104248046875
2022-02-27,13,1351,1459.8720703125
2022-02-27,14,1336,1501.2200927734375
2022-02-27,15,1388,1629.1826171875
2022-02-27,16,1627,1859.2772216796875
2022-02-27,17,1971,2016.33740234375
2022-02-27,18,2259,2289.950439453125
2022-02-27,19,2427,2421.229736328125
2022-02-27,20,2390,2387.385009765625
2022-02-27,21,2312,2284.31689453125
2022-02-27,22,2194,2184.914794921875
2022-02-27,23,2029,2065.880615234375
2022-02-27,24,1936,1946.573974609375
2022-02-28,1,1879,1902.5606689453125
2022-02-28,2,1816,1843.0191650390625
2022-02-28,3,1802,1794.83935546875
2022-02-28,4,1816,1812.9964599609375
2022-02-28,5,1906,1892.908203125
2022-02-28,6,2073,2091.607666015625
2022-02-28,7,2281,2259.965087890625
2022-02-28,8,2335,2162.293701171875
2022-02-28,9,2132,1969.244873046875
2022-02-28,10,1859,1803.09033203125
2022-02-28,11,1696,1659.0535888671875
2022-02-28,12,1611,1705.033447265625
2022-02-28,13,1520,1852.577880859375
2022-02-28,14,1573,2062.38720703125
2022-02-28,15,1724,2063.0625
2022-02-28,16,1976,2249.739990234375
2022-02-28,17,2240,2309.399169921875
2022-02-28,18,2461,2483.2685546875
2022-02-28,19,2590,2559.73876953125
2022-02-28,20,2503,2487.078125
2022-02-28,21,2395,2380.13525390625
2022-02-28,22,2256,2232.21044921875
2022-02-28,23,2081,2089.438232421875
2022-02-28,24,1939,1973.75830078125
2022-03-01,1,1886,1833.09765625
2022-03-01,2,1827,1770.3441162109375
2022-03-01,3,1789,1767.63427734375
2022-03-01,4,1794,1815.2548828125
2022-03-01,5,1877,1926.6541748046875
2022-03-01,6,2018,2107.97314453125
2022-03-01,7,2193,2237.044921875
2022-03-01,8,2173,2182.2109375
2022-03-01,9,1993,1937.85498046875
2022-03-01,10,1773,1708.485107421875
2022-03-01,11,1619,1711.6219482421875
2022-03-01,12,1567,1853.966796875
2022-03-01,13,1541,1788.9501953125
2022-03-01,14,1682,1902.01513671875
2022-03-01,15,1859,2009.03857421875
2022-03-01,16,2038,2266.694091796875
2022-03-01,17,2341,2374.7919921875
2022-03-01,18,2516,2536.659912109375
2022-03-01,19,2596,2555.473388671875
2022-03-01,20,2519,2452.901611328125
2022-03-01,21,2409,2279.707763671875
2022-03-01,22,2256,2113.10400390625
2022-03-01,23,2081,1951.7528076171875
2022-03-01,24,1929,1873.0843505859375
2022-03-02,1,1873,1792.5693359375
2022-03-02,2,1819,1736.111572265625
2022-03-02,3,1836,1735.5068359375
2022-03-02,4,1827,1773.7315673828125
2022-03-02,5,1894,1862.9205322265625
2022-03-02,6,2069,2073.918212890625
2022-03-02,7,2065,2212.74755859375
2022-03-02,8,1981,2167.497802734375
2022-03-02,9,1810,1951.0106201171875
2022-03-02,10,1738,1697.16650390625
2022-03-02,11,1666,1560.7476806640625
2022-03-02,12,1557,1637.0963134765625
2022-03-02,13,1558,1773.955810546875
2022-03-02,14,1711,1928.2508544921875
2022-03-02,15,1938,2116.31640625
2022-03-02,16,2266,2327.15771484375
2022-03-02,17,2394,2333.63623046875
2022-03-02,18,2504,2487.87548828125
2022-03-02,19,2601,2563.649658203125
2022-03-02,20,2516,2462.791259765625
2022-03-02,21,2394,2258.08056640625
2022-03-02,22,2253,2113.10400390625
2022-03-02,23,2078,1941.7864990234375
2022-03-02,24,1946,1841.7559814453125
2022-03-03,1,1886,1773.26171875
2022-03-03,2,1822,1720.4361572265625
2022-03-03,3,1780,1700.300537109375
2022-03-03,4,1773,1739.6207275390625
2022-03-03,5,1837,1866.5579833984375
2022-03-03,6,1968,2044.947021484375
2022-03-03,7,2077,2173.330078125
2022-03-03,8,2023,2154.08251953125
2022-03-03,9,2005,1950.2353515625
2022-03-03,10,1848,1855.36865234375
2022-03-03,11,1845,1694.6142578125
2022-03-03,12,1709,1634.8563232421875
2022-03-03,13,1552,1623.895751953125
2022-03-03,14,1516,1635.7506103515625
2022-03-03,15,1619,1713.33984375
2022-03-03,16,1806,1868.5750732421875
2022-03-03,17,2157,2096.550537109375
2022-03-03,18,2412,2334.05712890625
2022-03-03,19,2537,2553.27099609375
2022-03-03,20,2468,2467.654296875
2022-03-03,21,2372,2290.295654296875
2022-03-03,22,2261,2137.0283203125
2022-03-03,23,2110,1981.9697265625
2022-03-03,24,2007,1850.47412109375
2022-03-04,1,1980,1784.3355712890625
2022-03-04,2,1895,1723.8856201171875
2022-03-04,3,1786,1699.969970703125
2022-03-04,4,1770,1753.6353759765625
2022-03-04,5,1826,1866.0155029296875
2022-03-04,6,1952,2024.4998779296875
2022-03-04,7,2166,2154.904296875
2022-03-04,8,2372,2171.367431640625
2022-03-04,9,2146,2393.9150390625
2022-03-04,10,1841,2323.34326171875
2022-03-04,11,1876,2033.8465576171875
2022-03-04,12,1852,1783.18994140625
2022-03-04,13,1705,1692.0355224609375
2022-03-04,14,1719,1608.6044921875
2022-03-04,15,1809,1672.88330078125
2022-03-04,16,2140,1914.931884765625
2022-03-04,17,2301,2257.680908203125
2022-03-04,18,2460,2382.08447265625
2022-03-04,19,2518,2545.724365234375
2022-03-04,20,2464,2474.79833984375
2022-03-04,21,2375,2299.61474609375
2022-03-04,22,2267,2123.232421875
2022-03-04,23,2111,1945.1982421875
2022-03-04,24,1997,1846.5194091796875
2022-03-05,1,1986,1767.196044921875
2022-03-05,2,1896,1711.61279296875
2022-03-05,3,1803,1679.4549560546875
2022-03-05,4,1779,1671.131103515625
2022-03-05,5,1796,1713.8388671875
2022-03-05,6,1846,1786.0963134765625
2022-03-05,7,1905,1804.5330810546875
2022-03-05,8,2014,1810.73681640625
2022-03-05,9,2015,1738.8419189453125
2022-03-05,10,1812,1873.5252685546875
2022-03-05,11,1718,1785.6419677734375
2022-03-05,12,1687,1614.310791015625
2022-03-05,13,1624,1612.215087890625
2022-03-05,14,1501,1616.51123046875
2022-03-05,15,1629,1744.98193359375
2022-03-05,16,1801,1885.9337158203125
2022-03-05,17,2056,2000.4149169921875
2022-03-05,18,2340,2258.93408203125
2022-03-05,19,2475,2472.423095703125
2022-03-05,20,2446,2406.465576171875
2022-03-05,21,2380,2267.641357421875
2022-03-05,22,2274,2151.88818359375
2022-03-05,23,2155,1976.110595703125
2022-03-05,24,2039,1869.6297607421875
2022-03-06,1,1963,1811.2938232421875
2022-03-06,2,1889,1758.455810546875
2022-03-06,3,1833,1730.4603271484375
2022-03-06,4,1824,1724.505859375
2022-03-06,5,1860,1780.450439453125
2022-03-06,6,1883,1874.1776123046875
2022-03-06,7,1902,1894.5799560546875
2022-03-06,8,1838,1809.3369140625
2022-03-06,9,1755,1719.6029052734375
2022-03-06,10,1595,1542.8087158203125
2022-03-06,11,1426,1388.877197265625
2022-03-06,12,1343,1339.10009765625
2022-03-06,13,1351,1351.7840576171875
2022-03-06,14,1413,1490.1326904296875
2022-03-06,15,1473,1616.244384765625
2022-03-06,16,1689,1721.59814453125
2022-03-06,17,1946,1930.5186767578125
2022-03-06,18,2220,2199.01904296875
2022-03-06,19,2432,2392.8251953125
2022-03-06,20,2419,2347.23046875
2022-03-06,21,2346,2232.083740234375
2022-03-06,22,2284,2116.4052734375
2022-03-06,23,2239,1971.00439453125
2022-03-06,24,1970,1899.9342041015625
2022-03-07,1,1916,1867.8592529296875
2022-03-07,2,1850,1832.2662353515625
2022-03-07,3,1823,1826.3902587890625
2022-03-07,4,1836,1854.2735595703125
2022-03-07,5,1918,1961.485595703125
2022-03-07,6,2089,2193.183837890625
2022-03-07,7,2242,2367.132568359375
2022-03-07,8,2211,2231.72998046875
2022-03-07,9,1996,1993.695556640625
2022-03-07,10,1725,1683.7489013671875
2022-03-07,11,1530,1547.214599609375
2022-03-07,12,1384,1500.1202392578125
2022-03-07,13,1411,1466.59130859375
2022-03-07,14,1514,1499.516357421875
2022-03-07,15,1667,1661.132080078125
2022-03-07,16,1879,1847.968017578125
2022-03-07,17,2207,2087.157958984375
2022-03-07,18,2419,2333.7646484375
2022-03-07,19,2590,2486.5439453125
2022-03-07,20,2537,2407.821044921875
2022-03-07,21,2445,2270.17041015625
2022-03-07,22,2298,2132.525634765625
2022-03-07,23,2117,1994.810302734375
2022-03-07,24,1994,1896.5401611328125
2022-03-08,1,1969,1830.1014404296875
2022-03-08,2,2024,1795.6358642578125
2022-03-08,3,1837,1771.3731689453125
2022-03-08,4,1847,1819.48974609375
2022-03-08,5,1935,1931.3038330078125
2022-03-08,6,2107,2106.581298828125
2022-03-08,7,2234,2265.839599609375
2022-03-08,8,2123,2209.486083984375
2022-03-08,9,1903,1961.05029296875
2022-03-08,10,1701,1691.3143310546875
2022-03-08,11,1494,1531.3321533203125
2022-03-08,12,1453,1506.7637939453125
2022-03-08,13,1437,1471.988525390625
2022-03-08,14,1490,1501.9412841796875
2022-03-08,15,1615,1645.1884765625
2022-03-08,16,1891,1847.343505859375
2022-03-08,17,2195,2072.00146484375
2022-03-08,18,2397,2304.35009765625
2022-03-08,19,2559,2493.3994140625
2022-03-08,20,2507,2450.362548828125
2022-03-08,21,2413,2290.212890625
2022-03-08,22,2283,2141.458251953125
2022-03-08,23,2114,2019.7783203125
2022-03-08,24,1970,1915.3206787109375
2022-03-09,1,1927,1833.237060546875
2022-03-09,2,1866,1802.63427734375
2022-03-09,3,1829,1773.0400390625
2022-03-09,4,1841,1831.4024658203125
2022-03-09,5,1928,1937.155029296875
2022-03-09,6,2076,2105.0146484375
2022-03-09,7,2216,2252.849853515625
2022-03-09,8,2165,2209.486083984375
2022-03-09,9,1934,1920.6475830078125
2022-03-09,10,1654,1682.776123046875
2022-03-09,11,1515,1534.431640625
2022-03-09,12,1405,1485.8800048828125
2022-03-09,13,1427,1474.903076171875
2022-03-09,14,1490,1501.9412841796875
2022-03-09,15,1692,1650.677978515625
2022-03-09,16,1948,1847.968017578125
2022-03-09,17,2207,2061.2802734375
2022-03-09,18,2383,2306.051513671875
2022-03-09,19,2510,2495.993896484375
2022-03-09,20,2514,2446.175537109375
2022-03-09,21,2435,2293.86962890625
2022-03-09,22,2315,2119.5263671875
2022-03-09,23,2222,1950.484375
2022-03-09,24,1955,1846.1922607421875
2022-03-10,1,1929,1778.16748046875
2022-03-10,2,1953,1717.2957763671875
2022-03-10,3,1893,1696.7418212890625
2022-03-10,4,1809,1751.3785400390625
2022-03-10,5,1861,1866.473876953125
2022-03-10,6,1977,2026.775634765625
2022-03-10,7,2138,2157.90673828125
2022-03-10,8,2193,2152.330810546875
2022-03-10,9,2016,2110.067138671875
2022-03-10,10,1802,2200.91796875
2022-03-10,11,1728,1964.51806640625
2022-03-10,12,1638,1998.6539306640625
2022-03-10,13,1477,2178.698486328125
2022-03-10,14,1531,1863.6502685546875
2022-03-10,15,1721,1875.6827392578125
2022-03-10,16,2030,1965.392822265625
2022-03-10,17,2210,2101.381591796875
2022-03-10,18,2408,2331.559814453125
2022-03-10,19,2569,2486.5439453125
2022-03-10,20,2508,2428.862548828125
2022-03-10,21,2399,2281.808349609375
2022-03-10,22,2264,2119.36279296875
2022-03-10,23,2090,1989.0142822265625
2022-03-10,24,1960,1897.8397216796875
2022-03-11,1,1913,1829.4307861328125
2022-03-11,2,1852,1778.760986328125
2022-03-11,3,1816,1771.3731689453125
2022-03-11,4,1822,1824.28857421875
2022-03-11,5,1890,1964.7606201171875
2022-03-11,6,2037,2133.85888671875
2022-03-11,7,2171,2337.482666015625
2022-03-11,8,2142,2197.251220703125
2022-03-11,9,1944,1960.697265625
2022-03-11,10,1699,1707.5443115234375
2022-03-11,11,1529,1524.0008544921875
2022-03-11,12,1449,1484.2359619140625
2022-03-11,13,1452,1458.9844970703125
2022-03-11,14,1510,1551.9725341796875
2022-03-11,15,1608,1681.3551025390625
2022-03-11,16,1754,1927.1661376953125
2022-03-11,17,2075,2092.67529296875
2022-03-11,18,2328,2313.8310546875
2022-03-11,19,2452,2430.586669921875
2022-03-11,20,2409,2367.0966796875
2022-03-11,21,2334,2300.006103515625
2022-03-11,22,2241,2122.60693359375
2022-03-11,23,2093,1978.899169921875
2022-03-11,24,1974,1896.3294677734375
2022-03-12,1,1924,1811.7259521484375
2022-03-12,2,1857,1751.6409912109375
2022-03-12,3,1810,1733.2899169921875
2022-03-12,4,1802,1741.498046875
2022-03-12,5,1850,1800.2259521484375
2022-03-12,6,1863,1879.35546875
2022-03-12,7,1892,1885.8599853515625
2022-03-12,8,1903,1759.979248046875
2022-03-12,9,1754,1555.9295654296875
2022-03-12,10,1522,1442.7999267578125
2022-03-12,11,1368,1303.846923828125
2022-03-12,12,1244,1242.5302734375
2022-03-12,13,1208,1224.6201171875
2022-03-12,14,1186,1325.1134033203125
2022-03-12,15,1311,1471.4093017578125
2022-03-12,16,1611,1735.08056640625
2022-03-12,17,1938,1917.4036865234375
2022-03-12,18,2186,2161.435791015625
2022-03-12,19,2338,2282.1220703125
2022-03-12,20,2302,2254.900390625
2022-03-12,21,2229,2209.003173828125
2022-03-12,22,2148,2073.587158203125
2022-03-12,23,2013,1921.159423828125
2022-03-12,24,1896,1814.184326171875
2022-03-13,1,1813,1773.7034912109375
2022-03-13,2,1761,1722.6265869140625
2022-03-13,3,1724,1700.913818359375
2022-03-13,4,1676,1683.1036376953125
2022-03-13,5,1687,1713.3714599609375
2022-03-13,6,1755,1851.9302978515625
2022-03-13,7,1788,1876.5384521484375
2022-03-13,8,1763,1789.8079833984375
2022-03-13,9,1685,1605.3388671875
2022-03-13,10,1580,1441.50439453125
2022-03-13,11,1557,1290.0584716796875
2022-03-13,12,1415,1203.6826171875
2022-03-13,13,1243,1178.112060546875
2022-03-13,14,1250,1253.448974609375
2022-03-13,15,1357,1429.788818359375
2022-03-13,16,1566,1685.412841796875
2022-03-13,17,1948,1886.406494140625
2022-03-13,18,2202,2138.727783203125
2022-03-13,19,2368,2270.623291015625
2022-03-13,20,2333,2244.463623046875
2022-03-13,21,2223,2198.470947265625
2022-03-13,22,2069,2053.418212890625
2022-03-13,23,1931,1923.7623291015625
2022-03-13,24,1877,1855.503662109375
2022-03-14,1,1820,1803.5704345703125
2022-03-14,2,1793,1747.004150390625
2022-03-14,3,1790,1747.091796875
2022-03-14,4,1818,1796.774658203125
2022-03-14,5,1970,1893.2823486328125
2022-03-14,6,2180,2051.995361328125
2022-03-14,7,2246,2191.835693359375
2022-03-14,8,2109,2156.330078125
2022-03-14,9,1945,1920.70068359375
2022-03-14,10,1700,1688.5771484375
2022-03-14,11,1553,1531.99462890625
2022-03-14,12,1494,1484.4989013671875
2022-03-14,13,1464,1506.5074462890625
2022-03-14,14,1561,1579.140869140625
2022-03-14,15,1652,1693.917236328125
2022-03-14,16,1883,1926.20361328125
2022-03-14,17,2196,2101.35888671875
2022-03-14,18,2368,2321.28125
2022-03-14,19,2500,2434.40234375
2022-03-14,20,2427,2365.6025390625
2022-03-14,21,2290,2280.3818359375
2022-03-14,22,2113,2117.551513671875
2022-03-14,23,1973,1977.4710693359375
2022-03-14,24,1890,1850.0062255859375
2022-03-15,1,1820,1765.5189208984375
2022-03-15,2,1775,1726.1590576171875
2022-03-15,3,1770,1711.8260498046875
2022-03-15,4,1836,1751.2869873046875
2022-03-15,5,1967,1869.0057373046875
2022-03-15,6,2203,2034.4256591796875
2022-03-15,7,2218,2184.935791015625
2022-03-15,8,2096,2106.30810546875
2022-03-15,9,1871,1827.7484130859375
2022-03-15,10,1716,1658.255126953125
2022-03-15,11,1596,1528.4249267578125
2022-03-15,12,1554,1489.6861572265625
2022-03-15,13,1527,1512.8548583984375
2022-03-15,14,1594,1594.8182373046875
2022-03-15,15,1713,1668.526123046875
2022-03-15,16,1982,1914.1632080078125
2022-03-15,17,2260,2087.42578125
2022-03-15,18,2437,2330.252685546875
2022-03-15,19,2551,2455.41064453125
2022-03-15,20,2437,2364.955322265625
2022-03-15,21,2304,2288.274169921875
2022-03-15,22,2123,2117.593505859375
2022-03-15,23,1981,1953.3599853515625
2022-03-15,24,1914,1841.929931640625
2022-03-16,1,1852,1762.2789306640625
2022-03-16,2,1810,1716.3153076171875
2022-03-16,3,1785,1698.7900390625
2022-03-16,4,1826,1750.103271484375
2022-03-16,5,1951,1864.842529296875
2022-03-16,6,2193,2023.2412109375
2022-03-16,7,2386,2160.05322265625
2022-03-16,8,2395,2166.854248046875
2022-03-16,9,2215,2066.556884765625
2022-03-16,10,1885,1896.2249755859375
2022-03-16,11,1558,1713.3193359375
2022-03-16,12,1397,1601.31298828125
2022-03-16,13,1409,1520.0528564453125
2022-03-16,14,1499,1553.0223388671875
2022-03-16,15,1640,1701.9512939453125
2022-03-16,16,1895,1936.9404296875
2022-03-16,17,2204,2083.40087890625
2022-03-16,18,2388,2276.435302734375
2022-03-16,19,2515,2415.7451171875
2022-03-16,20,2441,2365.6025390625
2022-03-16,21,2303,2284.9052734375
2022-03-16,22,2127,2116.88671875
2022-03-16,23,1981,1977.91064453125
2022-03-16,24,1912,1850.0062255859375
2022-03-17,1,1855,1771.216796875
2022-03-17,2,1863,1727.48046875
2022-03-17,3,1836,1722.7579345703125
2022-03-17,4,1832,1769.75537109375
2022-03-17,5,1957,1866.018798828125
2022-03-17,6,2143,2040.5418701171875
2022-03-17,7,2192,2170.9814453125
2022-03-17,8,2024,2055.72216796875
2022-03-17,9,1791,1798.645751953125
2022-03-17,10,1578,1650.31201171875
2022-03-17,11,1537,1554.6636962890625
2022-03-17,12,1539,1578.17236328125
2022-03-17,13,1584,1741.41064453125
2022-03-17,14,1675,1871.7774658203125
2022-03-17,15,1763,1977.2001953125
2022-03-17,16,1924,2225.814697265625
2022-03-17,17,2216,2423.51513671875
2022-03-17,18,2449,2568.17626953125
2022-03-17,19,2590,2486.4482421875
2022-03-17,20,2607,2392.987060546875
2022-03-17,21,2368,2290.72607421875
2022-03-17,22,2154,2141.30615234375
2022-03-17,23,2029,1941.9188232421875
2022-03-17,24,2036,1840.4349365234375
2022-03-18,1,1883,1774.5712890625
2022-03-18,2,1897,1721.7259521484375
2022-03-18,3,1840,1699.969970703125
2022-03-18,4,1837,1751.113037109375
2022-03-18,5,2005,1866.0155029296875
2022-03-18,6,2136,2029.96484375
2022-03-18,7,2198,2156.927978515625
2022-03-18,8,2021,2054.167236328125
2022-03-18,9,1828,1789.514404296875
2022-03-18,10,1586,1631.44287109375
2022-03-18,11,1516,1603.8204345703125
2022-03-18,12,1449,1504.9404296875
2022-03-18,13,1462,1582.5484619140625
2022-03-18,14,1545,1615.76025390625
2022-03-18,15,1705,1729.953125
2022-03-18,16,1935,2125.45166015625
2022-03-18,17,2173,2303.69384765625
2022-03-18,18,2417,2541.8984375
2022-03-18,19,2552,2480.19970703125
2022-03-18,20,2659,2381.30810546875
2022-03-18,21,2498,2279.707763671875
2022-03-18,22,2149,2123.642333984375
2022-03-18,23,2006,1954.2130126953125
2022-03-18,24,1921,1847.8104248046875
2022-03-19,1,1839,1770.6971435546875
2022-03-19,2,1778,1711.8968505859375
2022-03-19,3,1749,1669.2689208984375
2022-03-19,4,1761,1671.13232421875
2022-03-19,5,1804,1714.5888671875
2022-03-19,6,1875,1775.2801513671875
2022-03-19,7,1900,1804.354736328125
2022-03-19,8,1866,1812.986572265625
2022-03-19,9,1781,1720.4869384765625
2022-03-19,10,1645,1447.59716796875
2022-03-19,11,1458,1304.4122314453125
2022-03-19,12,1280,1207.1748046875
2022-03-19,13,1250,1167.2718505859375
2022-03-19,14,1428,1250.0501708984375
2022-03-19,15,1526,1436.166259765625
2022-03-19,16,1667,1701.312255859375
2022-03-19,17,1979,1908.412109375
2022-03-19,18,2243,2141.08837890625
2022-03-19,19,2349,2283.954833984375
2022-03-19,20,2341,2249.555419921875
2022-03-19,21,2184,2207.94580078125
2022-03-19,22,2057,2062.650390625
2022-03-19,23,1957,1901.7374267578125
2022-03-19,24,1979,1813.2796630859375
2022-03-20,1,2086,1771.4869384765625
2022-03-20,2,2018,1709.7371826171875
2022-03-20,3,1887,1668.4881591796875
2022-03-20,4,1786,1670.2979736328125
2022-03-20,5,1803,1703.333251953125
2022-03-20,6,1855,1777.6883544921875
2022-03-20,7,1872,1805.8310546875
2022-03-20,8,1796,1772.90478515625
2022-03-20,9,1765,1676.2467041015625
2022-03-20,10,1669,1631.0037841796875
2022-03-20,11,1488,1469.9544677734375
2022-03-20,12,1324,1378.4739990234375
2022-03-20,13,1211,1345.6566162109375
2022-03-20,14,1193,1513.927978515625
2022-03-20,15,1316,1537.8590087890625
2022-03-20,16,1563,1832.584228515625
2022-03-20,17,1856,1947.7584228515625
2022-03-20,18,2172,2160.79052734375
2022-03-20,19,2392,2265.875244140625
2022-03-20,20,2410,2249.87158203125
2022-03-20,21,2205,2177.462890625
2022-03-20,22,2066,2036.478759765625
2022-03-20,23,1900,1896.6126708984375
2022-03-20,24,1843,1809.389892578125
2022-03-21,1,1779,1778.1385498046875
2022-03-21,2,1732,1743.08740234375
2022-03-21,3,1729,1738.7042236328125
2022-03-21,4,1792,1779.5933837890625
2022-03-21,5,1937,1880.911376953125
2022-03-21,6,2129,2049.75830078125
2022-03-21,7,2162,2197.61328125
2022-03-21,8,1995,2068.510009765625
2022-03-21,9,1764,1794.9442138671875
2022-03-21,10,1572,1616.275634765625
2022-03-21,11,1441,1514.2479248046875
2022-03-21,12,1409,1472.5341796875
2022-03-21,13,1429,1451.9727783203125
2022-03-21,14,1558,1547.1126708984375
2022-03-21,15,1629,1691.6907958984375
2022-03-21,16,1769,1929.2596435546875
2022-03-21,17,2083,2101.248291015625
2022-03-21,18,2322,2291.774658203125
2022-03-21,19,2476,2410.09814453125
2022-03-21,20,2405,2360.800048828125
2022-03-21,21,2269,2278.60595703125
2022-03-21,22,2093,2109.52978515625
2022-03-21,23,1941,1976.5294189453125
2022-03-21,24,1875,1850.0062255859375
2022-03-22,1,1804,1771.216796875
2022-03-22,2,1767,1714.1700439453125
2022-03-22,3,1776,1696.3760986328125
2022-03-22,4,1814,1745.45849609375
2022-03-22,5,1954,1865.385009765625
2022-03-22,6,2212,2023.2412109375
2022-03-22,7,2295,2117.190673828125
2022-03-22,8,2092,2044.6990966796875
2022-03-22,9,1834,1820.618408203125
2022-03-22,10,1581,1615.9893798828125
2022-03-22,11,1500,1796.7017822265625
2022-03-22,12,1496,1814.7987060546875
2022-03-22,13,1490,1745.4478759765625
2022-03-22,14,1582,1978.6212158203125
2022-03-22,15,1768,2133.262451171875
2022-03-22,16,1981,2368.22412109375
2022-03-22,17,2278,2503.94677734375
2022-03-22,18,2511,2568.17626953125
2022-03-22,19,2586,2536.468505859375
2022-03-22,20,2512,2501.39013671875
2022-03-22,21,2363,2353.529052734375
2022-03-22,22,2173,2183.728759765625
2022-03-22,23,2001,1993.7216796875
2022-03-22,24,1923,1849.6846923828125
2022-03-23,1,1847,1772.3409423828125
2022-03-23,2,1789,1715.22216796875
2022-03-23,3,1779,1699.1929931640625
2022-03-23,4,1814,1745.180908203125
2022-03-23,5,1934,1864.842529296875
2022-03-23,6,2102,2023.912109375
2022-03-23,7,2162,2128.790771484375
2022-03-23,8,2097,2091.776123046875
2022-03-23,9,1871,1917.8941650390625
2022-03-23,10,1779,2142.970947265625
2022-03-23,11,1745,2064.659912109375
2022-03-23,12,1666,1944.331298828125
2022-03-23,13,1654,2109.460693359375
2022-03-23,14,1783,2246.254150390625
2022-03-23,15,1968,2338.64697265625
2022-03-23,16,2166,2575.311279296875
2022-03-23,17,2440,2650.650390625
2022-03-23,18,2700,2873.5166015625
2022-03-23,19,2916,2795.403564453125
2022-03-23,20,2832,2653.12060546875
2022-03-23,21,2450,2349.624755859375
2022-03-23,22,2250,2142.081298828125
2022-03-23,23,2071,1943.9698486328125
2022-03-23,24,1957,1844.18505859375
2022-03-24,1,1870,1774.63916015625
2022-03-24,2,1807,1713.619140625
2022-03-24,3,1772,1697.039794921875
2022-03-24,4,1816,1745.6370849609375
2022-03-24,5,1939,1861.4384765625
2022-03-24,6,2098,2011.473876953125
2022-03-24,7,2183,2122.924560546875
2022-03-24,8,2041,2034.736083984375
2022-03-24,9,1825,1865.4072265625
2022-03-24,10,1693,1783.1956787109375
2022-03-24,11,1571,1853.9326171875
2022-03-24,12,1538,1819.904296875
2022-03-24,13,1627,1824.65234375
2022-03-24,14,1704,1911.671630859375
2022-03-24,15,2021,1991.05078125
2022-03-24,16,2193,2365.380859375
2022-03-24,17,2382,2477.4677734375
2022-03-24,18,2560,2659.844482421875
2022-03-24,19,2632,2577.697998046875
2022-03-24,20,2552,2401.246826171875
2022-03-24,21,2410,2258.08056640625
2022-03-24,22,2210,2113.10400390625
2022-03-24,23,2073,1942.666259765625
2022-03-24,24,2005,1844.18505859375
2022-03-25,1,1895,1774.63916015625
2022-03-25,2,1827,1722.804443359375
2022-03-25,3,1774,1696.7901611328125
2022-03-25,4,1807,1740.8858642578125
2022-03-25,5,1927,1856.4073486328125
2022-03-25,6,2111,2018.163818359375
2022-03-25,7,2118,2131.334716796875
2022-03-25,8,2064,2055.8447265625
2022-03-25,9,1956,1873.40869140625
2022-03-25,10,1860,1657.348388671875
2022-03-25,11,1717,1560.4652099609375
2022-03-25,12,1541,1513.2576904296875
2022-03-25,13,1639,1607.5731201171875
2022-03-25,14,1719,1634.50537109375
2022-03-25,15,1804,1756.763427734375
2022-03-25,16,1995,2153.42626953125
2022-03-25,17,2237,2192.47998046875
2022-03-25,18,2473,2357.503662109375
2022-03-25,19,2651,2441.970947265625
2022-03-25,20,2446,2381.30810546875
2022-03-25,21,2333,2279.707763671875
2022-03-25,22,2203,2110.65771484375
2022-03-25,23,2056,1943.7943115234375
2022-03-25,24,1938,1842.3863525390625
2022-03-26,1,1883,1770.9501953125
2022-03-26,2,1885,1711.1326904296875
2022-03-26,3,1796,1670.3433837890625
2022-03-26,4,1779,1685.4776611328125
2022-03-26,5,1800,1723.1820068359375
2022-03-26,6,1849,1779.489013671875
2022-03-26,7,1874,1789.239990234375
2022-03-26,8,1815,1807.373046875
2022-03-26,9,1590,1729.990966796875
2022-03-26,10,1373,1662.7142333984375
2022-03-26,11,1253,1376.406005859375
2022-03-26,12,1185,1226.45751953125
2022-03-26,13,1144,1215.6298828125
2022-03-26,14,1191,1302.501708984375
2022-03-26,15,1380,1463.9918212890625
2022-03-26,16,1657,1730.6370849609375
2022-03-26,17,1973,1924.768798828125
2022-03-26,18,2202,2152.3701171875
2022-03-26,19,2317,2276.557861328125
2022-03-26,20,2282,2255.839111328125
2022-03-26,21,2189,2186.978515625
2022-03-26,22,2050,2046.0618896484375
2022-03-26,23,1933,1921.2183837890625
2022-03-26,24,1864,1815.6893310546875
2022-03-27,1,1785,1766.9749755859375
2022-03-27,2,1727,1701.82763671875
2022-03-27,3,1698,1667.3927001953125
2022-03-27,4,1697,1672.2034912109375
2022-03-27,5,1728,1711.322509765625
2022-03-27,6,1768,1775.0458984375
2022-03-27,7,1802,1775.485595703125
2022-03-27,8,1722,1805.3505859375
2022-03-27,9,1585,1711.63818359375
2022-03-27,10,1382,1452.723876953125
2022-03-27,11,1205,1287.1693115234375
2022-03-27,12,1051,1194.92626953125
2022-03-27,13,1003,1173.890625
2022-03-27,14,1104,1278.66552734375
2022-03-27,15,1276,1469.582275390625
2022-03-27,16,1571,1693.501220703125
2022-03-27,17,1948,1880.7374267578125
2022-03-27,18,2162,2124.782470703125
2022-03-27,19,2305,2267.431640625
2022-03-27,20,2271,2251.6240234375
2022-03-27,21,2184,2212.037353515625
2022-03-27,22,2013,2074.67724609375
2022-03-27,23,1896,1899.349609375
2022-03-27,24,1882,1814.93603515625
2022-03-28,1,1777,1768.5408935546875
2022-03-28,2,1706,1718.8331298828125
2022-03-28,3,1721,1692.27734375
2022-03-28,4,1804,1745.2369384765625
2022-03-28,5,1904,1871.36474609375
2022-03-28,6,2032,2016.4586181640625
2022-03-28,7,2065,2137.949951171875
2022-03-28,8,2046,2133.01806640625
2022-03-28,9,1986,2139.267578125
2022-03-28,10,2061,2066.989501953125
2022-03-28,11,2072,1954.9423828125
2022-03-28,12,2189,1809.4193115234375
2022-03-28,13,2228,1966.4884033203125
2022-03-28,14,2180,2324.87744140625
2022-03-28,15,2098,2257.1220703125
2022-03-28,16,1978,2337.71728515625
2022-03-28,17,2121,2358.228515625
2022-03-28,18,2384,2331.0947265625
2022-03-28,19,2452,2414.007568359375
2022-03-28,20,2386,2358.265625
2022-03-28,21,2261,2287.976806640625
2022-03-28,22,2091,2141.6240234375
2022-03-28,23,1954,1977.5264892578125
2022-03-28,24,1867,1862.3656005859375
2022-03-29,1,1795,1774.8450927734375
2022-03-29,2,1753,1714.1700439453125
2022-03-29,3,1745,1696.3760986328125
2022-03-29,4,1794,1742.140380859375
2022-03-29,5,1930,1864.842529296875
2022-03-29,6,2095,2023.2412109375
2022-03-29,7,2180,2072.20166015625
2022-03-29,8,2153,2012.8018798828125
2022-03-29,9,1977,1781.035400390625
2022-03-29,10,1756,1631.9478759765625
2022-03-29,11,1715,1591.8929443359375
2022-03-29,12,1730,1630.7962646484375
2022-03-29,13,1628,1643.9127197265625
2022-03-29,14,1594,1794.2716064453125
2022-03-29,15,1648,1868.22607421875
2022-03-29,16,1831,1921.6590576171875
2022-03-29,17,2069,2100.0419921875
2022-03-29,18,2309,2327.4013671875
2022-03-29,19,2425,2413.81787109375
2022-03-29,20,2378,2356.47412109375
2022-03-29,21,2253,2272.915771484375
2022-03-29,22,2080,2100.344482421875
2022-03-29,23,1936,1936.977783203125
2022-03-29,24,1865,1845.8857421875
2022-03-30,1,1801,1771.9521484375
2022-03-30,2,1755,1738.639404296875
2022-03-30,3,1747,1726.5439453125
2022-03-30,4,1805,1743.595947265625
2022-03-30,5,1914,1866.473876953125
2022-03-30,6,2081,2023.912109375
2022-03-30,7,2111,2070.341796875
2022-03-30,8,1973,2005.728759765625
2022-03-30,9,1752,1800.256591796875
2022-03-30,10,1553,1616.275634765625
2022-03-30,11,1355,1521.332275390625
2022-03-30,12,1305,1510.94140625
2022-03-30,13,1365,1507.654052734375
2022-03-30,14,1413,1488.9422607421875
2022-03-30,15,1573,1619.9842529296875
2022-03-30,16,1892,1815.52490234375
2022-03-30,17,2147,2041.73193359375
2022-03-30,18,2311,2355.927978515625
2022-03-30,19,2433,2482.3525390625
2022-03-30,20,2383,2420.186767578125
2022-03-30,21,2241,2281.59423828125
2022-03-30,22,2066,2113.8193359375
2022-03-30,23,1925,1962.5103759765625
2022-03-30,24,1851,1848.2288818359375
2022-03-31,1,1781,1768.5408935546875
2022-03-31,2,1734,1720.4361572265625
2022-03-31,3,1725,1695.8477783203125
2022-03-31,4,1787,1750.714111328125
2022-03-31,5,1886,1866.4771728515625
2022-03-31,6,2074,2018.163818359375
2022-03-31,7,2288,2076.779052734375
2022-03-31,8,2386,2118.10009765625
2022-03-31,9,2303,2120.0029296875
2022-03-31,10,2145,2228.88134765625
2022-03-31,11,2042,2044.7158203125
2022-03-31,12,1950,1925.47900390625
2022-03-31,13,1964,1823.2733154296875
2022-03-31,14,2121,1824.856689453125
2022-03-31,15,2227,1912.917236328125
2022-03-31,16,2302,2029.257568359375
2022-03-31,17,2290,2292.1923828125
2022-03-31,18,2359,2471.1962890625
2022-03-31,19,2448,2549.099853515625
2022-03-31,20,2397,2464.297607421875
2022-03-31,21,2258,2316.921142578125
2022-03-31,22,2085,2163.3486328125
2022-03-31,23,1943,1974.2232666015625
2022-03-31,24,1892,1848.2288818359375
2022-04-01,1,1856,1746.2786865234375
2022-04-01,2,1817,1708.6082763671875
2022-04-01,3,1754,1697.60009765625
2022-04-01,4,1796,1702.70263671875
2022-04-01,5,1922,1802.6710205078125
2022-04-01,6,2123,1928.9725341796875
2022-04-01,7,2251,2026.4373779296875
2022-04-01,8,2218,1992.777587890625
2022-04-01,9,2036,1935.48828125
2022-04-01,10,1878,1661.9212646484375
2022-04-01,11,1778,1445.1357421875
2022-04-01,12,1694,1461.1558837890625
2022-04-01,13,1555,1450.72607421875
2022-04-01,14,1535,1527.29541015625
2022-04-01,15,1587,1642.946533203125
2022-04-01,16,1753,1860.0355224609375
2022-04-01,17,2024,2022.7415771484375
2022-04-01,18,2199,2214.921630859375
2022-04-01,19,2367,2343.8701171875
2022-04-01,20,2347,2311.03173828125
2022-04-01,21,2227,2225.328369140625
2022-04-01,22,2093,2019.930908203125
2022-04-01,23,1979,1868.4246826171875
2022-04-01,24,1899,1828.8021240234375
2022-04-02,1,1838,1746.201904296875
2022-04-02,2,1850,1675.1546630859375
2022-04-02,3,1827,1653.5433349609375
2022-04-02,4,1724,1662.1920166015625
2022-04-02,5,1761,1691.2041015625
2022-04-02,6,1849,1678.4422607421875
2022-04-02,7,1975,1757.9703369140625
2022-04-02,8,2072,1857.4508056640625
2022-04-02,9,2268,1877.328125
2022-04-02,10,2259,1614.232177734375
2022-04-02,11,2103,1628.413330078125
2022-04-02,12,2064,1765.4046630859375
2022-04-02,13,2077,1852.2740478515625
2022-04-02,14,2062,1799.78271484375
2022-04-02,15,2134,1925.75634765625
2022-04-02,16,2145,1958.3314208984375
2022-04-02,17,2206,2197.375732421875
2022-04-02,18,2248,2282.54296875
2022-04-02,19,2300,2377.5908203125
2022-04-02,20,2253,2268.970458984375
2022-04-02,21,2169,2195.470458984375
2022-04-02,22,2035,2038.96337890625
2022-04-02,23,1934,1909.9302978515625
2022-04-02,24,1848,1825.4453125
2022-04-03,1,1786,1759.0701904296875
2022-04-03,2,1736,1704.8291015625
2022-04-03,3,1704,1674.936767578125
2022-04-03,4,1711,1656.5379638671875
2022-04-03,5,1740,1685.6224365234375
2022-04-03,6,1786,1678.4422607421875
2022-04-03,7,1909,1754.129638671875
2022-04-03,8,2093,1830.5799560546875
2022-04-03,9,2288,1877.94482421875
2022-04-03,10,2201,1754.4034423828125
2022-04-03,11,2022,1801.019287109375
2022-04-03,12,1924,1773.09765625
2022-04-03,13,1934,1884.0487060546875
2022-04-03,14,1899,1802.5137939453125
2022-04-03,15,1932,1929.75830078125
2022-04-03,16,2035,2048.833984375
2022-04-03,17,2187,2097.302490234375
2022-04-03,18,2281,2228.211669921875
2022-04-03,19,2377,2389.57421875
2022-04-03,20,2307,2231.70068359375
2022-04-03,21,2204,2163.267578125
2022-04-03,22,2046,1998.5831298828125
2022-04-03,23,1902,1875.751708984375
2022-04-03,24,1834,1801.8397216796875
2022-04-04,1,1789,1749.5997314453125
2022-04-04,2,1827,1690.0599365234375
2022-04-04,3,1805,1668.6649169921875
2022-04-04,4,1795,1704.9600830078125
2022-04-04,5,1914,1783.8284912109375
2022-04-04,6,2074,1905.397216796875
2022-04-04,7,2156,1947.7987060546875
2022-04-04,8,2100,1984.5020751953125
2022-04-04,9,1919,1932.007080078125
2022-04-04,10,1629,1764.4166259765625
2022-04-04,11,1479,1623.1832275390625
2022-04-04,12,1425,1529.6854248046875
2022-04-04,13,1409,1421.912841796875
2022-04-04,14,1481,1459.7615966796875
2022-04-04,15,1552,1607.545166015625
2022-04-04,16,1834,1821.2060546875
2022-04-04,17,2178,2017.8577880859375
2022-04-04,18,2412,2211.5341796875
2022-04-04,19,2488,2371.205810546875
2022-04-04,20,2426,2358.706787109375
2022-04-04,21,2313,2239.0029296875
2022-04-04,22,2120,2051.1015625
2022-04-04,23,1997,1867.344970703125
2022-04-04,24,1898,1814.9764404296875
2022-04-05,1,1833,1684.16943359375
2022-04-05,2,1788,1538.886474609375
2022-04-05,3,1786,1654.1937255859375
2022-04-05,4,1861,1708.5086669921875
2022-04-05,5,2009,1820.1510009765625
2022-04-05,6,2087,1946.311767578125
2022-04-05,7,2122,2025.8929443359375
2022-04-05,8,2041,1997.8870849609375
2022-04-05,9,1940,1836.2545166015625
2022-04-05,10,1764,1611.220703125
2022-04-05,11,1614,1485.056640625
2022-04-05,12,1477,1430.5509033203125
2022-04-05,13,1412,1441.471435546875
2022-04-05,14,1503,1507.9749755859375
2022-04-05,15,1604,1644.021728515625
2022-04-05,16,1868,1838.419189453125
2022-04-05,17,2180,2065.9384765625
2022-04-05,18,2390,2300.8779296875
2022-04-05,19,2515,2402.71435546875
2022-04-05,20,2474,2395.861328125
2022-04-05,21,2345,2277.46826171875
2022-04-05,22,2158,2119.298828125
2022-04-05,23,2000,1946.9638671875
2022-04-05,24,1937,1854.0897216796875
2022-04-06,1,1862,1755.463623046875
2022-04-06,2,1808,1685.7791748046875
2022-04-06,3,1792,1672.740234375
2022-04-06,4,1837,1701.6571044921875
2022-04-06,5,1947,1810.6273193359375
2022-04-06,6,2117,1925.056884765625
2022-04-06,7,2229,2044.576416015625
2022-04-06,8,2179,1877.292236328125
2022-04-06,9,1885,1691.4083251953125
2022-04-06,10,1682,1686.4580078125
2022-04-06,11,1591,1758.0780029296875
2022-04-06,12,1595,1844.3819580078125
2022-04-06,13,1599,1927.007568359375
2022-04-06,14,1667,1904.211669921875
2022-04-06,15,1878,2077.912841796875
2022-04-06,16,2132,2231.7451171875
2022-04-06,17,2424,2422.099853515625
2022-04-06,18,2585,2509.934326171875
2022-04-06,19,2679,2630.59521484375
2022-04-06,20,2601,2498.815185546875
2022-04-06,21,2450,2332.33154296875
2022-04-06,22,2249,2164.492919921875
2022-04-06,23,2080,1964.7628173828125
2022-04-06,24,2014,1864.4407958984375
2022-04-07,1,1926,1774.98681640625
2022-04-07,2,1895,1709.44677734375
2022-04-07,3,1873,1701.8143310546875
2022-04-07,4,1879,1766.810302734375
2022-04-07,5,1957,1858.7991943359375
2022-04-07,6,2111,1875.50244140625
2022-04-07,7,2197,1913.26416015625
2022-04-07,8,2118,1853.03173828125
2022-04-07,9,2073,1862.567138671875
2022-04-07,10,1918,2092.0693359375
2022-04-07,11,1809,2264.734130859375
2022-04-07,12,1849,2397.91455078125
2022-04-07,13,2012,2489.21923828125
2022-04-07,14,2196,2540.736572265625
2022-04-07,15,2465,2661.725830078125
2022-04-07,16,2745,3294.044677734375
2022-04-07,17,3029,3512.308837890625
2022-04-07,18,3134,3431.192626953125
2022-04-07,19,3134,3432.816162109375
2022-04-07,20,2995,3249.599853515625
2022-04-07,21,2792,2838.551025390625
2022-04-07,22,2538,2588.564208984375
2022-04-07,23,2336,2329.87451171875
2022-04-07,24,2178,2155.53662109375
2022-04-08,1,2071,1915.033203125
2022-04-08,2,2072,1793.5771484375
2022-04-08,3,2006,1761.5684814453125
2022-04-08,4,1927,1783.1065673828125
2022-04-08,5,2017,1824.3138427734375
2022-04-08,6,2146,1891.407958984375
2022-04-08,7,2165,1985.7344970703125
2022-04-08,8,2066,2106.24365234375
2022-04-08,9,2014,2246.797119140625
2022-04-08,10,2031,2353.806396484375
2022-04-08,11,2106,2469.99951171875
2022-04-08,12,2227,2526.701416015625
2022-04-08,13,2371,2560.247314453125
2022-04-08,14,2595,2453.1162109375
2022-04-08,15,2985,2694.33203125
2022-04-08,16,3192,3069.134765625
2022-04-08,17,3283,3528.5517578125
2022-04-08,18,3263,3422.88232421875
2022-04-08,19,3196,3461.67236328125
2022-04-08,20,3036,3328.577392578125
2022-04-08,21,2845,3045.045166015625
2022-04-08,22,2630,2559.563720703125
2022-04-08,23,2412,2371.129638671875
2022-04-08,24,2208,2229.966064453125
2022-04-09,1,2067,1886.04248046875
2022-04-09,2,1947,1778.3050537109375
2022-04-09,3,1894,1670.46533203125
2022-04-09,4,1867,1677.3157958984375
2022-04-09,5,1912,1678.40283203125
2022-04-09,6,1892,1664.880126953125
2022-04-09,7,1922,1649.0103759765625
2022-04-09,8,1946,1616.981201171875
2022-04-09,9,1867,1690.7230224609375
2022-04-09,10,1594,1703.5408935546875
2022-04-09,11,1480,1779.57275390625
2022-04-09,12,1424,1691.1448974609375
2022-04-09,13,1428,1750.213623046875
2022-04-09,14,1540,1692.06396484375
2022-04-09,15,1718,1793.2955322265625
2022-04-09,16,1972,1802.7802734375
2022-04-09,17,2207,2024.09326171875
2022-04-09,18,2378,2185.24072265625
2022-04-09,19,2446,2288.536376953125
2022-04-09,20,2401,2276.456298828125
2022-04-09,21,2300,2180.218017578125
2022-04-09,22,2158,2061.239501953125
2022-04-09,23,2027,1909.004638671875
2022-04-09,24,1959,1824.6363525390625
2022-04-10,1,1860,1756.7294921875
2022-04-10,2,1823,1685.51904296875
2022-04-10,3,1845,1655.3050537109375
2022-04-10,4,1744,1641.298828125
2022-04-10,5,1757,1671.48291015625
2022-04-10,6,1800,1690.962646484375
2022-04-10,7,1924,1712.294677734375
2022-04-10,8,2082,1739.07861328125
2022-04-10,9,2097,1647.797119140625
2022-04-10,10,1961,1465.8084716796875
2022-04-10,11,1693,1333.9945068359375
2022-04-10,12,1418,1262.79345703125
2022-04-10,13,1347,1265.4385986328125
2022-04-10,14,1353,1305.7279052734375
2022-04-10,15,1494,1466.37353515625
2022-04-10,16,1772,1683.4381103515625
2022-04-10,17,2030,1900.978759765625
2022-04-10,18,2216,2131.036865234375
2022-04-10,19,2328,2239.74658203125
2022-04-10,20,2298,2235.121826171875
2022-04-10,21,2194,2180.218017578125
2022-04-10,22,2060,2069.59228515625
2022-04-10,23,1922,1908.544677734375
2022-04-10,24,1862,1825.632080078125
2022-04-11,1,1809,1756.3212890625
2022-04-11,2,1755,1690.244384765625
2022-04-11,3,1740,1680.58837890625
2022-04-11,4,1786,1710.0313720703125
2022-04-11,5,1901,1800.7706298828125
2022-04-11,6,2019,1887.0472412109375
2022-04-11,7,2076,1944.766357421875
2022-04-11,8,2098,1994.0223388671875
2022-04-11,9,2029,1921.1732177734375
2022-04-11,10,1847,1744.0635986328125
2022-04-11,11,1674,1666.1533203125
2022-04-11,12,1452,1581.4000244140625
2022-04-11,13,1334,1495.774658203125
2022-04-11,14,1375,1449.9053955078125
2022-04-11,15,1635,1569.912353515625
2022-04-11,16,1954,1784.1304931640625
2022-04-11,17,2200,2017.029296875
2022-04-11,18,2399,2214.62548828125
2022-04-11,19,2478,2342.05859375
2022-04-11,20,2416,2318.642333984375
2022-04-11,21,2294,2251.22021484375
2022-04-11,22,2120,2085.816650390625
2022-04-11,23,1973,1944.02783203125
2022-04-11,24,1939,1850.40283203125
2022-04-12,1,1843,1757.9437255859375
2022-04-12,2,1848,1703.098876953125
2022-04-12,3,1816,1654.1937255859375
2022-04-12,4,1799,1708.5086669921875
2022-04-12,5,1935,1820.1510009765625
2022-04-12,6,2053,1949.4144287109375
2022-04-12,7,2077,2008.1339111328125
2022-04-12,8,2001,1984.32763671875
2022-04-12,9,1930,1752.4735107421875
2022-04-12,10,1713,1507.848388671875
2022-04-12,11,1498,1425.6309814453125
2022-04-12,12,1373,1368.4012451171875
2022-04-12,13,1377,1369.71630859375
2022-04-12,14,1459,1439.259033203125
2022-04-12,15,1506,1554.8209228515625
2022-04-12,16,1715,1769.76123046875
2022-04-12,17,2009,1986.138916015625
2022-04-12,18,2249,2169.7451171875
2022-04-12,19,2427,2355.81201171875
2022-04-12,20,2399,2319.8798828125
2022-04-12,21,2278,2193.367919921875
2022-04-12,22,2118,2027.9049072265625
2022-04-12,23,1974,1876.771484375
2022-04-12,24,1896,1784.726806640625
2022-04-13,1,1835,1702.219482421875
2022-04-13,2,1787,1649.2279052734375
2022-04-13,3,1772,1655.2078857421875
2022-04-13,4,1831,1705.5404052734375
2022-04-13,5,1981,1821.326171875
2022-04-13,6,2092,1987.57763671875
2022-04-13,7,2063,1986.56103515625
2022-04-13,8,1871,1798.7164306640625
2022-04-13,9,1710,1593.8502197265625
2022-04-13,10,1616,1454.373046875
2022-04-13,11,1487,1422.194091796875
2022-04-13,12,1351,1376.9425048828125
2022-04-13,13,1243,1361.403076171875
2022-04-13,14,1356,1449.30908203125
2022-04-13,15,1443,1561.290283203125
2022-04-13,16,1685,1784.723876953125
2022-04-13,17,2015,2007.76123046875
2022-04-13,18,2236,2176.722900390625
2022-04-13,19,2413,2353.133056640625
2022-04-13,20,2401,2323.90673828125
2022-04-13,21,2309,2191.037109375
2022-04-13,22,2116,2022.75048828125
2022-04-13,23,1958,1882.4384765625
2022-04-13,24,1905,1791.24560546875
2022-04-14,1,1836,1711.574462890625
2022-04-14,2,1793,1673.741455078125
2022-04-14,3,1780,1688.994873046875
2022-04-14,4,1832,1737.21728515625
2022-04-14,5,1966,1862.9739990234375
2022-04-14,6,2076,2001.36279296875
2022-04-14,7,2023,1984.802001953125
2022-04-14,8,1874,1806.4267578125
2022-04-14,9,1690,1643.279052734375
2022-04-14,10,1534,1506.82861328125
2022-04-14,11,1517,1422.194091796875
2022-04-14,12,1377,1400.814208984375
2022-04-14,13,1374,1388.99072265625
2022-04-14,14,1386,1449.30908203125
2022-04-14,15,1444,1582.67919921875
2022-04-14,16,1738,1778.5565185546875
2022-04-14,17,2077,2008.12646484375
2022-04-14,18,2257,2215.138671875
2022-04-14,19,2412,2353.133056640625
2022-04-14,20,2393,2331.47900390625
2022-04-14,21,2278,2191.7666015625
2022-04-14,22,2117,2034.5728759765625
2022-04-14,23,2007,1867.344970703125
2022-04-14,24,1903,1814.9764404296875
2022-04-15,1,1832,1715.1787109375
2022-04-15,2,1793,1680.3499755859375
2022-04-15,3,1787,1658.4674072265625
2022-04-15,4,1811,1690.2349853515625
2022-04-15,5,1900,1802.9144287109375
2022-04-15,6,2011,1933.7281494140625
2022-04-15,7,2067,1959.330322265625
2022-04-15,8,1991,1843.268798828125
2022-04-15,9,1736,1732.9913330078125
2022-04-15,10,1633,1558.6170654296875
2022-04-15,11,1481,1440.560791015625
2022-04-15,12,1317,1408.791748046875
2022-04-15,13,1174,1415.5732421875
2022-04-15,14,1324,1473.3095703125
2022-04-15,15,1452,1624.588134765625
2022-04-15,16,1726,1819.7901611328125
2022-04-15,17,2018,2020.1396484375
2022-04-15,18,2285,2221.38720703125
2022-04-15,19,2391,2353.133056640625
2022-04-15,20,2347,2335.189208984375
2022-04-15,21,2253,2222.9306640625
2022-04-15,22,2124,2097.289306640625
2022-04-15,23,2010,1945.2703857421875
2022-04-15,24,1915,1826.010498046875
2022-04-16,1,1835,1713.2216796875
2022-04-16,2,1773,1636.9002685546875
2022-04-16,3,1738,1620.818603515625
2022-04-16,4,1734,1671.9847412109375
2022-04-16,5,1761,1682.50537109375
2022-04-16,6,1800,1707.36083984375
2022-04-16,7,1852,1672.0718994140625
2022-04-16,8,1826,1718.1925048828125
2022-04-16,9,1831,1733.373046875
2022-04-16,10,1659,1618.386962890625
2022-04-16,11,1404,1526.166748046875
2022-04-16,12,1257,1402.781982421875
2022-04-16,13,1089,1291.3326416015625
2022-04-16,14,1118,1293.00341796875
2022-04-16,15,1267,1399.0029296875
2022-04-16,16,1509,1634.1658935546875
2022-04-16,17,1810,1895.1258544921875
2022-04-16,18,2071,2125.71142578125
2022-04-16,19,2282,2248.736328125
2022-04-16,20,2292,2228.46337890625
2022-04-16,21,2207,2149.187744140625
2022-04-16,22,2072,2065.205810546875
2022-04-16,23,1943,1909.9302978515625
2022-04-16,24,1881,1825.0067138671875
2022-04-17,1,1838,1760.1678466796875
2022-04-17,2,1780,1683.791748046875
2022-04-17,3,1747,1658.509033203125
2022-04-17,4,1743,1641.5633544921875
2022-04-17,5,1726,1663.1121826171875
2022-04-17,6,1729,1677.560791015625
2022-04-17,7,1693,1662.2314453125
2022-04-17,8,1517,1660.474853515625
2022-04-17,9,1355,1513.072509765625
2022-04-17,10,1300,1382.30615234375
2022-04-17,11,1173,1296.639892578125
2022-04-17,12,1086,1231.3099365234375
2022-04-17,13,1036,1225.737060546875
2022-04-17,14,1090,1272.5032958984375
2022-04-17,15,1216,1424.76123046875
2022-04-17,16,1460,1629.1768798828125
2022-04-17,17,1768,1885.024658203125
2022-04-17,18,2062,2115.221923828125
2022-04-17,19,2264,2259.90478515625
2022-04-17,20,2273,2240.3544921875
2022-04-17,21,2180,2123.672119140625
2022-04-17,22,2023,1982.0484619140625
2022-04-17,23,1901,1857.396728515625
2022-04-17,24,1862,1794.02978515625
2022-04-18,1,1778,1715.1787109375
2022-04-18,2,1739,1668.4659423828125
2022-04-18,3,1727,1660.016357421875
2022-04-18,4,1773,1708.0877685546875
2022-04-18,5,1894,1805.4305419921875
2022-04-18,6,2043,1943.686767578125
2022-04-18,7,2065,2002.19921875
2022-04-18,8,2013,1908.17919921875
2022-04-18,9,1764,1726.058837890625
2022-04-18,10,1458,1558.171875
2022-04-18,11,1418,1452.4305419921875
2022-04-18,12,1427,1419.261474609375
2022-04-18,13,1441,1459.580322265625
2022-04-18,14,1513,1497.5074462890625
2022-04-18,15,1667,1641.3399658203125
2022-04-18,16,1881,1863.4637451171875
2022-04-18,17,2132,2081.27783203125
2022-04-18,18,2392,2293.320068359375
2022-04-18,19,2529,2376.674560546875
2022-04-18,20,2487,2352.64892578125
2022-04-18,21,2354,2262.882080078125
2022-04-18,22,2174,2125.02197265625
2022-04-18,23,2038,1946.0587158203125
2022-04-18,24,1964,1851.5987548828125
2022-04-19,1,1890,1755.6748046875
2022-04-19,2,1830,1690.0599365234375
2022-04-19,3,1810,1671.0299072265625
2022-04-19,4,1836,1700.9774169921875
2022-04-19,5,1952,1810.6273193359375
2022-04-19,6,2056,1879.114990234375
2022-04-19,7,2028,1903.181396484375
2022-04-19,8,1835,1894.517333984375
2022-04-19,9,1717,1739.6998291015625
2022-04-19,10,1584,1563.3294677734375
2022-04-19,11,1541,1441.8253173828125
2022-04-19,12,1437,1421.3551025390625
2022-04-19,13,1414,1441.25732421875
2022-04-19,14,1428,1481.73876953125
2022-04-19,15,1580,1613.3963623046875
2022-04-19,16,1750,1795.6072998046875
2022-04-19,17,2082,2017.3472900390625
2022-04-19,18,2327,2221.38720703125
2022-04-19,19,2496,2377.93408203125
2022-04-19,20,2445,2360.104736328125
2022-04-19,21,2329,2232.377197265625
2022-04-19,22,2159,2123.443603515625
2022-04-19,23,2011,1946.984375
2022-04-19,24,1959,1851.9691162109375
2022-04-20,1,1915,1756.3212890625
2022-04-20,2,1871,1690.244384765625
2022-04-20,3,1827,1680.23193359375
2022-04-20,4,1825,1714.1048583984375
2022-04-20,5,1943,1811.7542724609375
2022-04-20,6,2054,1879.114990234375
2022-04-20,7,1970,1873.229248046875
2022-04-20,8,1887,1806.72509765625
2022-04-20,9,1760,1727.650634765625
2022-04-20,10,1671,1586.782470703125
2022-04-20,11,1503,1507.033935546875
2022-04-20,12,1392,1480.6949462890625
2022-04-20,13,1410,1432.9158935546875
2022-04-20,14,1358,1463.68115234375
2022-04-20,15,1515,1579.805419921875
2022-04-20,16,1743,1805.2122802734375
2022-04-20,17,2007,2017.3472900390625
2022-04-20,18,2234,2215.138671875
2022-04-20,19,2425,2353.133056640625
2022-04-20,20,2415,2327.9169921875
2022-04-20,21,2295,2213.71484375
2022-04-20,22,2121,2035.9124755859375
2022-04-20,23,1988,1869.4765625
2022-04-20,24,1963,1771.063720703125
2022-04-21,1,1921,1700.6806640625
2022-04-21,2,1837,1671.140380859375
2022-04-21,3,1808,1672.5623779296875
2022-04-21,4,1819,1697.06396484375
2022-04-21,5,1928,1802.2342529296875
2022-04-21,6,2004,1945.1900634765625
2022-04-21,7,1923,1960.2637939453125
2022-04-21,8,1842,1831.8739013671875
2022-04-21,9,1763,1605.4791259765625
2022-04-21,10,1594,1475.285400390625
2022-04-21,11,1436,1419.687255859375
2022-04-21,12,1352,1404.413330078125
2022-04-21,13,1272,1379.1571044921875
2022-04-21,14,1308,1449.30908203125
2022-04-21,15,1494,1582.67919921875
2022-04-21,16,1712,1773.1007080078125
2022-04-21,17,1921,2008.12646484375
2022-04-21,18,2221,2215.138671875
2022-04-21,19,2358,2353.133056640625
2022-04-21,20,2352,2335.189208984375
2022-04-21,21,2221,2233.586669921875
2022-04-21,22,2055,2126.56787109375
2022-04-21,23,1915,1946.984375
2022-04-21,24,1891,1851.5987548828125
2022-04-22,1,1833,1757.2589111328125
2022-04-22,2,1780,1678.5115966796875
2022-04-22,3,1781,1662.3134765625
2022-04-22,4,1845,1703.255126953125
2022-04-22,5,1865,1804.6510009765625
2022-04-22,6,1990,1939.953857421875
2022-04-22,7,1962,2007.3896484375
2022-04-22,8,1905,2052.813720703125
2022-04-22,9,1847,1813.2646484375
2022-04-22,10,1664,1583.5250244140625
2022-04-22,11,1545,1425.9368896484375
2022-04-22,12,1510,1379.1881103515625
2022-04-22,13,1299,1345.5064697265625
2022-04-22,14,1277,1407.03857421875
2022-04-22,15,1401,1564.14111328125
2022-04-22,16,1602,1778.18798828125
2022-04-22,17,1936,1999.56103515625
2022-04-22,18,2136,2201.74365234375
2022-04-22,19,2303,2338.322509765625
2022-04-22,20,2317,2301.2138671875
2022-04-22,21,2219,2212.4990234375
2022-04-22,22,2068,2022.75048828125
2022-04-22,23,1939,1883.0765380859375
2022-04-22,24,1887,1789.6365966796875
2022-04-23,1,1816,1708.1572265625
2022-04-23,2,1751,1647.452880859375
2022-04-23,3,1717,1642.0181884765625
2022-04-23,4,1719,1648.882568359375
2022-04-23,5,1758,1699.4190673828125
2022-04-23,6,1722,1734.459228515625
2022-04-23,7,1585,1700.8148193359375
2022-04-23,8,1463,1525.2286376953125
2022-04-23,9,1433,1361.5989990234375
2022-04-23,10,1274,1288.415771484375
2022-04-23,11,1131,1271.826904296875
2022-04-23,12,986,1213.33544921875
2022-04-23,13,982,1192.9609375
2022-04-23,14,1120,1272.5032958984375
2022-04-23,15,1292,1418.3731689453125
2022-04-23,16,1536,1623.37109375
2022-04-23,17,1822,1892.4583740234375
2022-04-23,18,2042,2121.591064453125
2022-04-23,19,2244,2267.525146484375
2022-04-23,20,2258,2266.9052734375
2022-04-23,21,2168,2195.384521484375
2022-04-23,22,2032,2071.13818359375
2022-04-23,23,1914,1909.9302978515625
2022-04-23,24,1844,1808.048583984375
2022-04-24,1,1774,1740.206298828125
2022-04-24,2,1713,1695.5614013671875
2022-04-24,3,1678,1685.3924560546875
2022-04-24,4,1688,1641.8524169921875
2022-04-24,5,1693,1697.3597412109375
2022-04-24,6,1656,1729.9228515625
2022-04-24,7,1538,1691.4710693359375
2022-04-24,8,1430,1497.1578369140625
2022-04-24,9,1349,1382.109130859375
2022-04-24,10,1189,1419.42431640625
2022-04-24,11,1072,1346.5477294921875
2022-04-24,12,1040,1409.5203857421875
2022-04-24,13,1108,1515.966552734375
2022-04-24,14,1126,1743.3927001953125
2022-04-24,15,1285,1932.1431884765625
2022-04-24,16,1593,2277.009033203125
2022-04-24,17,1955,2353.7734375
2022-04-24,18,2262,2501.849609375
2022-04-24,19,2433,2589.106689453125
2022-04-24,20,2416,2523.124755859375
2022-04-24,21,2302,2377.490966796875
2022-04-24,22,2123,2183.3681640625
2022-04-24,23,1957,2032.9849853515625
2022-04-24,24,1893,1936.515869140625
2022-04-25,1,1805,1808.996337890625
2022-04-25,2,1764,1684.71923828125
2022-04-25,3,1735,1677.4356689453125
2022-04-25,4,1777,1688.322021484375
2022-04-25,5,1880,1790.0941162109375
2022-04-25,6,1932,1953.9283447265625
2022-04-25,7,1877,1992.6488037109375
2022-04-25,8,1830,1794.2564697265625
2022-04-25,9,1821,1728.9588623046875
2022-04-25,10,1721,1696.793701171875
2022-04-25,11,1657,1809.1539306640625
2022-04-25,12,1658,1854.530029296875
2022-04-25,13,1710,1872.96044921875
2022-04-25,14,1754,2078.134765625
2022-04-25,15,1927,2132.379638671875
2022-04-25,16,2160,2339.142333984375
2022-04-25,17,2459,2464.79296875
2022-04-25,18,2612,2588.60791015625
2022-04-25,19,2697,2683.631103515625
2022-04-25,20,2608,2578.984619140625
2022-04-25,21,2430,2391.56005859375
2022-04-25,22,2223,2185.547119140625
2022-04-25,23,2043,2002.18701171875
2022-04-25,24,1956,1860.0260009765625
2022-04-26,1,1876,1751.4873046875
2022-04-26,2,1847,1712.98388671875
2022-04-26,3,1827,1690.1776123046875
2022-04-26,4,1834,1715.1180419921875
2022-04-26,5,1914,1811.7542724609375
2022-04-26,6,1946,1943.94189453125
2022-04-26,7,1911,1920.6593017578125
2022-04-26,8,1901,1758.8328857421875
2022-04-26,9,1785,1634.809326171875
2022-04-26,10,1586,1642.887451171875
2022-04-26,11,1405,1632.3016357421875
2022-04-26,12,1416,1642.6217041015625
2022-04-26,13,1525,1627.923095703125
2022-04-26,14,1631,1675.8936767578125
2022-04-26,15,1890,1741.613525390625
2022-04-26,16,2084,1893.0997314453125
2022-04-26,17,2227,2126.6416015625
2022-04-26,18,2383,2265.2431640625
2022-04-26,19,2497,2380.082763671875
2022-04-26,20,2462,2372.20849609375
2022-04-26,21,2326,2275.8515625
2022-04-26,22,2143,2116.5478515625
2022-04-26,23,2020,1930.486328125
2022-04-26,24,1914,1834.6749267578125
2022-04-27,1,1836,1749.5997314453125
2022-04-27,2,1783,1678.5115966796875
2022-04-27,3,1764,1670.00537109375
2022-04-27,4,1798,1718.535400390625
2022-04-27,5,1925,1815.1842041015625
2022-04-27,6,1995,1892.3397216796875
2022-04-27,7,1970,1894.2171630859375
2022-04-27,8,1938,1832.0159912109375
2022-04-27,9,1691,1693.1439208984375
2022-04-27,10,1438,1605.5921630859375
2022-04-27,11,1320,1503.6873779296875
2022-04-27,12,1323,1448.1573486328125
2022-04-27,13,1523,1407.6966552734375
2022-04-27,14,1638,1470.52001953125
2022-04-27,15,1758,1606.75341796875
2022-04-27,16,1753,1784.723876953125
2022-04-27,17,1932,2009.80419921875
2022-04-27,18,2218,2189.155029296875
2022-04-27,19,2393,2362.9423828125
2022-04-27,20,2391,2354.676513671875
2022-04-27,21,2262,2225.925048828125
2022-04-27,22,2082,2037.2349853515625
2022-04-27,23,1941,1899.2103271484375
2022-04-27,24,1880,1789.944580078125
2022-04-28,1,1811,1714.3782958984375
2022-04-28,2,1763,1665.0577392578125
2022-04-28,3,1744,1643.448974609375
2022-04-28,4,1784,1720.9534912109375
2022-04-28,5,1907,1832.823974609375
2022-04-28,6,2040,1963.40576171875
2022-04-28,7,2070,1931.3150634765625
2022-04-28,8,2037,1959.356689453125
2022-04-28,9,1905,2059.37939453125
2022-04-28,10,1762,1908.478515625
2022-04-28,11,1610,1828.732421875
2022-04-28,12,1525,1598.447509765625
2022-04-28,13,1629,1413.85107421875
2022-04-28,14,1672,1432.5958251953125
2022-04-28,15,1878,1573.3360595703125
2022-04-28,16,1944,1786.119873046875
2022-04-28,17,2162,2000.58349609375
2022-04-28,18,2309,2180.62646484375
2022-04-28,19,2402,2360.268310546875
2022-04-28,20,2376,2350.091796875
2022-04-28,21,2259,2237.57763671875
2022-04-28,22,2090,2087.748779296875
2022-04-28,23,1954,1930.486328125
2022-04-28,24,1891,1834.327880859375
2022-04-29,1,1863,1747.22607421875
2022-04-29,2,1812,1669.3187255859375
2022-04-29,3,1774,1642.9771728515625
2022-04-29,4,1772,1716.0770263671875
2022-04-29,5,1862,1839.476318359375
2022-04-29,6,1935,1946.1397705078125
2022-04-29,7,1912,1973.0626220703125
2022-04-29,8,1757,1783.122802734375
2022-04-29,9,1704,1576.7198486328125
2022-04-29,10,1600,1485.881103515625
2022-04-29,11,1439,1422.09521484375
2022-04-29,12,1326,1399.5159912109375
2022-04-29,13,1243,1389.2120361328125
2022-04-29,14,1328,1470.2105712890625
2022-04-29,15,1537,1614.84423828125
2022-04-29,16,1773,1798.2425537109375
2022-04-29,17,2062,2040.5296630859375
2022-04-29,18,2293,2268.4208984375
2022-04-29,19,2352,2386.48388671875
2022-04-29,20,2344,2380.591064453125
2022-04-29,21,2249,2275.8515625
2022-04-29,22,2110,2123.443603515625
2022-04-29,23,1983,1946.984375
2022-04-29,24,1906,1850.40283203125
2022-04-30,1,1857,1743.9051513671875
2022-04-30,2,1766,1664.77783203125
2022-04-30,3,1748,1630.5726318359375
2022-04-30,4,1732,1651.6080322265625
2022-04-30,5,1726,1687.946044921875
2022-04-30,6,1703,1744.9200439453125
2022-04-30,7,1662,1677.85986328125
2022-04-30,8,1612,1516.7088623046875
2022-04-30,9,1472,1358.0078125
2022-04-30,10,1288,1263.856201171875
2022-04-30,11,1213,1224.5482177734375
2022-04-30,12,1223,1188.241943359375
2022-04-30,13,1283,1185.885986328125
2022-04-30,14,1246,1261.787109375
2022-04-30,15,1302,1437.458740234375
2022-04-30,16,1599,1669.0576171875
2022-04-30,17,1921,1922.37890625
2022-04-30,18,2177,2152.314208984375
2022-04-30,19,2285,2264.03125
2022-04-30,20,2296,2295.8779296875
2022-04-30,21,2213,2254.158935546875
2022-04-30,22,2097,2061.239501953125
2022-04-30,23,1970,1909.004638671875
2022-04-30,24,1868,1824.6363525390625
2022-05-01,1,1807,1786.1759033203125
2022-05-01,2,1741,1730.7972412109375
2022-05-01,3,1706,1691.76220703125
2022-05-01,4,1712,1690.4814453125
2022-05-01,5,1701,1702.3226318359375
2022-05-01,6,1696,1730.911865234375
2022-05-01,7,1749,1777.981689453125
2022-05-01,8,1808,1769.3358154296875
2022-05-01,9,1583,1645.7374267578125
2022-05-01,10,1289,1549.4674072265625
2022-05-01,11,1135,1393.0126953125
2022-05-01,12,1114,1298.6614990234375
2022-05-01,13,1180,1264.7236328125
2022-05-01,14,1249,1392.333984375
2022-05-01,15,1368,1509.7464599609375
2022-05-01,16,1694,1728.657958984375
2022-05-01,17,1986,1978.197021484375
2022-05-01,18,2135,2134.729736328125
2022-05-01,19,2269,2245.01513671875
2022-05-01,20,2269,2273.164306640625
2022-05-01,21,2165,2191.125244140625
2022-05-01,22,2011,2061.146728515625
2022-05-01,23,1871,1917.56103515625
2022-05-01,24,1828,1829.086669921875
2022-05-02,1,1780,1789.15283203125
2022-05-02,2,1742,1735.1357421875
2022-05-02,3,1710,1710.9990234375
2022-05-02,4,1751,1741.387451171875
2022-05-02,5,1865,1831.224365234375
2022-05-02,6,1968,1953.916259765625
2022-05-02,7,2055,2059.2197265625
2022-05-02,8,2006,1983.661865234375
2022-05-02,9,1830,1850.182373046875
2022-05-02,10,1686,1663.90234375
2022-05-02,11,1451,1522.281005859375
2022-05-02,12,1375,1471.669189453125
2022-05-02,13,1404,1483.1429443359375
2022-05-02,14,1472,1565.0421142578125
2022-05-02,15,1531,1689.4786376953125
2022-05-02,16,1798,1876.616455078125
2022-05-02,17,2132,2104.153564453125
2022-05-02,18,2301,2244.968505859375
2022-05-02,19,2424,2374.4482421875
2022-05-02,20,2384,2389.31396484375
2022-05-02,21,2284,2282.72314453125
2022-05-02,22,2124,2130.6083984375
2022-05-02,23,1956,1978.119873046875
2022-05-02,24,1913,1896.0574951171875
2022-05-03,1,1833,1796.6671142578125
2022-05-03,2,1774,1736.7803955078125
2022-05-03,3,1743,1710.9990234375
2022-05-03,4,1783,1747.5025634765625
2022-05-03,5,1890,1803.0228271484375
2022-05-03,6,2029,1867.52099609375
2022-05-03,7,2182,2069.75927734375
2022-05-03,8,2190,2118.560546875
2022-05-03,9,2195,2195.192626953125
2022-05-03,10,2016,2000.775390625
2022-05-03,11,1725,1973.3819580078125
2022-05-03,12,1409,1811.4254150390625
2022-05-03,13,1415,1617.1793212890625
2022-05-03,14,1400,1599.600830078125
2022-05-03,15,1482,1687.07763671875
2022-05-03,16,1755,1887.82177734375
2022-05-03,17,2043,2126.885986328125
2022-05-03,18,2316,2242.233154296875
2022-05-03,19,2448,2368.87060546875
2022-05-03,20,2369,2391.479736328125
2022-05-03,21,2251,2288.12548828125
2022-05-03,22,2074,2129.228271484375
2022-05-03,23,1934,1973.59716796875
2022-05-03,24,1884,1878.551513671875
2022-05-04,1,1838,1783.635498046875
2022-05-04,2,1750,1735.1072998046875
2022-05-04,3,1730,1718.435791015625
2022-05-04,4,1765,1747.13623046875
2022-05-04,5,1868,1835.65625
2022-05-04,6,1953,1965.1346435546875
2022-05-04,7,1909,2005.7052001953125
2022-05-04,8,1814,1772.28955078125
2022-05-04,9,1667,1653.23583984375
2022-05-04,10,1489,1538.238037109375
2022-05-04,11,1360,1467.4583740234375
2022-05-04,12,1326,1475.489501953125
2022-05-04,13,1362,1539.6993408203125
2022-05-04,14,1393,1627.62109375
2022-05-04,15,1533,1743.0440673828125
2022-05-04,16,1835,1962.00244140625
2022-05-04,17,2206,2192.175048828125
2022-05-04,18,2363,2319.6826171875
2022-05-04,19,2468,2399.20703125
2022-05-04,20,2461,2403.26708984375
2022-05-04,21,2345,2281.26611328125
2022-05-04,22,2148,2109.569580078125
2022-05-04,23,1997,1963.1737060546875
2022-05-04,24,1941,1900.870361328125
2022-05-05,1,1849,1794.507568359375
2022-05-05,2,1789,1717.9158935546875
2022-05-05,3,1767,1719.802490234375
2022-05-05,4,1807,1766.86474609375
2022-05-05,5,1919,1859.77197265625
2022-05-05,6,2004,1974.386474609375
2022-05-05,7,2016,2070.52587890625
2022-05-05,8,1893,2042.749755859375
2022-05-05,9,1760,1862.716796875
2022-05-05,10,1649,1632.4847412109375
2022-05-05,11,1615,1532.6878662109375
2022-05-05,12,1604,1505.2257080078125
2022-05-05,13,1514,1545.6951904296875
2022-05-05,14,1623,1589.469970703125
2022-05-05,15,1848,1756.4202880859375
2022-05-05,16,2056,1985.2755126953125
2022-05-05,17,2271,2246.809814453125
2022-05-05,18,2525,2379.689453125
2022-05-05,19,2553,2454.000732421875
2022-05-05,20,2503,2435.37109375
2022-05-05,21,2379,2281.26611328125
2022-05-05,22,2191,2110.579833984375
2022-05-05,23,2069,1953.889892578125
2022-05-05,24,1955,1853.822509765625
2022-05-06,1,1880,1767.056396484375
2022-05-06,2,1805,1737.9102783203125
2022-05-06,3,1778,1709.8006591796875
2022-05-06,4,1813,1726.3316650390625
2022-05-06,5,1898,1826.526123046875
2022-05-06,6,1946,1966.7325439453125
2022-05-06,7,1952,2048.097412109375
2022-05-06,8,1918,2028.7772216796875
2022-05-06,9,1775,1823.546142578125
2022-05-06,10,1604,1661.16796875
2022-05-06,11,1450,1571.6563720703125
2022-05-06,12,1399,1613.6761474609375
2022-05-06,13,1449,1700.509033203125
2022-05-06,14,1673,1790.77392578125
2022-05-06,15,1929,1928.08837890625
2022-05-06,16,2027,2083.41845703125
2022-05-06,17,2233,2207.466064453125
2022-05-06,18,2392,2300.936767578125
2022-05-06,19,2457,2404.173583984375
2022-05-06,20,2458,2411.763671875
2022-05-06,21,2357,2281.26611328125
2022-05-06,22,2206,2110.579833984375
2022-05-06,23,2074,1957.339111328125
2022-05-06,24,1977,1860.10693359375
2022-05-07,1,1912,1770.3515625
2022-05-07,2,1816,1712.964599609375
2022-05-07,3,1783,1678.0802001953125
2022-05-07,4,1788,1653.880615234375
2022-05-07,5,1784,1650.5577392578125
2022-05-07,6,1788,1636.198486328125
2022-05-07,7,1836,1666.147705078125
2022-05-07,8,1686,1716.2119140625
2022-05-07,9,1596,1542.780029296875
2022-05-07,10,1526,1410.627685546875
2022-05-07,11,1406,1345.95263671875
2022-05-07,12,1311,1310.2974853515625
2022-05-07,13,1199,1264.6669921875
2022-05-07,14,1289,1376.8941650390625
2022-05-07,15,1445,1542.5972900390625
2022-05-07,16,1701,1747.6468505859375
2022-05-07,17,2095,1958.6229248046875
2022-05-07,18,2256,2146.828857421875
2022-05-07,19,2364,2272.985107421875
2022-05-07,20,2329,2281.9404296875
2022-05-07,21,2248,2195.423828125
2022-05-07,22,2116,2061.8037109375
2022-05-07,23,1988,1909.6175537109375
2022-05-07,24,1922,1808.6971435546875
2022-05-08,1,1852,1762.40625
2022-05-08,2,1781,1710.130615234375
2022-05-08,3,1726,1693.0992431640625
2022-05-08,4,1716,1697.3353271484375
2022-05-08,5,1730,1708.421630859375
2022-05-08,6,1716,1749.00390625
2022-05-08,7,1805,1789.7049560546875
2022-05-08,8,1861,1785.1685791015625
2022-05-08,9,1786,1815.0723876953125
2022-05-08,10,1658,1729.516845703125
2022-05-08,11,1526,1621.925048828125
2022-05-08,12,1418,1473.876220703125
2022-05-08,13,1317,1474.2589111328125
2022-05-08,14,1392,1470.35498046875
2022-05-08,15,1620,1577.2965087890625
2022-05-08,16,1853,1843.6419677734375
2022-05-08,17,2047,1964.087890625
2022-05-08,18,2176,2126.88671875
2022-05-08,19,2269,2244.102783203125
2022-05-08,20,2241,2274.234375
2022-05-08,21,2153,2196.00927734375
2022-05-08,22,2003,2061.39599609375
2022-05-08,23,1873,1915.535400390625
2022-05-08,24,1834,1829.086669921875
2022-05-09,1,1805,1787.6732177734375
2022-05-09,2,1825,1735.5010986328125
2022-05-09,3,1800,1716.3046875
2022-05-09,4,1760,1747.5025634765625
2022-05-09,5,1879,1834.462158203125
2022-05-09,6,1956,1960.0572509765625
2022-05-09,7,2081,2055.919677734375
2022-05-09,8,2079,2004.2296142578125
2022-05-09,9,1790,1874.977783203125
2022-05-09,10,1554,1673.897705078125
2022-05-09,11,1359,1537.6497802734375
2022-05-09,12,1324,1463.4376220703125
2022-05-09,13,1339,1458.0386962890625
2022-05-09,14,1409,1539.4674072265625
2022-05-09,15,1521,1662.7230224609375
2022-05-09,16,1728,1840.0440673828125
2022-05-09,17,2005,2068.75244140625
2022-05-09,18,2219,2209.52734375
2022-05-09,19,2361,2366.34326171875
2022-05-09,20,2390,2383.30517578125
2022-05-09,21,2269,2287.606201171875
2022-05-09,22,2090,2122.288330078125
2022-05-09,23,1945,1970.2587890625
2022-05-09,24,1887,1878.551513671875
2022-05-10,1,1839,1798.437255859375
2022-05-10,2,1790,1739.9434814453125
2022-05-10,3,1766,1720.31201171875
2022-05-10,4,1805,1746.2022705078125
2022-05-10,5,1883,1835.65625
2022-05-10,6,1903,1983.0888671875
2022-05-10,7,1840,1882.816162109375
2022-05-10,8,1765,1701.197021484375
2022-05-10,9,1715,1640.4049072265625
2022-05-10,10,1559,1508.3099365234375
2022-05-10,11,1403,1487.008544921875
2022-05-10,12,1400,1455.50244140625
2022-05-10,13,1414,1465.1204833984375
2022-05-10,14,1473,1552.2376708984375
2022-05-10,15,1483,1682.570068359375
2022-05-10,16,1737,1880.107666015625
2022-05-10,17,2050,2101.63232421875
2022-05-10,18,2267,2235.3779296875
2022-05-10,19,2364,2375.879638671875
2022-05-10,20,2389,2384.4736328125
2022-05-10,21,2274,2288.66357421875
2022-05-10,22,2102,2129.228271484375
2022-05-10,23,1960,1974.88916015625
2022-05-10,24,1915,1880.2518310546875
2022-05-11,1,1869,1802.9151611328125
2022-05-11,2,1837,1751.0452880859375
2022-05-11,3,1817,1737.355224609375
2022-05-11,4,1829,1747.6199951171875
2022-05-11,5,1916,1835.496826171875
2022-05-11,6,1936,1991.0150146484375
2022-05-11,7,1904,1893.6412353515625
2022-05-11,8,1868,1696.612548828125
2022-05-11,9,1684,1632.619873046875
2022-05-11,10,1437,1492.292724609375
2022-05-11,11,1391,1483.34912109375
2022-05-11,12,1379,1428.67431640625
2022-05-11,13,1301,1425.992919921875
2022-05-11,14,1305,1474.4345703125
2022-05-11,15,1410,1586.96337890625
2022-05-11,16,1732,1814.9063720703125
2022-05-11,17,1970,2086.72265625
2022-05-11,18,2236,2210.365966796875
2022-05-11,19,2349,2343.739990234375
2022-05-11,20,2383,2388.244873046875
2022-05-11,21,2269,2274.951904296875
2022-05-11,22,2101,2115.753173828125
2022-05-11,23,1950,1970.2587890625
2022-05-11,24,1908,1882.9501953125
2022-05-12,1,1842,1783.635498046875
2022-05-12,2,1807,1755.1689453125
2022-05-12,3,1808,1729.664306640625
2022-05-12,4,1803,1747.6199951171875
2022-05-12,5,1896,1835.6595458984375
2022-05-12,6,1936,1994.837646484375
2022-05-12,7,1867,1843.6871337890625
2022-05-12,8,1725,1683.3306884765625
2022-05-12,9,1709,1615.9415283203125
2022-05-12,10,1488,1633.506103515625
2022-05-12,11,1343,1625.4163818359375
2022-05-12,12,1272,1621.661376953125
2022-05-12,13,1287,1650.6072998046875
2022-05-12,14,1383,1764.0450439453125
2022-05-12,15,1591,1877.5355224609375
2022-05-12,16,1861,2098.052734375
2022-05-12,17,2264,2382.7783203125
2022-05-12,18,2406,2532.16796875
2022-05-12,19,2477,2580.0888671875
2022-05-12,20,2444,2582.76123046875
2022-05-12,21,2325,2397.336669921875
2022-05-12,22,2152,2211.44384765625
2022-05-12,23,2039,2013.921142578125
2022-05-12,24,1944,1856.97119140625
2022-05-13,1,1970,1760.5035400390625
2022-05-13,2,1982,1724.1878662109375
2022-05-13,3,1989,1705.08984375
2022-05-13,4,1936,1741.387451171875
2022-05-13,5,1863,1838.0362548828125
2022-05-13,6,1867,1960.0572509765625
2022-05-13,7,1821,1815.064208984375
2022-05-13,8,1776,1758.4676513671875
2022-05-13,9,1629,1743.4384765625
2022-05-13,10,1507,1725.4261474609375
2022-05-13,11,1502,1681.4366455078125
2022-05-13,12,1538,1772.0362548828125
2022-05-13,13,1561,1932.5740966796875
2022-05-13,14,1708,2090.175048828125
2022-05-13,15,1845,2164.0283203125
2022-05-13,16,2064,2473.307373046875
2022-05-13,17,2328,2641.213623046875
2022-05-13,18,2525,2577.159912109375
2022-05-13,19,2593,2647.5341796875
2022-05-13,20,2543,2627.616455078125
2022-05-13,21,2426,2483.125732421875
2022-05-13,22,2258,2294.961669921875
2022-05-13,23,2085,2071.04052734375
2022-05-13,24,1996,1943.88134765625
2022-05-14,1,1902,1782.4630126953125
2022-05-14,2,1810,1731.6307373046875
2022-05-14,3,1761,1692.941650390625
2022-05-14,4,1751,1692.6031494140625
2022-05-14,5,1749,1674.4375
2022-05-14,6,1695,1634.2808837890625
2022-05-14,7,1688,1597.30712890625
2022-05-14,8,1711,1665.000732421875
2022-05-14,9,1681,1716.1014404296875
2022-05-14,10,1596,1666.3455810546875
2022-05-14,11,1526,1815.5799560546875
2022-05-14,12,1523,1864.729736328125
2022-05-14,13,1668,1866.6260986328125
2022-05-14,14,1669,2116.1123046875
2022-05-14,15,1897,2494.91552734375
2022-05-14,16,2227,2786.53955078125
2022-05-14,17,2542,3157.6787109375
2022-05-14,18,2740,3114.811279296875
2022-05-14,19,2754,2874.61083984375
2022-05-14,20,2688,2752.248779296875
2022-05-14,21,2551,2571.548095703125
2022-05-14,22,2359,2431.22705078125
2022-05-14,23,2166,2228.918212890625
2022-05-14,24,2060,2085.94677734375
2022-05-15,1,1944,1953.09033203125
2022-05-15,2,1856,1817.353759765625
2022-05-15,3,1809,1715.5831298828125
2022-05-15,4,1764,1687.867431640625
2022-05-15,5,1735,1676.0048828125
2022-05-15,6,1653,1634.2808837890625
2022-05-15,7,1651,1600.187255859375
2022-05-15,8,1601,1644.0047607421875
2022-05-15,9,1611,1717.4676513671875
2022-05-15,10,1639,1612.7978515625
2022-05-15,11,1602,1549.244873046875
2022-05-15,12,1489,1545.4478759765625
2022-05-15,13,1520,1655.5294189453125
2022-05-15,14,1551,1794.47998046875
2022-05-15,15,1694,1873.1370849609375
2022-05-15,16,1965,1864.458251953125
2022-05-15,17,2259,2086.18896484375
2022-05-15,18,2459,2242.231201171875
2022-05-15,19,2485,2259.35986328125
2022-05-15,20,2462,2298.260498046875
2022-05-15,21,2347,2191.81982421875
2022-05-15,22,2162,2070.64306640625
2022-05-15,23,2015,1910.982666015625
2022-05-15,24,1940,1808.6971435546875
2022-05-16,1,1885,1773.680419921875
2022-05-16,2,1837,1744.2274169921875
2022-05-16,3,1823,1717.0762939453125
2022-05-16,4,1851,1765.556396484375
2022-05-16,5,1926,1839.0791015625
2022-05-16,6,1991,1966.0570068359375
2022-05-16,7,2039,2023.755859375
2022-05-16,8,1960,1988.3504638671875
2022-05-16,9,1840,1767.9976806640625
2022-05-16,10,1692,1576.648681640625
2022-05-16,11,1641,1497.53662109375
2022-05-16,12,1543,1515.131591796875
2022-05-16,13,1514,1563.3677978515625
2022-05-16,14,1598,1655.055419921875
2022-05-16,15,1709,1813.4693603515625
2022-05-16,16,1961,1973.8741455078125
2022-05-16,17,2269,2188.4892578125
2022-05-16,18,2479,2279.58447265625
2022-05-16,19,2591,2385.907470703125
2022-05-16,20,2496,2391.927001953125
2022-05-16,21,2376,2276.52197265625
2022-05-16,22,2185,2118.987060546875
2022-05-16,23,2035,1968.638916015625
2022-05-16,24,1977,1862.76171875
2022-05-17,1,1907,1761.56201171875
2022-05-17,2,1842,1712.0833740234375
2022-05-17,3,1806,1717.0762939453125
2022-05-17,4,1845,1759.329833984375
2022-05-17,5,1946,1843.5347900390625
2022-05-17,6,2059,1968.4222412109375
2022-05-17,7,2244,2061.91748046875
2022-05-17,8,2267,2120.144287109375
2022-05-17,9,2109,2002.5635986328125
2022-05-17,10,1808,1838.763427734375
2022-05-17,11,1554,1650.641357421875
2022-05-17,12,1375,1482.9586181640625
2022-05-17,13,1332,1501.402587890625
2022-05-17,14,1423,1581.11767578125
2022-05-17,15,1601,1718.01416015625
2022-05-17,16,1863,1890.3310546875
2022-05-17,17,2143,2104.153564453125
2022-05-17,18,2411,2242.8115234375
2022-05-17,19,2579,2384.17578125
2022-05-17,20,2550,2391.6728515625
2022-05-17,21,2350,2282.095703125
2022-05-17,22,2161,2134.51708984375
2022-05-17,23,2035,1977.5506591796875
2022-05-17,24,2002,1901.284912109375
2022-05-18,1,1893,1799.3131103515625
2022-05-18,2,1829,1758.665771484375
2022-05-18,3,1805,1722.8143310546875
2022-05-18,4,1834,1760.682373046875
2022-05-18,5,1946,1850.57177734375
2022-05-18,6,2012,1962.761962890625
2022-05-18,7,1969,2034.0118408203125
2022-05-18,8,1864,2025.6754150390625
2022-05-18,9,1699,1833.6502685546875
2022-05-18,10,1649,1626.4737548828125
2022-05-18,11,1640,1501.2535400390625
2022-05-18,12,1550,1483.8538818359375
2022-05-18,13,1469,1485.6788330078125
2022-05-18,14,1559,1568.1304931640625
2022-05-18,15,1761,1690.926513671875
2022-05-18,16,1911,1876.616455078125
2022-05-18,17,2247,2117.20458984375
2022-05-18,18,2386,2265.74658203125
2022-05-18,19,2470,2376.904541015625
2022-05-18,20,2510,2389.257080078125
2022-05-18,21,2386,2280.968505859375
2022-05-18,22,2211,2130.6083984375
2022-05-18,23,2061,1978.119873046875
2022-05-18,24,2025,1889.9205322265625
2022-05-19,1,1977,1788.1146240234375
2022-05-19,2,2025,1740.6473388671875
2022-05-19,3,1994,1716.15283203125
2022-05-19,4,1980,1747.5025634765625
2022-05-19,5,2024,1828.2158203125
2022-05-19,6,2116,1960.2298583984375
2022-05-19,7,2192,2045.727294921875
2022-05-19,8,2112,2051.68359375
2022-05-19,9,1876,1874.416015625
2022-05-19,10,1747,1733.83251953125
2022-05-19,11,1592,1584.309326171875
2022-05-19,12,1461,1536.5001220703125
2022-05-19,13,1530,1523.59765625
2022-05-19,14,1695,1617.74072265625
2022-05-19,15,1914,1714.6025390625
2022-05-19,16,2126,1912.724365234375
2022-05-19,17,2302,2141.265869140625
2022-05-19,18,2376,2270.380126953125
2022-05-19,19,2488,2371.8095703125
2022-05-19,20,2489,2391.6669921875
2022-05-19,21,2344,2284.990478515625
2022-05-19,22,2168,2134.0634765625
2022-05-19,23,2033,1977.5506591796875
2022-05-19,24,1998,1900.870361328125
2022-05-20,1,1978,1805.4271240234375
2022-05-20,2,1992,1746.134521484375
2022-05-20,3,2031,1716.6986083984375
2022-05-20,4,1964,1751.338134765625
2022-05-20,5,1977,1831.105712890625
2022-05-20,6,2082,1953.443603515625
2022-05-20,7,2201,2064.111083984375
2022-05-20,8,2233,2132.400146484375
2022-05-20,9,2221,2094.7490234375
2022-05-20,10,2163,2023.7852783203125
2022-05-20,11,2144,1841.0430908203125
2022-05-20,12,2190,1735.349365234375
2022-05-20,13,2106,1756.997314453125
2022-05-20,14,2069,1841.65380859375
2022-05-20,15,2087,1975.3912353515625
2022-05-20,16,2178,2181.86767578125
2022-05-20,17,2270,2337.91162109375
2022-05-20,18,2332,2337.849609375
2022-05-20,19,2356,2376.025146484375
2022-05-20,20,2363,2387.13037109375
2022-05-20,21,2278,2283.850341796875
2022-05-20,22,2135,2124.095703125
2022-05-20,23,2010,1968.178955078125
2022-05-20,24,1943,1869.347900390625
2022-05-21,1,1883,1769.668701171875
2022-05-21,2,1804,1712.964599609375
2022-05-21,3,1768,1667.8907470703125
2022-05-21,4,1765,1651.684326171875
2022-05-21,5,1788,1646.128173828125
2022-05-21,6,1817,1624.9827880859375
2022-05-21,7,1905,1699.1492919921875
2022-05-21,8,1926,1593.259033203125
2022-05-21,9,1910,1502.9000244140625
2022-05-21,10,1877,1519.19677734375
2022-05-21,11,1870,1514.0712890625
2022-05-21,12,1741,1629.8201904296875
2022-05-21,13,1793,1564.6256103515625
2022-05-21,14,1925,1448.5496826171875
2022-05-21,15,1995,1519.993896484375
2022-05-21,16,2014,1710.2733154296875
2022-05-21,17,2064,1919.2362060546875
2022-05-21,18,2140,2103.32421875
2022-05-21,19,2239,2254.82080078125
2022-05-21,20,2273,2286.165771484375
2022-05-21,21,2203,2194.112548828125
2022-05-21,22,2080,2064.85302734375
2022-05-21,23,1964,1914.431884765625
2022-05-21,24,1899,1812.0889892578125
2022-05-22,1,1836,1776.23486328125
2022-05-22,2,1776,1717.5821533203125
2022-05-22,3,1766,1695.7911376953125
2022-05-22,4,1721,1696.70263671875
2022-05-22,5,1735,1712.101318359375
2022-05-22,6,1782,1714.9874267578125
2022-05-22,7,1847,1636.1497802734375
2022-05-22,8,1835,1580.3944091796875
2022-05-22,9,1645,1496.6871337890625
2022-05-22,10,1440,1512.5513916015625
2022-05-22,11,1242,1385.1875
2022-05-22,12,1102,1313.476806640625
2022-05-22,13,1148,1308.9510498046875
2022-05-22,14,1315,1415.8524169921875
2022-05-22,15,1505,1513.5745849609375
2022-05-22,16,1741,1713.662841796875
2022-05-22,17,1957,1935.1619873046875
2022-05-22,18,2153,2123.22021484375
2022-05-22,19,2310,2250.16357421875
2022-05-22,20,2357,2280.55078125
2022-05-22,21,2271,2198.02099609375
2022-05-22,22,2122,2072.43505859375
2022-05-22,23,1971,1928.9097900390625
2022-05-22,24,1918,1811.9285888671875
2022-05-23,1,1841,1767.056396484375
2022-05-23,2,1799,1719.02001953125
2022-05-23,3,1807,1710.871337890625
2022-05-23,4,1886,1746.3372802734375
2022-05-23,5,1907,1822.22607421875
2022-05-23,6,2052,1949.388671875
2022-05-23,7,2238,2057.079833984375
2022-05-23,8,2286,2158.93115234375
2022-05-23,9,2168,2092.528076171875
2022-05-23,10,1932,2015.6553955078125
2022-05-23,11,1767,1699.302490234375
2022-05-23,12,1663,1502.0408935546875
2022-05-23,13,1593,1472.131103515625
2022-05-23,14,1612,1570.195556640625
2022-05-23,15,1690,1690.3353271484375
2022-05-23,16,1867,1872.50732421875
2022-05-23,17,2105,2101.63232421875
2022-05-23,18,2268,2233.220947265625
2022-05-23,19,2386,2375.879638671875
2022-05-23,20,2421,2392.567626953125
2022-05-23,21,2322,2278.631591796875
2022-05-23,22,2160,2118.35986328125
2022-05-23,23,2014,1971.30419921875
2022-05-23,24,1948,1880.4927978515625
2022-05-24,1,1903,1787.6732177734375
2022-05-24,2,1913,1743.28076171875
2022-05-24,3,1879,1715.9755859375
2022-05-24,4,1845,1743.474609375
2022-05-24,5,1929,1831.5582275390625
2022-05-24,6,2064,1902.4031982421875
2022-05-24,7,2253,1976.3712158203125
2022-05-24,8,2239,1950.9144287109375
2022-05-24,9,1851,1825.86865234375
2022-05-24,10,1544,1634.3521728515625
2022-05-24,11,1473,1490.9600830078125
2022-05-24,12,1508,1483.8538818359375
2022-05-24,13,1514,1505.556884765625
2022-05-24,14,1553,1573.1220703125
2022-05-24,15,1704,1690.163330078125
2022-05-24,16,1918,1901.1884765625
2022-05-24,17,2151,2123.28125
2022-05-24,18,2312,2251.7197265625
2022-05-24,19,2419,2348.90673828125
2022-05-24,20,2458,2391.906005859375
2022-05-24,21,2363,2287.660400390625
2022-05-24,22,2176,2109.569580078125
2022-05-24,23,2029,1955.765380859375
2022-05-24,24,1968,1855.963134765625
2022-05-25,1,1896,1768.2552490234375
2022-05-25,2,1825,1719.02001953125
2022-05-25,3,1807,1699.6837158203125
2022-05-25,4,1840,1719.7037353515625
2022-05-25,5,1907,1823.5028076171875
2022-05-25,6,1976,1924.5733642578125
2022-05-25,7,2072,1867.67041015625
2022-05-25,8,2098,1711.9573974609375
2022-05-25,9,2005,1570.2642822265625
2022-05-25,10,1838,1558.8558349609375
2022-05-25,11,1649,1521.6710205078125
2022-05-25,12,1586,1488.494140625
2022-05-25,13,1544,1499.374755859375
2022-05-25,14,1582,1590.9696044921875
2022-05-25,15,1693,1750.7314453125
2022-05-25,16,1928,1970.1719970703125
2022-05-25,17,2179,2204.66015625
2022-05-25,18,2368,2312.62646484375
2022-05-25,19,2477,2392.0634765625
2022-05-25,20,2503,2405.766357421875
2022-05-25,21,2403,2285.828125
2022-05-25,22,2221,2109.569580078125
2022-05-25,23,2057,1955.765380859375
2022-05-25,24,1978,1860.40869140625
2022-05-26,1,1917,1768.0057373046875
2022-05-26,2,1851,1717.9158935546875
2022-05-26,3,1841,1719.802490234375
2022-05-26,4,1848,1762.412841796875
2022-05-26,5,1937,1854.646240234375
2022-05-26,6,2072,1923.0596923828125
2022-05-26,7,2196,2018.7403564453125
2022-05-26,8,2060,2014.8756103515625
2022-05-26,9,1739,1806.98828125
2022-05-26,10,1546,1625.8077392578125
2022-05-26,11,1545,1546.30078125
2022-05-26,12,1528,1490.8565673828125
2022-05-26,13,1504,1522.7916259765625
2022-05-26,14,1609,1568.1304931640625
2022-05-26,15,1865,1701.9754638671875
2022-05-26,16,2002,1872.50732421875
2022-05-26,17,2187,2117.215576171875
2022-05-26,18,2291,2277.19287109375
2022-05-26,19,2402,2378.785888671875
2022-05-26,20,2431,2389.257080078125
2022-05-26,21,2357,2280.58447265625
2022-05-26,22,2213,2129.02001953125
2022-05-26,23,2053,1968.178955078125
2022-05-26,24,1983,1864.90234375
2022-05-27,1,1926,1768.2552490234375
2022-05-27,2,1933,1719.02001953125
2022-05-27,3,1842,1710.871337890625
2022-05-27,4,1844,1751.3818359375
2022-05-27,5,1915,1842.8453369140625
2022-05-27,6,2027,1924.480224609375
2022-05-27,7,2200,2006.0750732421875
2022-05-27,8,2301,2041.9998779296875
2022-05-27,9,2207,1946.372802734375
2022-05-27,10,1968,1805.0360107421875
2022-05-27,11,1541,1619.697998046875
2022-05-27,12,1354,1591.5361328125
2022-05-27,13,1351,1558.3360595703125
2022-05-27,14,1417,1590.037109375
2022-05-27,15,1585,1688.7347412109375
2022-05-27,16,1842,1872.50732421875
2022-05-27,17,2083,2115.644287109375
2022-05-27,18,2232,2277.9365234375
2022-05-27,19,2346,2352.501953125
2022-05-27,20,2386,2385.82177734375
2022-05-27,21,2313,2285.828125
2022-05-27,22,2195,2126.892822265625
2022-05-27,23,2042,1965.5849609375
2022-05-27,24,1983,1857.437255859375
2022-05-28,1,1929,1755.47802734375
2022-05-28,2,1822,1689.927001953125
2022-05-28,3,1810,1654.2158203125
2022-05-28,4,1814,1659.01513671875
2022-05-28,5,1809,1637.83837890625
2022-05-28,6,1903,1592.44775390625
2022-05-28,7,1976,1618.939697265625
2022-05-28,8,2008,1791.1434326171875
2022-05-28,9,2009,1781.69775390625
2022-05-28,10,2076,1776.18505859375
2022-05-28,11,1955,1875.0706787109375
2022-05-28,12,1712,1652.6217041015625
2022-05-28,13,1657,1640.1907958984375
2022-05-28,14,1609,1659.8533935546875
2022-05-28,15,1651,1599.670166015625
2022-05-28,16,1756,1740.128662109375
2022-05-28,17,1987,1954.00439453125
2022-05-28,18,2166,2131.286865234375
2022-05-28,19,2223,2257.0703125
2022-05-28,20,2253,2285.08740234375
2022-05-28,21,2203,2194.112548828125
2022-05-28,22,2089,2070.156494140625
2022-05-28,23,1966,1917.02587890625
2022-05-28,24,1904,1818.5147705078125
2022-05-29,1,1837,1772.6153564453125
2022-05-29,2,1778,1694.4796142578125
2022-05-29,3,1744,1659.377197265625
2022-05-29,4,1756,1650.630126953125
2022-05-29,5,1765,1641.1412353515625
2022-05-29,6,1838,1604.7940673828125
2022-05-29,7,1889,1600.0977783203125
2022-05-29,8,1814,1754.38916015625
2022-05-29,9,1578,1703.199951171875
2022-05-29,10,1253,1685.1771240234375
2022-05-29,11,1006,1501.764404296875
2022-05-29,12,864,1391.5516357421875
2022-05-29,13,868,1312.3331298828125
2022-05-29,14,1001,1386.433349609375
2022-05-29,15,1164,1515.261962890625
2022-05-29,16,1426,1729.4986572265625
2022-05-29,17,1788,1958.0982666015625
2022-05-29,18,2054,2144.035400390625
2022-05-29,19,2199,2257.015380859375
2022-05-29,20,2268,2286.840576171875
2022-05-29,21,2206,2195.88232421875
2022-05-29,22,2079,2053.362548828125
2022-05-29,23,1954,1904.8984375
2022-05-29,24,1881,1807.46728515625
2022-05-30,1,1804,1773.5018310546875
2022-05-30,2,1755,1719.8577880859375
2022-05-30,3,1723,1718.25048828125
2022-05-30,4,1724,1732.6114501953125
2022-05-30,5,1762,1807.041748046875
2022-05-30,6,1833,1853.0186767578125
2022-05-30,7,1898,1879.16796875
2022-05-30,8,1756,1899.9482421875
2022-05-30,9,1482,1751.5455322265625
2022-05-30,10,1197,1511.225341796875
2022-05-30,11,1087,1423.578125
2022-05-30,12,1043,1384.2891845703125
2022-05-30,13,1067,1445.4031982421875
2022-05-30,14,1155,1511.1629638671875
2022-05-30,15,1332,1655.8359375
2022-05-30,16,1622,1886.1014404296875
2022-05-30,17,1925,2135.452880859375
2022-05-30,18,2174,2239.0498046875
2022-05-30,19,2322,2364.0048828125
2022-05-30,20,2386,2389.572021484375
2022-05-30,21,2289,2286.892578125
2022-05-30,22,2127,2087.993896484375
2022-05-30,23,1990,1952.793212890625
2022-05-30,24,1976,1859.0479736328125
2022-05-31,1,1870,1775.991943359375
2022-05-31,2,1793,1742.52783203125
2022-05-31,3,1791,1720.98828125
2022-05-31,4,1770,1739.7093505859375
2022-05-31,5,1816,1832.3824462890625
2022-05-31,6,1916,1935.3177490234375
2022-05-31,7,2021,2020.7113037109375
2022-05-31,8,1892,1961.931884765625
2022-05-31,9,1823,1671.7601318359375
2022-05-31,10,1653,1532.78173828125
2022-05-31,11,1529,1484.7449951171875
2022-05-31,12,1429,1468.074462890625
2022-05-31,13,1438,1462.750244140625
2022-05-31,14,1468,1544.535400390625
2022-05-31,15,1643,1679.7137451171875
2022-05-31,16,1893,1936.3131103515625
2022-05-31,17,2162,2198.94140625
2022-05-31,18,2344,2284.576416015625
2022-05-31,19,2461,2406.172607421875
2022-05-31,20,2511,2442.92724609375
2022-05-31,21,2406,2351.48681640625
2022-05-31,22,2226,2117.870849609375
2022-05-31,23,2073,1956.514892578125
2022-05-31,24,2043,1854.5035400390625
2022-06-01,1,1949,1849.45361328125
2022-06-01,2,1866,1789.1014404296875
2022-06-01,3,1813,1773.232421875
2022-06-01,4,1824,1793.99609375
2022-06-01,5,1913,1861.8271484375
2022-06-01,6,2063,2005.9385986328125
2022-06-01,7,2211,2023.328369140625
2022-06-01,8,2062,1856.4202880859375
2022-06-01,9,1870,1748.555908203125
2022-06-01,10,1717,1714.677978515625
2022-06-01,11,1610,1696.7823486328125
2022-06-01,12,1507,1708.487060546875
2022-06-01,13,1507,1749.6177978515625
2022-06-01,14,1599,1764.0618896484375
2022-06-01,15,1756,1912.8597412109375
2022-06-01,16,1978,2068.897705078125
2022-06-01,17,2199,2264.828125
2022-06-01,18,2335,2370.723876953125
2022-06-01,19,2444,2457.2734375
2022-06-01,20,2491,2468.298828125
2022-06-01,21,2395,2392.068603515625
2022-06-01,22,2203,2228.73486328125
2022-06-01,23,2046,2061.775146484375
2022-06-01,24,1999,1944.1209716796875
2022-06-02,1,1906,1849.45361328125
2022-06-02,2,1840,1787.575927734375
2022-06-02,3,1840,1771.656005859375
2022-06-02,4,1836,1798.069580078125
2022-06-02,5,1927,1873.20068359375
2022-06-02,6,2063,2011.867431640625
2022-06-02,7,2211,2103.537353515625
2022-06-02,8,2182,2073.169921875
2022-06-02,9,1975,1955.48046875
2022-06-02,10,1653,1756.8873291015625
2022-06-02,11,1551,1673.7027587890625
2022-06-02,12,1468,1642.9676513671875
2022-06-02,13,1470,1679.7301025390625
2022-06-02,14,1643,1762.160400390625
2022-06-02,15,1908,1921.8502197265625
2022-06-02,16,2086,2060.747802734375
2022-06-02,17,2245,2258.032958984375
2022-06-02,18,2355,2350.223876953125
2022-06-02,19,2432,2441.162353515625
2022-06-02,20,2463,2467.40576171875
2022-06-02,21,2364,2399.39990234375
2022-06-02,22,2189,2228.73486328125
2022-06-02,23,2063,2063.401123046875
2022-06-02,24,1989,1947.9661865234375
2022-06-03,1,1914,1850.2401123046875
2022-06-03,2,1844,1792.3094482421875
2022-06-03,3,1838,1768.236328125
2022-06-03,4,1886,1782.3929443359375
2022-06-03,5,1941,1873.20068359375
2022-06-03,6,2082,2007.5733642578125
2022-06-03,7,2250,2032.9849853515625
2022-06-03,8,2211,1921.530517578125
2022-06-03,9,2028,1857.031494140625
2022-06-03,10,1934,1730.706787109375
2022-06-03,11,1677,1684.159912109375
2022-06-03,12,1418,1624.185791015625
2022-06-03,13,1459,1641.9912109375
2022-06-03,14,1556,1695.3582763671875
2022-06-03,15,1693,1921.8502197265625
2022-06-03,16,1898,2060.747802734375
2022-06-03,17,2135,2258.032958984375
2022-06-03,18,2289,2344.7294921875
2022-06-03,19,2391,2433.112548828125
2022-06-03,20,2452,2461.73828125
2022-06-03,21,2373,2399.39990234375
2022-06-03,22,2213,2228.73486328125
2022-06-03,23,2073,2057.8935546875
2022-06-03,24,2001,1944.1209716796875
2022-06-04,1,1938,1850.5787353515625
2022-06-04,2,1844,1788.2161865234375
2022-06-04,3,1805,1749.3851318359375
2022-06-04,4,1801,1742.9124755859375
2022-06-04,5,1858,1736.7701416015625
2022-06-04,6,2016,1710.26171875
2022-06-04,7,2142,1718.4832763671875
2022-06-04,8,2105,1791.604736328125
2022-06-04,9,1898,1717.6527099609375
2022-06-04,10,1652,1735.661376953125
2022-06-04,11,1402,1581.7452392578125
2022-06-04,12,1288,1488.62060546875
2022-06-04,13,1261,1407.222412109375
2022-06-04,14,1361,1456.869384765625
2022-06-04,15,1565,1573.4580078125
2022-06-04,16,1826,1782.4384765625
2022-06-04,17,2114,1994.2747802734375
2022-06-04,18,2213,2203.46142578125
2022-06-04,19,2315,2285.943603515625
2022-06-04,20,2360,2322.756103515625
2022-06-04,21,2298,2240.34033203125
2022-06-04,22,2177,2153.1884765625
2022-06-04,23,2061,2012.647216796875
2022-06-04,24,1986,1912.9136962890625
2022-06-05,1,1881,1853.9571533203125
2022-06-05,2,1820,1802.504638671875
2022-06-05,3,1806,1771.5919189453125
2022-06-05,4,1765,1765.5413818359375
2022-06-05,5,1810,1767.94482421875
2022-06-05,6,1971,1817.9942626953125
2022-06-05,7,2030,1818.1409912109375
2022-06-05,8,1860,1791.5076904296875
2022-06-05,9,1582,1684.5489501953125
2022-06-05,10,1290,1576.5933837890625
2022-06-05,11,1180,1483.8876953125
2022-06-05,12,1140,1430.8797607421875
2022-06-05,13,1204,1501.768310546875
2022-06-05,14,1313,1664.850830078125
2022-06-05,15,1509,1788.9010009765625
2022-06-05,16,1797,1908.547607421875
2022-06-05,17,2082,2143.19189453125
2022-06-05,18,2321,2332.880859375
2022-06-05,19,2441,2347.85791015625
2022-06-05,20,2497,2417.531982421875
2022-06-05,21,2414,2366.86083984375
2022-06-05,22,2252,2219.507568359375
2022-06-05,23,2104,2079.06640625
2022-06-05,24,2010,1984.7105712890625
2022-06-06,1,1927,1971.352294921875
2022-06-06,2,1870,1918.4700927734375
2022-06-06,3,1848,1883.380859375
2022-06-06,4,1888,1904.8800048828125
2022-06-06,5,1962,1964.66845703125
2022-06-06,6,2100,2018.899169921875
2022-06-06,7,2269,2136.284912109375
2022-06-06,8,2165,2152.450927734375
2022-06-06,9,2001,2078.607177734375
2022-06-06,10,1892,1983.80859375
2022-06-06,11,1804,1985.7554931640625
2022-06-06,12,1663,1954.0987548828125
2022-06-06,13,1726,1923.8516845703125
2022-06-06,14,1854,1975.455810546875
2022-06-06,15,2042,2127.822021484375
2022-06-06,16,2276,2188.35693359375
2022-06-06,17,2497,2359.5888671875
2022-06-06,18,2588,2501.283203125
2022-06-06,19,2636,2600.68310546875
2022-06-06,20,2641,2607.89306640625
2022-06-06,21,2521,2494.75146484375
2022-06-06,22,2335,2320.1923828125
2022-06-06,23,2171,2168.764892578125
2022-06-06,24,2105,2047.1343994140625
2022-06-07,1,1993,1940.4129638671875
2022-06-07,2,1953,1914.336181640625
2022-06-07,3,1908,1890.74755859375
2022-06-07,4,1935,1882.9317626953125
2022-06-07,5,2029,1946.85302734375
2022-06-07,6,2207,2029.497314453125
2022-06-07,7,2353,2127.052734375
2022-06-07,8,2269,2153.093994140625
2022-06-07,9,1978,2070.7490234375
2022-06-07,10,1807,1949.847900390625
2022-06-07,11,1696,1907.00537109375
2022-06-07,12,1732,1849.2698974609375
2022-06-07,13,1805,1832.990234375
2022-06-07,14,1883,1899.762451171875
2022-06-07,15,2064,1967.2735595703125
2022-06-07,16,2184,2115.936767578125
2022-06-07,17,2349,2321.958740234375
2022-06-07,18,2503,2475.267333984375
2022-06-07,19,2575,2498.217529296875
2022-06-07,20,2594,2494.28125
2022-06-07,21,2476,2398.3828125
2022-06-07,22,2304,2228.73486328125
2022-06-07,23,2167,2063.772216796875
2022-06-07,24,2071,1949.5340576171875
2022-06-08,1,1956,1848.8631591796875
2022-06-08,2,1892,1783.5146484375
2022-06-08,3,1869,1764.2161865234375
2022-06-08,4,1905,1791.7998046875
2022-06-08,5,2014,1860.6044921875
2022-06-08,6,2158,1935.4937744140625
2022-06-08,7,2327,2002.5799560546875
2022-06-08,8,2199,2001.0577392578125
2022-06-08,9,1973,1918.1700439453125
2022-06-08,10,1795,1834.209716796875
2022-06-08,11,1768,1806.8604736328125
2022-06-08,12,1782,1825.71044921875
2022-06-08,13,1865,1857.527587890625
2022-06-08,14,1976,1927.908203125
2022-06-08,15,2104,2085.994873046875
2022-06-08,16,2266,2230.009521484375
2022-06-08,17,2419,2374.09521484375
2022-06-08,18,2574,2505.10009765625
2022-06-08,19,2626,2610.117431640625
2022-06-08,20,2627,2570.672119140625
2022-06-08,21,2515,2437.294921875
2022-06-08,22,2337,2230.6962890625
2022-06-08,23,2228,2065.34228515625
2022-06-08,24,2166,1970.740478515625
2022-06-09,1,2072,1886.6160888671875
2022-06-09,2,1974,1831.0648193359375
2022-06-09,3,1958,1801.7255859375
2022-06-09,4,1985,1822.959716796875
2022-06-09,5,1999,1876.4119873046875
2022-06-09,6,2125,1952.1043701171875
2022-06-09,7,2214,2051.89306640625
2022-06-09,8,2168,2062.548095703125
2022-06-09,9,2073,1989.174072265625
2022-06-09,10,1867,1922.5396728515625
2022-06-09,11,1697,1877.3641357421875
2022-06-09,12,1765,1865.5130615234375
2022-06-09,13,1940,1863.7442626953125
2022-06-09,14,2012,2013.6597900390625
2022-06-09,15,2155,2285.47509765625
2022-06-09,16,2332,2473.4111328125
2022-06-09,17,2532,2578.96240234375
2022-06-09,18,2629,2617.822265625
2022-06-09,19,2660,2651.8408203125
2022-06-09,20,2651,2683.984130859375
2022-06-09,21,2546,2513.41357421875
2022-06-09,22,2363,2313.537841796875
2022-06-09,23,2212,2163.383056640625
2022-06-09,24,2132,2087.0546875
2022-06-10,1,2114,1970.0113525390625
2022-06-10,2,2043,1904.8160400390625
2022-06-10,3,1950,1886.002197265625
2022-06-10,4,1952,1915.6910400390625
2022-06-10,5,1994,1985.7822265625
2022-06-10,6,2116,1975.5826416015625
2022-06-10,7,2321,2082.68359375
2022-06-10,8,2253,2056.879638671875
2022-06-10,9,2034,1939.8787841796875
2022-06-10,10,1839,1833.3912353515625
2022-06-10,11,1788,1809.102294921875
2022-06-10,12,1851,1831.9886474609375
2022-06-10,13,1909,1934.1395263671875
2022-06-10,14,2043,2230.9111328125
2022-06-10,15,2198,2351.763427734375
2022-06-10,16,2393,2355.81884765625
2022-06-10,17,2596,2574.0537109375
2022-06-10,18,2730,2669.900390625
2022-06-10,19,2809,2670.439453125
2022-06-10,20,2692,2733.64697265625
2022-06-10,21,2588,2659.882568359375
2022-06-10,22,2435,2393.836669921875
2022-06-10,23,2297,2181.667724609375
2022-06-10,24,2178,2085.430419921875
2022-06-11,1,2071,1962.4671630859375
2022-06-11,2,1967,1873.5784912109375
2022-06-11,3,1908,1827.890625
2022-06-11,4,1869,1823.735107421875
2022-06-11,5,1858,1857.1827392578125
2022-06-11,6,1877,1851.0079345703125
2022-06-11,7,1986,1887.3648681640625
2022-06-11,8,1914,1816.2755126953125
2022-06-11,9,1693,1826.5250244140625
2022-06-11,10,1631,1715.11279296875
2022-06-11,11,1597,1647.80029296875
2022-06-11,12,1597,1622.6705322265625
2022-06-11,13,1649,1619.4730224609375
2022-06-11,14,1771,1706.48583984375
2022-06-11,15,1987,1825.2039794921875
2022-06-11,16,2170,2080.750732421875
2022-06-11,17,2430,2385.667724609375
2022-06-11,18,2596,2578.349609375
2022-06-11,19,2622,2598.188720703125
2022-06-11,20,2637,2655.830810546875
2022-06-11,21,2555,2518.773681640625
2022-06-11,22,2388,2323.888916015625
2022-06-11,23,2226,2125.2294921875
2022-06-11,24,2129,1974.9498291015625
2022-06-12,1,2049,1925.375732421875
2022-06-12,2,1982,1911.72412109375
2022-06-12,3,1936,1787.64306640625
2022-06-12,4,1877,1768.5228271484375
2022-06-12,5,1849,1820.884765625
2022-06-12,6,1880,1810.7486572265625
2022-06-12,7,1940,1888.671630859375
2022-06-12,8,1803,1819.5401611328125
2022-06-12,9,1568,1662.7227783203125
2022-06-12,10,1533,1612.8157958984375
2022-06-12,11,1466,1523.714599609375
2022-06-12,12,1467,1672.7906494140625
2022-06-12,13,1476,1635.56005859375
2022-06-12,14,1587,1800.0509033203125
2022-06-12,15,1773,1961.7059326171875
2022-06-12,16,2038,1967.97119140625
2022-06-12,17,2299,2222.715576171875
2022-06-12,18,2460,2409.731201171875
2022-06-12,19,2521,2368.583740234375
2022-06-12,20,2544,2376.75439453125
2022-06-12,21,2457,2311.477294921875
2022-06-12,22,2277,2153.963623046875
2022-06-12,23,2115,2014.2174072265625
2022-06-12,24,2040,1912.9136962890625
2022-06-13,1,1960,1862.0205078125
2022-06-13,2,1897,1837.3427734375
2022-06-13,3,1893,1801.943359375
2022-06-13,4,1911,1834.44287109375
2022-06-13,5,2011,1901.5677490234375
2022-06-13,6,2225,1962.3724365234375
2022-06-13,7,2453,2104.279541015625
2022-06-13,8,2491,2168.1728515625
2022-06-13,9,2314,2174.38916015625
2022-06-13,10,1983,1966.1715087890625
2022-06-13,11,1436,1801.7464599609375
2022-06-13,12,1655,1724.0555419921875
2022-06-13,13,1744,1811.3565673828125
2022-06-13,14,1870,1817.3095703125
2022-06-13,15,2064,1904.652587890625
2022-06-13,16,2238,2042.4656982421875
2022-06-13,17,2392,2227.965087890625
2022-06-13,18,2485,2349.572265625
2022-06-13,19,2535,2439.9658203125
2022-06-13,20,2569,2482.710693359375
2022-06-13,21,2515,2419.476318359375
2022-06-13,22,2336,2310.165771484375
2022-06-13,23,2172,2139.552734375
2022-06-13,24,2096,2047.1185302734375
2022-06-14,1,2033,1923.1304931640625
2022-06-14,2,1920,1835.3660888671875
2022-06-14,3,1888,1798.1983642578125
2022-06-14,4,1914,1822.959716796875
2022-06-14,5,2004,1874.1619873046875
2022-06-14,6,2205,1934.5545654296875
2022-06-14,7,2323,1974.2459716796875
2022-06-14,8,2189,1949.9847412109375
2022-06-14,9,2027,1835.148681640625
2022-06-14,10,1811,1802.4146728515625
2022-06-14,11,1676,1793.2384033203125
2022-06-14,12,1653,1777.581298828125
2022-06-14,13,1671,1817.0009765625
2022-06-14,14,1773,1877.80029296875
2022-06-14,15,1943,2059.058837890625
2022-06-14,16,2181,2247.56982421875
2022-06-14,17,2402,2468.479248046875
2022-06-14,18,2531,2526.75048828125
2022-06-14,19,2589,2512.030029296875
2022-06-14,20,2617,2540.8486328125
2022-06-14,21,2536,2460.2041015625
2022-06-14,22,2352,2250.587158203125
2022-06-14,23,2202,2073.4638671875
2022-06-14,24,2096,1977.6717529296875
2022-06-15,1,2024,1891.31396484375
2022-06-15,2,1949,1826.861328125
2022-06-15,3,1922,1806.8729248046875
2022-06-15,4,1941,1822.311767578125
2022-06-15,5,2048,1876.4119873046875
2022-06-15,6,2145,1956.960693359375
2022-06-15,7,2171,2043.6729736328125
2022-06-15,8,2158,2003.1082763671875
2022-06-15,9,1986,1805.1988525390625
2022-06-15,10,1832,1780.2119140625
2022-06-15,11,1762,1736.4854736328125
2022-06-15,12,1742,1715.025146484375
2022-06-15,13,1758,1817.0009765625
2022-06-15,14,1896,1856.364990234375
2022-06-15,15,2080,2004.5286865234375
2022-06-15,16,2228,2230.009521484375
2022-06-15,17,2432,2405.20849609375
2022-06-15,18,2564,2562.63427734375
2022-06-15,19,2604,2639.56201171875
2022-06-15,20,2624,2580.044677734375
2022-06-15,21,2529,2454.3076171875
2022-06-15,22,2351,2243.255126953125
2022-06-15,23,2174,2076.0234375
2022-06-15,24,2103,1971.387939453125
2022-06-16,1,2021,1861.5792236328125
2022-06-16,2,1931,1837.3427734375
2022-06-16,3,1893,1804.7060546875
2022-06-16,4,1903,1822.959716796875
2022-06-16,5,1976,1874.1619873046875
2022-06-16,6,2098,1896.390380859375
2022-06-16,7,2262,1970.15673828125
2022-06-16,8,2343,1948.2008056640625
2022-06-16,9,2098,1900.1602783203125
2022-06-16,10,1783,1775.974609375
2022-06-16,11,1676,1760.3709716796875
2022-06-16,12,1667,1808.35009765625
2022-06-16,13,1745,1830.4052734375
2022-06-16,14,1868,1914.1658935546875
2022-06-16,15,2026,2089.346435546875
2022-06-16,16,2227,2248.61669921875
2022-06-16,17,2444,2458.492431640625
2022-06-16,18,2570,2530.801513671875
2022-06-16,19,2604,2519.2607421875
2022-06-16,20,2609,2499.77001953125
2022-06-16,21,2515,2397.76806640625
2022-06-16,22,2337,2230.6962890625
2022-06-16,23,2190,2065.34228515625
2022-06-16,24,2100,1955.2071533203125
2022-06-17,1,2018,1860.7784423828125
2022-06-17,2,1947,1833.30224609375
2022-06-17,3,1917,1814.9674072265625
2022-06-17,4,1938,1822.959716796875
2022-06-17,5,1982,1893.248046875
2022-06-17,6,2019,1996.68359375
2022-06-17,7,2048,2021.3489990234375
2022-06-17,8,2022,1998.4765625
2022-06-17,9,1934,1881.7821044921875
2022-06-17,10,1849,1802.2078857421875
2022-06-17,11,1806,1680.4256591796875
2022-06-17,12,1746,1665.3095703125
2022-06-17,13,1695,1696.5838623046875
2022-06-17,14,1728,1758.91259765625
2022-06-17,15,1862,1920.40234375
2022-06-17,16,2025,2068.897705078125
2022-06-17,17,2249,2286.95751953125
2022-06-17,18,2402,2416.295166015625
2022-06-17,19,2468,2466.634521484375
2022-06-17,20,2512,2519.645751953125
2022-06-17,21,2443,2438.240966796875
2022-06-17,22,2292,2266.7509765625
2022-06-17,23,2136,2122.170166015625
2022-06-17,24,2055,1999.581298828125
2022-06-18,1,1945,1873.9029541015625
2022-06-18,2,1839,1805.8050537109375
2022-06-18,3,1824,1764.8377685546875
2022-06-18,4,1808,1755.79638671875
2022-06-18,5,1793,1765.5750732421875
2022-06-18,6,1830,1748.869384765625
2022-06-18,7,1918,1710.1513671875
2022-06-18,8,1790,1620.807861328125
2022-06-18,9,1629,1452.07763671875
2022-06-18,10,1445,1474.24853515625
2022-06-18,11,1269,1391.9935302734375
2022-06-18,12,1121,1336.5040283203125
2022-06-18,13,1137,1353.870849609375
2022-06-18,14,1185,1412.9918212890625
2022-06-18,15,1392,1515.9735107421875
2022-06-18,16,1639,1706.8673095703125
2022-06-18,17,1966,1981.60400390625
2022-06-18,18,2174,2224.36376953125
2022-06-18,19,2302,2318.23486328125
2022-06-18,20,2394,2349.15087890625
2022-06-18,21,2312,2314.11865234375
2022-06-18,22,2148,2153.1884765625
2022-06-18,23,2013,2014.2174072265625
2022-06-18,24,1949,1917.114013671875
2022-06-19,1,1822,1861.3450927734375
2022-06-19,2,1754,1833.772705078125
2022-06-19,3,1711,1781.720947265625
2022-06-19,4,1694,1753.9588623046875
2022-06-19,5,1735,1763.854736328125
2022-06-19,6,1886,1761.90283203125
2022-06-19,7,1950,1758.6953125
2022-06-19,8,1757,1604.908447265625
2022-06-19,9,1491,1419.548583984375
2022-06-19,10,1271,1391.1978759765625
2022-06-19,11,1142,1419.3087158203125
2022-06-19,12,1116,1508.52880859375
2022-06-19,13,1164,1480.7938232421875
2022-06-19,14,1266,1674.9173583984375
2022-06-19,15,1466,1814.5535888671875
2022-06-19,16,1716,2066.128662109375
2022-06-19,17,2032,2317.886474609375
2022-06-19,18,2270,2472.13037109375
2022-06-19,19,2375,2541.589111328125
2022-06-19,20,2437,2558.113037109375
2022-06-19,21,2398,2425.017578125
2022-06-19,22,2262,2250.5302734375
2022-06-19,23,2097,2078.69921875
2022-06-19,24,2016,1988.1866455078125
2022-06-20,1,1930,1928.1732177734375
2022-06-20,2,1881,1860.650634765625
2022-06-20,3,1836,1807.3299560546875
2022-06-20,4,1843,1788.3634033203125
2022-06-20,5,1909,1848.528564453125
2022-06-20,6,2029,1885.6900634765625
2022-06-20,7,2149,1982.7938232421875
2022-06-20,8,2157,2018.4483642578125
2022-06-20,9,2014,1941.4444580078125
2022-06-20,10,1886,1839.22998046875
2022-06-20,11,1775,1789.9757080078125
2022-06-20,12,1844,1883.817626953125
2022-06-20,13,1937,1973.0728759765625
2022-06-20,14,2104,2273.507568359375
2022-06-20,15,2286,2240.202392578125
2022-06-20,16,2536,2441.699951171875
2022-06-20,17,2782,2698.88427734375
2022-06-20,18,2908,2805.976318359375
2022-06-20,19,2916,2818.153564453125
2022-06-20,20,2888,2891.1396484375
2022-06-20,21,2773,2748.69384765625
2022-06-20,22,2549,2532.932373046875
2022-06-20,23,2328,2328.275146484375
2022-06-20,24,2232,2167.376953125
2022-06-21,1,2110,2021.6387939453125
2022-06-21,2,2023,1955.3623046875
2022-06-21,3,2015,1897.78759765625
2022-06-21,4,1995,1928.6949462890625
2022-06-21,5,2041,1987.5682373046875
2022-06-21,6,2125,1994.2537841796875
2022-06-21,7,2149,2043.6990966796875
2022-06-21,8,2191,2112.497314453125
2022-06-21,9,2183,1988.12451171875
2022-06-21,10,2058,1892.1292724609375
2022-06-21,11,1946,1816.886474609375
2022-06-21,12,1896,1810.34912109375
2022-06-21,13,2029,1880.5469970703125
2022-06-21,14,2203,1966.644287109375
2022-06-21,15,2413,2183.9873046875
2022-06-21,16,2602,2506.0
2022-06-21,17,2792,2755.08203125
2022-06-21,18,2859,2791.0615234375
2022-06-21,19,2854,2707.640869140625
2022-06-21,20,2847,2718.364990234375
2022-06-21,21,2739,2729.199462890625
2022-06-21,22,2539,2537.416748046875
2022-06-21,23,2356,2342.46337890625
2022-06-21,24,2308,2177.134765625
2022-06-22,1,2200,2020.970458984375
2022-06-22,2,2184,1954.9017333984375
2022-06-22,3,2110,1901.7493896484375
2022-06-22,4,2082,1932.1448974609375
2022-06-22,5,2116,2024.813720703125
2022-06-22,6,2171,2069.989501953125
2022-06-22,7,2234,2198.45458984375
2022-06-22,8,2296,2380.47119140625
2022-06-22,9,2462,2467.603271484375
2022-06-22,10,2438,2478.557861328125
2022-06-22,11,2311,2440.6142578125
2022-06-22,12,2298,2520.345947265625
2022-06-22,13,2501,2621.567138671875
2022-06-22,14,2519,2733.10791015625
2022-06-22,15,2753,2941.773681640625
2022-06-22,16,2988,2900.117431640625
2022-06-22,17,3081,3284.34326171875
2022-06-22,18,3044,3318.058837890625
2022-06-22,19,3030,3127.22705078125
2022-06-22,20,3007,3008.17236328125
2022-06-22,21,2890,2823.206298828125
2022-06-22,22,2674,2507.5390625
2022-06-22,23,2458,2441.69482421875
2022-06-22,24,2361,2299.03857421875
2022-06-23,1,2297,2154.554443359375
2022-06-23,2,2311,2102.2333984375
2022-06-23,3,2269,1928.94873046875
2022-06-23,4,2207,1924.573486328125
2022-06-23,5,2186,2058.67919921875
2022-06-23,6,2306,2107.18310546875
2022-06-23,7,2315,2182.337158203125
2022-06-23,8,2337,2063.31103515625
2022-06-23,9,2286,2008.385986328125
2022-06-23,10,2262,2006.3150634765625
2022-06-23,11,2306,2090.324462890625
2022-06-23,12,2354,2275.051025390625
2022-06-23,13,2457,2333.13623046875
2022-06-23,14,2632,2502.317138671875
2022-06-23,15,2774,2736.87060546875
2022-06-23,16,2964,2798.878662109375
2022-06-23,17,3165,2929.582275390625
2022-06-23,18,3245,2944.629150390625
2022-06-23,19,3187,2909.325927734375
2022-06-23,20,3112,2881.58056640625
2022-06-23,21,2980,2845.205078125
2022-06-23,22,2732,2603.751953125
2022-06-23,23,2511,2365.582763671875
2022-06-23,24,2461,2172.269775390625
2022-06-24,1,2360,2042.423828125
2022-06-24,2,2350,1963.5439453125
2022-06-24,3,2237,1928.835205078125
2022-06-24,4,2109,1922.73974609375
2022-06-24,5,2124,2034.7115478515625
2022-06-24,6,2161,2116.942626953125
2022-06-24,7,2221,2150.798583984375
2022-06-24,8,2220,2042.51171875
2022-06-24,9,2191,2007.813720703125
2022-06-24,10,2193,2008.600341796875
2022-06-24,11,2225,2054.100341796875
2022-06-24,12,2260,2093.83056640625
2022-06-24,13,2356,2225.784423828125
2022-06-24,14,2497,2339.47802734375
2022-06-24,15,2710,2413.677734375
2022-06-24,16,2887,2505.85986328125
2022-06-24,17,3054,2788.93017578125
2022-06-24,18,3150,2936.125244140625
2022-06-24,19,3109,2832.002197265625
2022-06-24,20,2982,2864.693115234375
2022-06-24,21,2887,2772.9306640625
2022-06-24,22,2689,2526.816650390625
2022-06-24,23,2536,2342.46337890625
2022-06-24,24,2530,2175.35498046875
2022-06-25,1,2370,2012.8131103515625
2022-06-25,2,2207,1931.662109375
2022-06-25,3,2034,1875.8487548828125
2022-06-25,4,1980,1840.592041015625
2022-06-25,5,1989,1857.1827392578125
2022-06-25,6,1947,1856.1051025390625
2022-06-25,7,1949,1851.70947265625
2022-06-25,8,1805,1864.036376953125
2022-06-25,9,1743,1806.488037109375
2022-06-25,10,1764,1791.9368896484375
2022-06-25,11,1831,1890.3548583984375
2022-06-25,12,1847,1889.789794921875
2022-06-25,13,1906,1851.7227783203125
2022-06-25,14,2065,1925.3759765625
2022-06-25,15,2262,2003.707275390625
2022-06-25,16,2506,2263.1396484375
2022-06-25,17,2783,2608.860595703125
2022-06-25,18,2961,2831.44091796875
2022-06-25,19,2964,2764.229736328125
2022-06-25,20,2892,2747.25146484375
2022-06-25,21,2775,2695.04638671875
2022-06-25,22,2602,2470.860595703125
2022-06-25,23,2525,2227.41162109375
2022-06-25,24,2304,2075.63037109375
2022-06-26,1,2132,1991.3065185546875
2022-06-26,2,2047,1881.425048828125
2022-06-26,3,1995,1847.095947265625
2022-06-26,4,1968,1842.37109375
2022-06-26,5,1887,1834.1356201171875
2022-06-26,6,1835,1833.255615234375
2022-06-26,7,1829,1876.9022216796875
2022-06-26,8,1837,1838.8814697265625
2022-06-26,9,1715,1736.59521484375
2022-06-26,10,1593,1763.9573974609375
2022-06-26,11,1621,1906.0181884765625
2022-06-26,12,1655,1920.2781982421875
2022-06-26,13,1791,1852.6995849609375
2022-06-26,14,1987,2020.29541015625
2022-06-26,15,2214,2154.7685546875
2022-06-26,16,2486,2262.842529296875
2022-06-26,17,2770,2569.315185546875
2022-06-26,18,2924,2709.804931640625
2022-06-26,19,2907,2672.1298828125
2022-06-26,20,2856,2635.16845703125
2022-06-26,21,2727,2537.611572265625
2022-06-26,22,2532,2338.327392578125
2022-06-26,23,2330,2176.1865234375
2022-06-26,24,2263,2085.439453125
2022-06-27,1,2225,2024.9019775390625
2022-06-27,2,2236,1956.81396484375
2022-06-27,3,2073,1935.3734130859375
2022-06-27,4,2020,1900.5523681640625
2022-06-27,5,2082,1961.7738037109375
2022-06-27,6,2228,2106.48046875
2022-06-27,7,2392,2241.99609375
2022-06-27,8,2278,2304.777099609375
2022-06-27,9,2162,2079.854248046875
2022-06-27,10,2180,2026.059326171875
2022-06-27,11,2263,2157.68359375
2022-06-27,12,2311,2523.310546875
2022-06-27,13,2440,2663.630126953125
2022-06-27,14,2629,2723.576904296875
2022-06-27,15,2859,2852.567138671875
2022-06-27,16,3087,3071.685302734375
2022-06-27,17,3282,3240.187744140625
2022-06-27,18,3334,3189.2373046875
2022-06-27,19,3277,3197.579345703125
2022-06-27,20,3195,3108.050537109375
2022-06-27,21,3044,2762.21337890625
2022-06-27,22,2789,2468.717529296875
2022-06-27,23,2568,2398.473388671875
2022-06-27,24,2485,2291.432861328125
2022-06-28,1,2322,2186.752197265625
2022-06-28,2,2213,2106.244384765625
2022-06-28,3,2173,2017.3157958984375
2022-06-28,4,2111,2014.216064453125
2022-06-28,5,2179,2171.061767578125
2022-06-28,6,2303,2231.79345703125
2022-06-28,7,2451,2310.757568359375
2022-06-28,8,2551,2190.10205078125
2022-06-28,9,2573,2034.5557861328125
2022-06-28,10,2475,2097.6875
2022-06-28,11,2463,2185.67431640625
2022-06-28,12,2529,2352.7314453125
2022-06-28,13,2661,2633.661376953125
2022-06-28,14,2823,2883.187744140625
2022-06-28,15,2988,3083.58984375
2022-06-28,16,3080,2947.62158203125
2022-06-28,17,3264,3062.24169921875
2022-06-28,18,3342,2959.200439453125
2022-06-28,19,3278,3037.680419921875
2022-06-28,20,3193,2940.95458984375
2022-06-28,21,3035,2777.9296875
2022-06-28,22,2789,2534.033447265625
2022-06-28,23,2556,2375.773193359375
2022-06-28,24,2405,2189.72021484375
2022-06-29,1,2294,2038.160888671875
2022-06-29,2,2186,1918.6971435546875
2022-06-29,3,2171,1914.70654296875
2022-06-29,4,2173,1959.320556640625
2022-06-29,5,2186,2030.1251220703125
2022-06-29,6,2261,2138.83935546875
2022-06-29,7,2346,2140.510498046875
2022-06-29,8,2460,2133.851806640625
2022-06-29,9,2403,2037.380126953125
2022-06-29,10,2459,1962.0064697265625
2022-06-29,11,2402,2065.705810546875
2022-06-29,12,2582,2290.6552734375
2022-06-29,13,2740,2418.938232421875
2022-06-29,14,2836,2527.275390625
2022-06-29,15,2823,2745.876708984375
2022-06-29,16,2940,2809.560546875
2022-06-29,17,3075,3018.393798828125
2022-06-29,18,3148,3035.431396484375
2022-06-29,19,3145,2871.22998046875
2022-06-29,20,3085,2882.755126953125
2022-06-29,21,2936,2774.083251953125
2022-06-29,22,2681,2547.719482421875
2022-06-29,23,2429,2372.624755859375
2022-06-29,24,2301,2189.193115234375
2022-06-30,1,2195,2025.146240234375
2022-06-30,2,2159,1952.381103515625
2022-06-30,3,2170,1931.512939453125
2022-06-30,4,2166,1965.2069091796875
2022-06-30,5,2185,2045.0689697265625
2022-06-30,6,2310,2144.99853515625
2022-06-30,7,2509,2246.092041015625
2022-06-30,8,2490,2293.050048828125
2022-06-30,9,2322,2351.678955078125
2022-06-30,10,2217,2230.20556640625
2022-06-30,11,2217,2155.625732421875
2022-06-30,12,2254,2076.628662109375
2022-06-30,13,2351,2164.495849609375
2022-06-30,14,2511,2319.762939453125
2022-06-30,15,2743,2550.8134765625
2022-06-30,16,2967,2776.1416015625
2022-06-30,17,3127,2786.353271484375
2022-06-30,18,3195,2812.83154296875
2022-06-30,19,3115,2773.562744140625
2022-06-30,20,3106,2810.355224609375
2022-06-30,21,3033,2758.476318359375
2022-06-30,22,2736,2509.842041015625
2022-06-30,23,2511,2336.89453125
2022-06-30,24,2398,2175.35498046875
2022-07-01,1,2378,2048.953857421875
2022-07-01,2,2273,1962.876708984375
2022-07-01,3,2265,1930.60205078125
2022-07-01,4,2152,1935.2095947265625
2022-07-01,5,2203,2064.5087890625
2022-07-01,6,2307,2132.027587890625
2022-07-01,7,2400,2259.218017578125
2022-07-01,8,2390,2281.240478515625
2022-07-01,9,2306,2200.387451171875
2022-07-01,10,2251,2087.704345703125
2022-07-01,11,2201,2065.94580078125
2022-07-01,12,2209,2014.3052978515625
2022-07-01,13,2259,2087.173095703125
2022-07-01,14,2362,2231.46923828125
2022-07-01,15,2541,2388.48193359375
2022-07-01,16,2729,2623.43408203125
2022-07-01,17,2918,2862.420166015625
2022-07-01,18,3017,2860.07568359375
2022-07-01,19,2986,2835.005126953125
2022-07-01,20,2932,2788.60107421875
2022-07-01,21,2826,2753.021728515625
2022-07-01,22,2650,2592.837158203125
2022-07-01,23,2485,2386.531982421875
2022-07-01,24,2431,2213.796875
2022-07-02,1,2290,2030.746826171875
2022-07-02,2,2152,1933.4833984375
2022-07-02,3,2004,1877.758544921875
2022-07-02,4,1986,1868.7122802734375
2022-07-02,5,1971,1871.7073974609375
2022-07-02,6,1983,1819.2392578125
2022-07-02,7,2056,1867.912109375
2022-07-02,8,2123,1842.9322509765625
2022-07-02,9,1894,1834.3023681640625
2022-07-02,10,1748,1820.2056884765625
2022-07-02,11,1677,1768.28076171875
2022-07-02,12,1661,1826.9420166015625
2022-07-02,13,1704,1840.088134765625
2022-07-02,14,1809,1949.1865234375
2022-07-02,15,1987,2072.487060546875
2022-07-02,16,2242,2144.70263671875
2022-07-02,17,2470,2375.112548828125
2022-07-02,18,2606,2530.50537109375
2022-07-02,19,2634,2569.291259765625
2022-07-02,20,2633,2581.974609375
2022-07-02,21,2550,2465.232421875
2022-07-02,22,2409,2260.076904296875
2022-07-02,23,2261,2118.332763671875
2022-07-02,24,2135,2036.51708984375
2022-07-03,1,2027,1969.167236328125
2022-07-03,2,1937,1882.112548828125
2022-07-03,3,1894,1849.88818359375
2022-07-03,4,1878,1845.593017578125
2022-07-03,5,1885,1852.448974609375
2022-07-03,6,1946,1853.9647216796875
2022-07-03,7,2072,1856.810791015625
2022-07-03,8,1966,1795.671142578125
2022-07-03,9,1777,1724.99365234375
2022-07-03,10,1533,1526.50244140625
2022-07-03,11,1399,1590.2618408203125
2022-07-03,12,1371,1522.9366455078125
2022-07-03,13,1434,1469.09521484375
2022-07-03,14,1506,1531.5870361328125
2022-07-03,15,1674,1645.39013671875
2022-07-03,16,1913,1825.5592041015625
2022-07-03,17,2213,2142.785888671875
2022-07-03,18,2405,2339.270263671875
2022-07-03,19,2514,2499.331298828125
2022-07-03,20,2575,2547.011474609375
2022-07-03,21,2521,2442.32177734375
2022-07-03,22,2386,2249.694580078125
2022-07-03,23,2260,2118.332763671875
2022-07-03,24,2224,2032.367919921875
2022-07-04,1,2108,1980.7398681640625
2022-07-04,2,1982,1917.443115234375
2022-07-04,3,1963,1895.027587890625
2022-07-04,4,1977,1900.7574462890625
2022-07-04,5,1998,1926.940185546875
2022-07-04,6,2025,1916.8240966796875
2022-07-04,7,2057,2033.1407470703125
2022-07-04,8,1973,2040.3385009765625
2022-07-04,9,1779,1929.239013671875
2022-07-04,10,1543,1754.225830078125
2022-07-04,11,1461,1695.017333984375
2022-07-04,12,1438,1684.2537841796875
2022-07-04,13,1494,1720.195556640625
2022-07-04,14,1585,1738.959228515625
2022-07-04,15,1746,1831.0081787109375
2022-07-04,16,1981,2043.1407470703125
2022-07-04,17,2246,2290.0068359375
2022-07-04,18,2421,2483.014404296875
2022-07-04,19,2497,2579.186767578125
2022-07-04,20,2522,2564.820068359375
2022-07-04,21,2465,2451.256591796875
2022-07-04,22,2373,2310.035888671875
2022-07-04,23,2228,2163.5
2022-07-04,24,2145,2025.89501953125
2022-07-05,1,2043,1956.6123046875
2022-07-05,2,2005,1951.465087890625
2022-07-05,3,1981,1842.1197509765625
2022-07-05,4,2011,1838.791259765625
2022-07-05,5,2101,1900.1038818359375
2022-07-05,6,2169,2023.3232421875
2022-07-05,7,2290,2017.55078125
2022-07-05,8,2257,2093.587158203125
2022-07-05,9,2142,2067.544921875
2022-07-05,10,2044,2011.3531494140625
2022-07-05,11,1976,2017.988525390625
2022-07-05,12,1899,2039.202392578125
2022-07-05,13,1936,1998.0565185546875
2022-07-05,14,2076,2137.166748046875
2022-07-05,15,2259,2260.169921875
2022-07-05,16,2435,2369.943603515625
2022-07-05,17,2654,2577.731689453125
2022-07-05,18,2798,2649.832275390625
2022-07-05,19,2829,2713.168701171875
2022-07-05,20,2831,2723.8720703125
2022-07-05,21,2751,2660.8671875
2022-07-05,22,2571,2475.943603515625
2022-07-05,23,2402,2284.998291015625
2022-07-05,24,2289,2186.009765625
2022-07-06,1,2130,2147.615234375
2022-07-06,2,2075,2077.082763671875
2022-07-06,3,2014,2051.04296875
2022-07-06,4,2037,2081.567138671875
2022-07-06,5,2117,2155.648681640625
2022-07-06,6,2224,2189.878662109375
2022-07-06,7,2368,2299.235107421875
2022-07-06,8,2497,2359.942138671875
2022-07-06,9,2458,2297.958984375
2022-07-06,10,2239,2321.5224609375
2022-07-06,11,2048,2136.2578125
2022-07-06,12,2085,1984.9693603515625
2022-07-06,13,2088,2034.4698486328125
2022-07-06,14,2146,2155.592529296875
2022-07-06,15,2264,2297.5908203125
2022-07-06,16,2433,2369.943603515625
2022-07-06,17,2621,2581.52880859375
2022-07-06,18,2747,2652.3583984375
2022-07-06,19,2764,2711.997802734375
2022-07-06,20,2771,2733.1298828125
2022-07-06,21,2681,2620.497314453125
2022-07-06,22,2488,2448.918212890625
2022-07-06,23,2321,2265.4912109375
2022-07-06,24,2308,2167.92626953125
2022-07-07,1,2200,2038.2568359375
2022-07-07,2,2087,1957.8560791015625
2022-07-07,3,2014,1962.526611328125
2022-07-07,4,2007,2007.8931884765625
2022-07-07,5,2086,2074.619384765625
2022-07-07,6,2191,2115.69384765625
2022-07-07,7,2330,2243.067138671875
2022-07-07,8,2377,2202.58642578125
2022-07-07,9,2222,2144.61572265625
2022-07-07,10,2018,2080.266357421875
2022-07-07,11,1942,2073.111572265625
2022-07-07,12,1965,2014.3604736328125
2022-07-07,13,2005,1998.2708740234375
2022-07-07,14,2111,2183.56884765625
2022-07-07,15,2275,2337.9736328125
2022-07-07,16,2483,2527.49365234375
2022-07-07,17,2698,2662.301513671875
2022-07-07,18,2816,2707.484130859375
2022-07-07,19,2824,2714.05419921875
2022-07-07,20,2814,2727.301513671875
2022-07-07,21,2719,2615.30859375
2022-07-07,22,2534,2422.591796875
2022-07-07,23,2392,2245.72314453125
2022-07-07,24,2315,2142.143798828125
2022-07-08,1,2172,2036.268798828125
2022-07-08,2,2145,1970.047607421875
2022-07-08,3,2053,1943.82421875
2022-07-08,4,2025,1983.178955078125
2022-07-08,5,2099,2060.489990234375
2022-07-08,6,2216,2126.480712890625
2022-07-08,7,2359,2254.796630859375
2022-07-08,8,2391,2201.72412109375
2022-07-08,9,2231,2149.392333984375
2022-07-08,10,2063,2112.35595703125
2022-07-08,11,1912,2091.802490234375
2022-07-08,12,1907,2000.7203369140625
2022-07-08,13,1981,2054.185791015625
2022-07-08,14,2108,2105.94921875
2022-07-08,15,2286,2276.614990234375
2022-07-08,16,2509,2382.044921875
2022-07-08,17,2766,2603.88623046875
2022-07-08,18,2827,2732.96142578125
2022-07-08,19,2849,2793.552490234375
2022-07-08,20,2835,2765.872802734375
2022-07-08,21,2735,2671.358154296875
2022-07-08,22,2562,2423.57861328125
2022-07-08,23,2393,2199.04638671875
2022-07-08,24,2285,2103.04248046875
2022-07-09,1,2149,1969.167236328125
2022-07-09,2,2071,1881.5670166015625
2022-07-09,3,2044,1846.3824462890625
2022-07-09,4,2030,1840.498779296875
2022-07-09,5,2035,1854.6298828125
2022-07-09,6,2072,1862.600341796875
2022-07-09,7,2052,1862.2015380859375
2022-07-09,8,2008,1788.1121826171875
2022-07-09,9,1874,1692.061767578125
2022-07-09,10,1830,1705.9337158203125
2022-07-09,11,1711,1823.5111083984375
2022-07-09,12,1711,1899.8533935546875
2022-07-09,13,1818,1905.5859375
2022-07-09,14,1965,2020.4920654296875
2022-07-09,15,2163,2270.018798828125
2022-07-09,16,2405,2406.630859375
2022-07-09,17,2664,2648.5703125
2022-07-09,18,2835,2843.840576171875
2022-07-09,19,2859,2714.538818359375
2022-07-09,20,2836,2726.482666015625
2022-07-09,21,2731,2664.258056640625
2022-07-09,22,2546,2508.291748046875
2022-07-09,23,2400,2313.412109375
2022-07-09,24,2311,2145.862548828125
2022-07-10,1,2174,2024.94482421875
2022-07-10,2,2083,1934.392578125
2022-07-10,3,1961,1877.758544921875
2022-07-10,4,1957,1864.57666015625
2022-07-10,5,1925,1868.8775634765625
2022-07-10,6,2006,1880.00732421875
2022-07-10,7,2087,1880.7275390625
2022-07-10,8,1954,1803.73095703125
2022-07-10,9,1709,1664.26904296875
2022-07-10,10,1584,1698.4404296875
2022-07-10,11,1571,1790.3447265625
2022-07-10,12,1627,1835.90380859375
2022-07-10,13,1728,1897.8311767578125
2022-07-10,14,1896,2036.2373046875
2022-07-10,15,2104,2146.525390625
2022-07-10,16,2380,2385.067138671875
2022-07-10,17,2695,2670.62451171875
2022-07-10,18,2877,2773.37890625
2022-07-10,19,2868,2807.49169921875
2022-07-10,20,2842,2748.221923828125
2022-07-10,21,2740,2675.339111328125
2022-07-10,22,2518,2468.497314453125
2022-07-10,23,2328,2239.95947265625
2022-07-10,24,2236,2092.746337890625
2022-07-11,1,2143,2043.6082763671875
2022-07-11,2,2098,1966.3023681640625
2022-07-11,3,2017,1936.1641845703125
2022-07-11,4,2043,1947.520751953125
2022-07-11,5,2149,1996.166748046875
2022-07-11,6,2358,2060.889404296875
2022-07-11,7,2580,2110.3896484375
2022-07-11,8,2562,2094.742919921875
2022-07-11,9,2327,2040.0673828125
2022-07-11,10,2071,2014.740478515625
2022-07-11,11,1969,2034.3095703125
2022-07-11,12,1952,2051.51953125
2022-07-11,13,2031,2048.239501953125
2022-07-11,14,2191,2236.243896484375
2022-07-11,15,2361,2412.01025390625
2022-07-11,16,2551,2410.102783203125
2022-07-11,17,2737,2603.7421875
2022-07-11,18,2799,2695.7470703125
2022-07-11,19,2794,2676.734375
2022-07-11,20,2770,2698.722412109375
2022-07-11,21,2669,2573.384033203125
2022-07-11,22,2511,2382.843017578125
2022-07-11,23,2382,2196.257080078125
2022-07-11,24,2195,2095.194091796875
2022-07-12,1,2169,1986.423583984375
2022-07-12,2,2086,1913.8468017578125
2022-07-12,3,1979,1897.7808837890625
2022-07-12,4,1994,1937.738037109375
2022-07-12,5,2073,2015.9403076171875
2022-07-12,6,2203,2087.6240234375
2022-07-12,7,2366,2176.77001953125
2022-07-12,8,2438,2158.55078125
2022-07-12,9,2353,2083.858154296875
2022-07-12,10,2036,1906.813232421875
2022-07-12,11,1756,1948.6390380859375
2022-07-12,12,1702,1975.274658203125
2022-07-12,13,1773,1942.5650634765625
2022-07-12,14,1928,2056.9345703125
2022-07-12,15,2094,2108.83349609375
2022-07-12,16,2299,2250.82763671875
2022-07-12,17,2535,2431.71142578125
2022-07-12,18,2670,2571.753173828125
2022-07-12,19,2714,2625.087646484375
2022-07-12,20,2713,2646.453369140625
2022-07-12,21,2610,2554.6982421875
2022-07-12,22,2438,2361.54541015625
2022-07-12,23,2326,2196.2080078125
2022-07-12,24,2178,2062.309814453125
2022-07-13,1,2091,1984.4537353515625
2022-07-13,2,1980,1925.677490234375
2022-07-13,3,1951,1897.6082763671875
2022-07-13,4,1981,1915.93212890625
2022-07-13,5,2066,1949.4468994140625
2022-07-13,6,2141,2021.927001953125
2022-07-13,7,2215,2088.993896484375
2022-07-13,8,2203,2078.306640625
2022-07-13,9,2109,2021.8101806640625
2022-07-13,10,2014,1967.616455078125
2022-07-13,11,1933,2005.5391845703125
2022-07-13,12,1990,2046.1845703125
2022-07-13,13,1949,2041.2755126953125
2022-07-13,14,2098,2149.14794921875
2022-07-13,15,2243,2307.068603515625
2022-07-13,16,2450,2407.763916015625
2022-07-13,17,2641,2582.197998046875
2022-07-13,18,2753,2646.68212890625
2022-07-13,19,2768,2685.87353515625
2022-07-13,20,2779,2693.245361328125
2022-07-13,21,2688,2568.239990234375
2022-07-13,22,2499,2397.421875
2022-07-13,23,2329,2208.0419921875
2022-07-13,24,2225,2116.119384765625
2022-07-14,1,2107,2023.4947509765625
2022-07-14,2,2092,1966.3023681640625
2022-07-14,3,2014,1925.915771484375
2022-07-14,4,2017,1942.871826171875
2022-07-14,5,2095,2034.152587890625
2022-07-14,6,2193,2153.873291015625
2022-07-14,7,2314,2207.497314453125
2022-07-14,8,2390,2173.4013671875
2022-07-14,9,2366,2090.72216796875
2022-07-14,10,2234,2017.349365234375
2022-07-14,11,2121,2037.2391357421875
2022-07-14,12,2047,2076.103515625
2022-07-14,13,1994,2128.39697265625
2022-07-14,14,2137,2179.877685546875
2022-07-14,15,2290,2324.55126953125
2022-07-14,16,2513,2416.91015625
2022-07-14,17,2659,2621.154296875
2022-07-14,18,2781,2735.69482421875
2022-07-14,19,2786,2731.501708984375
2022-07-14,20,2774,2751.908447265625
2022-07-14,21,2676,2677.295654296875
2022-07-14,22,2497,2452.688232421875
2022-07-14,23,2379,2265.4912109375
2022-07-14,24,2282,2167.92626953125
2022-07-15,1,2269,2051.093994140625
2022-07-15,2,2185,1970.047607421875
2022-07-15,3,2149,1943.82421875
2022-07-15,4,2154,1961.7900390625
2022-07-15,5,2140,2045.2244873046875
2022-07-15,6,2165,2147.027099609375
2022-07-15,7,2275,2204.60107421875
2022-07-15,8,2223,2129.950439453125
2022-07-15,9,2101,2049.21923828125
2022-07-15,10,1994,2026.2755126953125
2022-07-15,11,1974,2045.12451171875
2022-07-15,12,1987,2087.1025390625
2022-07-15,13,2082,2199.57568359375
2022-07-15,14,2226,2317.277099609375
2022-07-15,15,2429,2483.6962890625
2022-07-15,16,2622,2655.307861328125
2022-07-15,17,2819,2780.912109375
2022-07-15,18,2883,2807.522216796875
2022-07-15,19,2870,2816.055908203125
2022-07-15,20,2844,2834.52880859375
2022-07-15,21,2749,2676.05908203125
2022-07-15,22,2583,2416.841064453125
2022-07-15,23,2401,2265.4912109375
2022-07-15,24,2282,2142.492919921875
2022-07-16,1,2198,2003.7852783203125
2022-07-16,2,2122,1934.392578125
2022-07-16,3,2021,1876.0538330078125
2022-07-16,4,2014,1864.57666015625
2022-07-16,5,2004,1863.3525390625
2022-07-16,6,2016,1889.9298095703125
2022-07-16,7,2137,1896.267578125
2022-07-16,8,2229,1884.1934814453125
2022-07-16,9,2205,1965.265625
2022-07-16,10,2044,1904.2042236328125
2022-07-16,11,1886,1998.272216796875
2022-07-16,12,1869,2006.7579345703125
2022-07-16,13,1979,2142.111328125
2022-07-16,14,2091,2259.822509765625
2022-07-16,15,2295,2411.71044921875
2022-07-16,16,2529,2719.658203125
2022-07-16,17,2718,2831.92138671875
2022-07-16,18,2814,2819.155517578125
2022-07-16,19,2807,2891.08154296875
2022-07-16,20,2804,2873.56396484375
2022-07-16,21,2716,2751.654296875
2022-07-16,22,2551,2577.785400390625
2022-07-16,23,2378,2408.331787109375
2022-07-16,24,2271,2257.878173828125
2022-07-17,1,2186,2104.91552734375
2022-07-17,2,2056,2021.91357421875
2022-07-17,3,1998,1922.7904052734375
2022-07-17,4,1977,1907.4993896484375
2022-07-17,5,1981,1968.361572265625
2022-07-17,6,2014,2029.5335693359375
2022-07-17,7,2098,2083.815185546875
2022-07-17,8,2192,2079.775146484375
2022-07-17,9,2123,2067.462890625
2022-07-17,10,1951,2042.5623779296875
2022-07-17,11,1867,2060.699462890625
2022-07-17,12,1936,2089.09716796875
2022-07-17,13,2144,2134.60498046875
2022-07-17,14,2416,2276.64892578125
2022-07-17,15,2466,2394.17626953125
2022-07-17,16,2494,2531.909423828125
2022-07-17,17,2602,2792.55859375
2022-07-17,18,2887,2791.032470703125
2022-07-17,19,3067,2740.6552734375
2022-07-17,20,2919,2759.931640625
2022-07-17,21,2751,2673.2705078125
2022-07-17,22,2609,2519.87451171875
2022-07-17,23,2470,2317.463623046875
2022-07-17,24,2402,2150.41796875
2022-07-18,1,2348,2143.717041015625
2022-07-18,2,2235,2078.940673828125
2022-07-18,3,2152,2036.728759765625
2022-07-18,4,2086,2023.376220703125
2022-07-18,5,2160,2139.527099609375
2022-07-18,6,2253,2261.793701171875
2022-07-18,7,2336,2356.344970703125
2022-07-18,8,2385,2418.10302734375
2022-07-18,9,2325,2452.101806640625
2022-07-18,10,2316,2326.9365234375
2022-07-18,11,2291,2323.866455078125
2022-07-18,12,2352,2355.714599609375
2022-07-18,13,2477,2440.9072265625
2022-07-18,14,2583,2552.16455078125
2022-07-18,15,2725,2712.68408203125
2022-07-18,16,2897,2692.30908203125
2022-07-18,17,3104,2848.677490234375
2022-07-18,18,3194,3019.730712890625
2022-07-18,19,3180,3074.852294921875
2022-07-18,20,3107,3025.124267578125
2022-07-18,21,2952,2866.599609375
2022-07-18,22,2731,2645.341064453125
2022-07-18,23,2548,2445.98779296875
2022-07-18,24,2384,2283.8544921875
2022-07-19,1,2342,2147.889892578125
2022-07-19,2,2348,2081.052734375
2022-07-19,3,2290,2069.159423828125
2022-07-19,4,2240,2096.698486328125
2022-07-19,5,2225,2191.4580078125
2022-07-19,6,2322,2329.634033203125
2022-07-19,7,2516,2467.627197265625
2022-07-19,8,2432,2423.60205078125
2022-07-19,9,2325,2358.2978515625
2022-07-19,10,2326,2481.772216796875
2022-07-19,11,2359,2538.900390625
2022-07-19,12,2429,2581.68408203125
2022-07-19,13,2550,2645.499755859375
2022-07-19,14,2679,2760.449951171875
2022-07-19,15,2891,2948.310791015625
2022-07-19,16,3156,3077.6240234375
2022-07-19,17,3309,3255.229736328125
2022-07-19,18,3426,3180.703857421875
2022-07-19,19,3401,3135.044921875
2022-07-19,20,3228,3142.75634765625
2022-07-19,21,3060,2984.828125
2022-07-19,22,2840,2722.54638671875
2022-07-19,23,2655,2492.9638671875
2022-07-19,24,2595,2348.4541015625
2022-07-20,1,2552,2219.15234375
2022-07-20,2,2468,2172.47705078125
2022-07-20,3,2409,2120.44287109375
2022-07-20,4,2406,2113.634765625
2022-07-20,5,2341,2214.91845703125
2022-07-20,6,2374,2295.29443359375
2022-07-20,7,2497,2357.419921875
2022-07-20,8,2458,2373.223388671875
2022-07-20,9,2373,2331.46923828125
2022-07-20,10,2268,2246.974609375
2022-07-20,11,2275,2316.70654296875
2022-07-20,12,2351,2468.8583984375
2022-07-20,13,2559,2636.466796875
2022-07-20,14,2817,2775.753173828125
2022-07-20,15,3034,2844.570068359375
2022-07-20,16,3095,2984.98388671875
2022-07-20,17,3086,2960.719482421875
2022-07-20,18,3064,2899.2138671875
2022-07-20,19,3030,3055.87109375
2022-07-20,20,3015,3013.172119140625
2022-07-20,21,2915,2851.676513671875
2022-07-20,22,2714,2641.3662109375
2022-07-20,23,2486,2444.947021484375
2022-07-20,24,2386,2302.91748046875
2022-07-21,1,2293,2197.64501953125
2022-07-21,2,2196,2119.77734375
2022-07-21,3,2147,2086.05615234375
2022-07-21,4,2179,2077.60009765625
2022-07-21,5,2208,2157.471435546875
2022-07-21,6,2356,2273.01416015625
2022-07-21,7,2585,2355.292724609375
2022-07-21,8,2630,2353.1533203125
2022-07-21,9,2574,2320.943603515625
2022-07-21,10,2415,2380.43798828125
2022-07-21,11,2379,2471.415771484375
2022-07-21,12,2428,2360.35107421875
2022-07-21,13,2508,2494.515625
2022-07-21,14,2684,2590.993408203125
2022-07-21,15,2814,2789.574951171875
2022-07-21,16,2963,2981.11669921875
2022-07-21,17,3007,3048.9501953125
2022-07-21,18,2990,2876.5615234375
2022-07-21,19,2967,2732.363037109375
2022-07-21,20,2930,2736.416748046875
2022-07-21,21,2804,2665.555908203125
2022-07-21,22,2591,2426.36181640625
2022-07-21,23,2417,2199.04638671875
2022-07-21,24,2312,2103.04248046875
2022-07-22,1,2194,1996.0330810546875
2022-07-22,2,2120,1953.0780029296875
2022-07-22,3,2052,1913.6702880859375
2022-07-22,4,2096,1942.4990234375
2022-07-22,5,2160,2040.4383544921875
2022-07-22,6,2292,2157.8505859375
2022-07-22,7,2425,2213.18994140625
2022-07-22,8,2513,2200.539306640625
2022-07-22,9,2362,2146.822509765625
2022-07-22,10,2197,2112.35595703125
2022-07-22,11,2105,2088.04345703125
2022-07-22,12,2074,2080.76025390625
2022-07-22,13,2162,2156.012451171875
2022-07-22,14,2280,2307.273681640625
2022-07-22,15,2432,2451.465576171875
2022-07-22,16,2625,2528.08447265625
2022-07-22,17,2842,2742.16552734375
2022-07-22,18,2908,2789.988037109375
2022-07-22,19,2874,2746.1337890625
2022-07-22,20,2832,2713.030517578125
2022-07-22,21,2732,2612.137451171875
2022-07-22,22,2565,2420.982666015625
2022-07-22,23,2394,2268.6806640625
2022-07-22,24,2296,2161.9462890625
2022-07-23,1,2177,2023.8988037109375
2022-07-23,2,2098,1927.3660888671875
2022-07-23,3,2051,1884.813720703125
2022-07-23,4,2045,1851.7652587890625
2022-07-23,5,2062,1860.552734375
2022-07-23,6,2095,1899.749267578125
2022-07-23,7,2173,1940.3887939453125
2022-07-23,8,2219,1958.2716064453125
2022-07-23,9,2016,1843.65380859375
2022-07-23,10,1859,1830.857177734375
2022-07-23,11,1860,1809.52978515625
2022-07-23,12,1832,1793.35009765625
2022-07-23,13,1805,1894.314697265625
2022-07-23,14,1918,2009.150390625
2022-07-23,15,2096,2175.95556640625
2022-07-23,16,2330,2318.98876953125
2022-07-23,17,2547,2553.06298828125
2022-07-23,18,2673,2646.184814453125
2022-07-23,19,2703,2617.814453125
2022-07-23,20,2721,2647.4853515625
2022-07-23,21,2648,2533.2392578125
2022-07-23,22,2491,2357.252197265625
2022-07-23,23,2340,2187.29296875
2022-07-23,24,2251,2097.057373046875
2022-07-24,1,2156,2024.94482421875
2022-07-24,2,2081,1926.4569091796875
2022-07-24,3,2022,1884.813720703125
2022-07-24,4,1980,1852.59912109375
2022-07-24,5,1982,1860.552734375
2022-07-24,6,2000,1899.749267578125
2022-07-24,7,2027,1941.2017822265625
2022-07-24,8,2053,1971.1083984375
2022-07-24,9,1961,1890.3912353515625
2022-07-24,10,1853,1825.423583984375
2022-07-24,11,1736,1796.594970703125
2022-07-24,12,1717,1791.709716796875
2022-07-24,13,1787,1824.6944580078125
2022-07-24,14,1918,1960.1390380859375
2022-07-24,15,2122,2137.56689453125
2022-07-24,16,2373,2307.522705078125
2022-07-24,17,2602,2502.0859375
2022-07-24,18,2737,2630.0439453125
2022-07-24,19,2777,2642.924560546875
2022-07-24,20,2797,2660.74365234375
2022-07-24,21,2709,2526.70849609375
2022-07-24,22,2538,2401.9169921875
2022-07-24,23,2379,2210.7958984375
2022-07-24,24,2317,2099.174560546875
2022-07-25,1,2197,2077.64501953125
2022-07-25,2,2101,2004.3265380859375
2022-07-25,3,2063,1976.9122314453125
2022-07-25,4,2099,2021.63623046875
2022-07-25,5,2202,2119.618408203125
2022-07-25,6,2325,2256.7099609375
2022-07-25,7,2403,2335.744140625
2022-07-25,8,2426,2358.21240234375
2022-07-25,9,2308,2286.086181640625
2022-07-25,10,2225,2167.301513671875
2022-07-25,11,2189,2183.67138671875
2022-07-25,12,2252,2151.72216796875
2022-07-25,13,2358,2286.400390625
2022-07-25,14,2449,2398.908447265625
2022-07-25,15,2575,2483.6962890625
2022-07-25,16,2719,2614.314697265625
2022-07-25,17,2887,2713.986083984375
2022-07-25,18,2954,2763.982177734375
2022-07-25,19,2925,2717.779296875
2022-07-25,20,2897,2724.953369140625
2022-07-25,21,2780,2658.49609375
2022-07-25,22,2576,2452.688232421875
2022-07-25,23,2384,2265.4912109375
2022-07-25,24,2318,2167.92626953125
2022-07-26,1,2251,2046.227783203125
2022-07-26,2,2183,1970.047607421875
2022-07-26,3,2129,1949.4881591796875
2022-07-26,4,2081,1991.165283203125
2022-07-26,5,2170,2070.638671875
2022-07-26,6,2296,2177.77099609375
2022-07-26,7,2404,2285.481689453125
2022-07-26,8,2405,2256.213623046875
2022-07-26,9,2367,2206.2060546875
2022-07-26,10,2249,2067.63916015625
2022-07-26,11,2124,2111.280029296875
2022-07-26,12,2137,2174.086181640625
2022-07-26,13,2238,2293.90185546875
2022-07-26,14,2378,2395.624755859375
2022-07-26,15,2520,2509.32177734375
2022-07-26,16,2806,2644.70654296875
2022-07-26,17,3004,2802.54638671875
2022-07-26,18,3073,2932.795166015625
2022-07-26,19,3032,2839.205810546875
2022-07-26,20,2981,2818.725341796875
2022-07-26,21,2866,2751.4599609375
2022-07-26,22,2701,2553.188232421875
2022-07-26,23,2500,2380.963134765625
2022-07-26,24,2350,2226.802734375
2022-07-27,1,2265,2134.906982421875
2022-07-27,2,2218,2068.062744140625
2022-07-27,3,2153,2022.4290771484375
2022-07-27,4,2106,2058.9453125
2022-07-27,5,2191,2159.765380859375
2022-07-27,6,2298,2258.01806640625
2022-07-27,7,2327,2344.042724609375
2022-07-27,8,2304,2435.7783203125
2022-07-27,9,2363,2330.551025390625
2022-07-27,10,2269,2216.498291015625
2022-07-27,11,2227,2243.522216796875
2022-07-27,12,2285,2191.69580078125
2022-07-27,13,2343,2349.474365234375
2022-07-27,14,2489,2425.88623046875
2022-07-27,15,2675,2546.261962890625
2022-07-27,16,2846,2629.626220703125
2022-07-27,17,3005,2752.966796875
2022-07-27,18,3062,2777.1103515625
2022-07-27,19,3032,2727.271728515625
2022-07-27,20,2996,2728.81396484375
2022-07-27,21,2874,2682.23876953125
2022-07-27,22,2680,2524.46142578125
2022-07-27,23,2472,2363.320556640625
2022-07-27,24,2339,2267.1611328125
2022-07-28,1,2260,2145.59765625
2022-07-28,2,2228,2004.2042236328125
2022-07-28,3,2129,1949.4881591796875
2022-07-28,4,2090,1997.47216796875
2022-07-28,5,2199,2137.12548828125
2022-07-28,6,2288,2256.7099609375
2022-07-28,7,2356,2303.639404296875
2022-07-28,8,2338,2264.485107421875
2022-07-28,9,2365,2188.1884765625
2022-07-28,10,2292,2133.870361328125
2022-07-28,11,2130,2197.255126953125
2022-07-28,12,2152,2191.47998046875
2022-07-28,13,2266,2380.427490234375
2022-07-28,14,2442,2562.434814453125
2022-07-28,15,2656,2680.580810546875
2022-07-28,16,2864,2680.157470703125
2022-07-28,17,2982,2819.068603515625
2022-07-28,18,3039,2952.348876953125
2022-07-28,19,2999,2836.145263671875
2022-07-28,20,2969,2797.557861328125
2022-07-28,21,2849,2738.870361328125
2022-07-28,22,2666,2549.41845703125
2022-07-28,23,2503,2380.963134765625
2022-07-28,24,2419,2226.802734375
2022-07-29,1,2291,2077.64501953125
2022-07-29,2,2212,1974.128662109375
2022-07-29,3,2092,1949.4881591796875
2022-07-29,4,2068,1991.165283203125
2022-07-29,5,2156,2060.489990234375
2022-07-29,6,2281,2167.61572265625
2022-07-29,7,2371,2273.98046875
2022-07-29,8,2337,2284.494140625
2022-07-29,9,2342,2241.003662109375
2022-07-29,10,2385,2192.945068359375
2022-07-29,11,2308,2080.08544921875
2022-07-29,12,2404,2367.486572265625
2022-07-29,13,2265,2501.406005859375
2022-07-29,14,2306,2196.2646484375
2022-07-29,15,2493,2317.757568359375
2022-07-29,16,2590,2609.280517578125
2022-07-29,17,2714,2717.4033203125
2022-07-29,18,2813,2727.475341796875
2022-07-29,19,2832,2815.901611328125
2022-07-29,20,2834,2830.50146484375
2022-07-29,21,2749,2722.7275390625
2022-07-29,22,2587,2591.32421875
2022-07-29,23,2407,2390.481689453125
2022-07-29,24,2304,2273.927734375
2022-07-30,1,2183,2127.03759765625
2022-07-30,2,2101,2055.196044921875
2022-07-30,3,2046,2048.240234375
2022-07-30,4,2030,2014.701171875
2022-07-30,5,2057,2005.743408203125
2022-07-30,6,2099,2032.1141357421875
2022-07-30,7,2069,2088.7783203125
2022-07-30,8,2140,2030.626953125
2022-07-30,9,2174,1958.1591796875
2022-07-30,10,2246,1878.011962890625
2022-07-30,11,2207,1924.057373046875
2022-07-30,12,2133,1921.1402587890625
2022-07-30,13,2160,2000.2799072265625
2022-07-30,14,2227,2131.182373046875
2022-07-30,15,2381,2283.65771484375
2022-07-30,16,2620,2526.484375
2022-07-30,17,2844,2750.1796875
2022-07-30,18,2981,2992.2392578125
2022-07-30,19,2989,3019.636962890625
2022-07-30,20,2951,2975.297119140625
2022-07-30,21,2859,2889.82373046875
2022-07-30,22,2705,2640.251953125
2022-07-30,23,2506,2436.35107421875
2022-07-30,24,2390,2306.979736328125
2022-07-31,1,2263,2228.168212890625
2022-07-31,2,2166,2163.314208984375
2022-07-31,3,2117,2104.768798828125
2022-07-31,4,2113,2087.3671875
2022-07-31,5,2110,2085.160400390625
2022-07-31,6,2147,2159.037109375
2022-07-31,7,2206,2275.7314453125
2022-07-31,8,2272,2369.70751953125
2022-07-31,9,2365,2449.19384765625
2022-07-31,10,2444,2312.97021484375
2022-07-31,11,2390,2225.132080078125
2022-07-31,12,2276,2096.183349609375
2022-07-31,13,2340,2149.639404296875
2022-07-31,14,2535,2279.39599609375
2022-07-31,15,2814,2308.84619140625
2022-07-31,16,2917,2547.924560546875
2022-07-31,17,3013,2689.537353515625
2022-07-31,18,3055,2905.87548828125
2022-07-31,19,3072,3038.6982421875
2022-07-31,20,3080,2970.738525390625
2022-07-31,21,3002,2892.482666015625
2022-07-31,22,2810,2645.52685546875
2022-07-31,23,2582,2407.006591796875
2022-07-31,24,2479,2292.20166015625
2022-08-01,1,2404,2300.45361328125
2022-08-01,2,2283,2250.44384765625
2022-08-01,3,2236,2143.51513671875
2022-08-01,4,2265,2197.572265625
2022-08-01,5,2372,2294.41015625
2022-08-01,6,2510,2468.96923828125
2022-08-01,7,2697,2514.63134765625
2022-08-01,8,2752,2639.779296875
2022-08-01,9,2815,2604.494873046875
2022-08-01,10,2778,2783.177001953125
2022-08-01,11,2686,2700.39990234375
2022-08-01,12,2823,2377.225341796875
2022-08-01,13,2896,2368.566162109375
2022-08-01,14,2998,2542.569580078125
2022-08-01,15,3189,2901.219970703125
2022-08-01,16,3379,3153.005615234375
2022-08-01,17,3440,3379.0419921875
2022-08-01,18,3442,3294.595458984375
2022-08-01,19,3371,3135.755615234375
2022-08-01,20,3310,3132.54833984375
2022-08-01,21,3164,3135.745849609375
2022-08-01,22,2929,2751.488037109375
2022-08-01,23,2712,2495.293212890625
2022-08-01,24,2671,2333.32666015625
2022-08-02,1,2663,2216.328857421875
2022-08-02,2,2618,2178.7890625
2022-08-02,3,2554,2153.982666015625
2022-08-02,4,2406,2181.3466796875
2022-08-02,5,2415,2282.4072265625
2022-08-02,6,2521,2426.172119140625
2022-08-02,7,2594,2467.416748046875
2022-08-02,8,2587,2522.731689453125
2022-08-02,9,2570,2563.922607421875
2022-08-02,10,2582,2671.2744140625
2022-08-02,11,2603,2697.531982421875
2022-08-02,12,2639,2614.897705078125
2022-08-02,13,2721,2615.45458984375
2022-08-02,14,2866,2809.958984375
2022-08-02,15,3072,2929.210693359375
2022-08-02,16,3281,3110.123291015625
2022-08-02,17,3444,3299.261474609375
2022-08-02,18,3451,3228.791748046875
2022-08-02,19,3391,3157.915283203125
2022-08-02,20,3338,3186.639892578125
2022-08-02,21,3189,3139.537841796875
2022-08-02,22,2956,2798.29736328125
2022-08-02,23,2743,2476.6171875
2022-08-02,24,2593,2321.274658203125
2022-08-03,1,2476,2207.958740234375
2022-08-03,2,2376,2178.7890625
2022-08-03,3,2298,2167.727783203125
2022-08-03,4,2293,2218.931396484375
2022-08-03,5,2375,2288.80810546875
2022-08-03,6,2471,2430.376220703125
2022-08-03,7,2623,2523.9375
2022-08-03,8,2777,2594.20751953125
2022-08-03,9,2638,2592.36376953125
2022-08-03,10,2533,2518.6923828125
2022-08-03,11,2533,2403.6787109375
2022-08-03,12,2576,2548.809326171875
2022-08-03,13,2666,2808.29833984375
2022-08-03,14,2859,2880.880859375
2022-08-03,15,3094,3007.64697265625
2022-08-03,16,3166,3173.857666015625
2022-08-03,17,3228,3107.580810546875
2022-08-03,18,3183,3194.320556640625
2022-08-03,19,3163,3180.39208984375
2022-08-03,20,3152,3089.8271484375
2022-08-03,21,3025,3038.05517578125
2022-08-03,22,2792,2773.436279296875
2022-08-03,23,2574,2526.341552734375
2022-08-03,24,2493,2391.834716796875
2022-08-04,1,2454,2226.43798828125
2022-08-04,2,2433,2170.613525390625
2022-08-04,3,2320,2135.526611328125
2022-08-04,4,2231,2199.190185546875
2022-08-04,5,2290,2287.597900390625
2022-08-04,6,2361,2417.276123046875
2022-08-04,7,2425,2517.496826171875
2022-08-04,8,2441,2623.2392578125
2022-08-04,9,2484,2633.431884765625
2022-08-04,10,2576,2482.497314453125
2022-08-04,11,2722,2405.15478515625
2022-08-04,12,3182,2570.933837890625
2022-08-04,13,3187,2833.24267578125
2022-08-04,14,2960,2982.26220703125
2022-08-04,15,2783,3075.103271484375
2022-08-04,16,2807,3270.464111328125
2022-08-04,17,2977,3130.481689453125
2022-08-04,18,2995,3106.3115234375
2022-08-04,19,3032,3147.829345703125
2022-08-04,20,3025,3070.360595703125
2022-08-04,21,2919,2953.8896484375
2022-08-04,22,2730,2741.184326171875
2022-08-04,23,2538,2526.341552734375
2022-08-04,24,2452,2389.839599609375
2022-08-05,1,2400,2291.1552734375
2022-08-05,2,2410,2233.12353515625
2022-08-05,3,2312,2192.1826171875
2022-08-05,4,2325,2224.545166015625
2022-08-05,5,2292,2297.098388671875
2022-08-05,6,2346,2431.72900390625
2022-08-05,7,2453,2503.0087890625
2022-08-05,8,2532,2551.120849609375
2022-08-05,9,2741,2593.722900390625
2022-08-05,10,2605,2543.520751953125
2022-08-05,11,2532,2539.369873046875
2022-08-05,12,2638,2397.566162109375
2022-08-05,13,2783,2583.313720703125
2022-08-05,14,2886,2801.11474609375
2022-08-05,15,3047,2929.210693359375
2022-08-05,16,3199,3106.45849609375
2022-08-05,17,3365,3319.834228515625
2022-08-05,18,3395,3278.696044921875
2022-08-05,19,3318,3162.49951171875
2022-08-05,20,3242,3097.25732421875
2022-08-05,21,3117,3041.41259765625
2022-08-05,22,2942,2856.419189453125
2022-08-05,23,2755,2595.989501953125
2022-08-05,24,2606,2397.4306640625
2022-08-06,1,2440,2283.048095703125
2022-08-06,2,2309,2201.338134765625
2022-08-06,3,2194,2094.394287109375
2022-08-06,4,2161,2064.536376953125
2022-08-06,5,2127,2065.25439453125
2022-08-06,6,2146,2060.62451171875
2022-08-06,7,2286,2099.765869140625
2022-08-06,8,2337,2100.81787109375
2022-08-06,9,2162,2083.034423828125
2022-08-06,10,2079,2126.812744140625
2022-08-06,11,2087,2138.924560546875
2022-08-06,12,2167,2066.191650390625
2022-08-06,13,2282,2228.5234375
2022-08-06,14,2470,2362.244384765625
2022-08-06,15,2675,2481.878662109375
2022-08-06,16,2933,2661.786865234375
2022-08-06,17,3171,3025.896728515625
2022-08-06,18,3252,3208.8515625
2022-08-06,19,3219,3254.940185546875
2022-08-06,20,3177,3258.99755859375
2022-08-06,21,3053,3144.0322265625
2022-08-06,22,2878,2927.085693359375
2022-08-06,23,2685,2670.296875
2022-08-06,24,2522,2479.79052734375
2022-08-07,1,2363,2325.790771484375
2022-08-07,2,2259,2187.39501953125
2022-08-07,3,2128,2130.901611328125
2022-08-07,4,2092,2072.736083984375
2022-08-07,5,2087,2097.76513671875
2022-08-07,6,2070,2073.166748046875
2022-08-07,7,2157,2120.653076171875
2022-08-07,8,2208,2183.971435546875
2022-08-07,9,2187,2246.1005859375
2022-08-07,10,2216,2279.50830078125
2022-08-07,11,2294,2395.15380859375
2022-08-07,12,2425,2688.56689453125
2022-08-07,13,2580,2749.50439453125
2022-08-07,14,2827,2880.770263671875
2022-08-07,15,2931,3094.468994140625
2022-08-07,16,3006,3272.202880859375
2022-08-07,17,3144,3290.85888671875
2022-08-07,18,3193,3345.629638671875
2022-08-07,19,3160,3332.926513671875
2022-08-07,20,3130,3287.9560546875
2022-08-07,21,3036,3152.956298828125
2022-08-07,22,2840,2913.863525390625
2022-08-07,23,2609,2661.3896484375
2022-08-07,24,2544,2472.94140625
2022-08-08,1,2415,2349.4921875
2022-08-08,2,2302,2255.65576171875
2022-08-08,3,2239,2232.081298828125
2022-08-08,4,2244,2185.16845703125
2022-08-08,5,2304,2288.58349609375
2022-08-08,6,2391,2424.93603515625
2022-08-08,7,2488,2511.17626953125
2022-08-08,8,2593,2654.878173828125
2022-08-08,9,2717,2636.218017578125
2022-08-08,10,2723,2619.881103515625
2022-08-08,11,2707,2532.41650390625
2022-08-08,12,2735,2654.352783203125
2022-08-08,13,2894,2834.26904296875
2022-08-08,14,3097,2925.84912109375
2022-08-08,15,3308,3058.426025390625
2022-08-08,16,3453,3259.261474609375
2022-08-08,17,3592,3518.56005859375
2022-08-08,18,3565,3611.41015625
2022-08-08,19,3499,3500.63818359375
2022-08-08,20,3506,3368.627685546875
2022-08-08,21,3332,3214.92919921875
2022-08-08,22,3089,2991.238525390625
2022-08-08,23,2829,2749.6044921875
2022-08-08,24,2669,2572.0947265625
2022-08-09,1,2533,2450.86767578125
2022-08-09,2,2445,2349.170166015625
2022-08-09,3,2404,2272.052490234375
2022-08-09,4,2433,2233.146240234375
2022-08-09,5,2428,2286.92333984375
2022-08-09,6,2556,2468.96923828125
2022-08-09,7,2749,2520.541259765625
2022-08-09,8,2955,2588.858154296875
2022-08-09,9,2904,2679.9404296875
2022-08-09,10,2922,2725.35595703125
2022-08-09,11,2853,2728.1494140625
2022-08-09,12,2912,2907.27392578125
2022-08-09,13,2986,2877.796630859375
2022-08-09,14,3142,2912.693603515625
2022-08-09,15,3386,3109.454345703125
2022-08-09,16,3601,3428.988525390625
2022-08-09,17,3822,3605.97216796875
2022-08-09,18,3893,3699.00634765625
2022-08-09,19,3840,3378.134521484375
2022-08-09,20,3786,3446.821044921875
2022-08-09,21,3598,3377.5205078125
2022-08-09,22,3273,2982.652587890625
2022-08-09,23,3023,2701.27685546875
2022-08-09,24,2857,2507.766357421875
2022-08-10,1,2711,2346.904296875
2022-08-10,2,2589,2241.6748046875
2022-08-10,3,2493,2213.58154296875
2022-08-10,4,2485,2244.2841796875
2022-08-10,5,2541,2313.941650390625
2022-08-10,6,2701,2468.96923828125
2022-08-10,7,2834,2520.541259765625
2022-08-10,8,2963,2617.504150390625
2022-08-10,9,2998,2742.13818359375
2022-08-10,10,2987,2791.706787109375
2022-08-10,11,3003,2915.472900390625
2022-08-10,12,3098,3051.590087890625
2022-08-10,13,3234,3123.15380859375
2022-08-10,14,3374,3217.38916015625
2022-08-10,15,3517,3408.380126953125
2022-08-10,16,3679,3471.116943359375
2022-08-10,17,3858,3546.720947265625
2022-08-10,18,3898,3611.12109375
2022-08-10,19,3816,3285.712646484375
2022-08-10,20,3675,3424.404052734375
2022-08-10,21,3473,3304.4560546875
2022-08-10,22,3167,3017.6689453125
2022-08-10,23,2902,2743.139404296875
2022-08-10,24,2760,2549.9765625
2022-08-11,1,2662,2439.358642578125
2022-08-11,2,2668,2349.170166015625
2022-08-11,3,2467,2246.53955078125
2022-08-11,4,2393,2219.008544921875
2022-08-11,5,2441,2286.92333984375
2022-08-11,6,2539,2468.96923828125
2022-08-11,7,2659,2520.541259765625
2022-08-11,8,2698,2610.29248046875
2022-08-11,9,2680,2560.107177734375
2022-08-11,10,2752,2570.589111328125
2022-08-11,11,2865,2738.85009765625
2022-08-11,12,2989,2916.296142578125
2022-08-11,13,3092,2997.851806640625
2022-08-11,14,3249,2966.48681640625
2022-08-11,15,3453,3015.26611328125
2022-08-11,16,3656,3273.78173828125
2022-08-11,17,3816,3407.718017578125
2022-08-11,18,3826,3337.24755859375
2022-08-11,19,3717,3396.18212890625
2022-08-11,20,3586,3294.875244140625
2022-08-11,21,3413,3137.96630859375
2022-08-11,22,3130,2877.121826171875
2022-08-11,23,2875,2659.891357421875
2022-08-11,24,2716,2519.740234375
2022-08-12,1,2582,2367.298828125
2022-08-12,2,2524,2273.3291015625
2022-08-12,3,2502,2246.53955078125
2022-08-12,4,2376,2250.46337890625
2022-08-12,5,2431,2297.098388671875
2022-08-12,6,2555,2389.728759765625
2022-08-12,7,2767,2507.81396484375
2022-08-12,8,2885,2574.383056640625
2022-08-12,9,2919,2543.5673828125
2022-08-12,10,2780,2697.955810546875
2022-08-12,11,2796,2737.478759765625
2022-08-12,12,2863,2888.244873046875
2022-08-12,13,3050,3031.98291015625
2022-08-12,14,3267,3117.23291015625
2022-08-12,15,3477,3308.016845703125
2022-08-12,16,3471,3400.468994140625
2022-08-12,17,3581,3507.16748046875
2022-08-12,18,3601,3417.704345703125
2022-08-12,19,3596,3454.79296875
2022-08-12,20,3522,3372.9599609375
2022-08-12,21,3386,3175.846923828125
2022-08-12,22,3189,2970.31982421875
2022-08-12,23,2993,2714.185302734375
2022-08-12,24,2903,2518.65576171875
2022-08-13,1,2657,2359.02587890625
2022-08-13,2,2552,2242.0224609375
2022-08-13,3,2458,2186.367919921875
2022-08-13,4,2435,2190.15087890625
2022-08-13,5,2424,2159.044677734375
2022-08-13,6,2465,2167.59765625
2022-08-13,7,2565,2291.09912109375
2022-08-13,8,2683,2301.678955078125
2022-08-13,9,2665,2453.88525390625
2022-08-13,10,2701,2485.880615234375
2022-08-13,11,2604,2815.31201171875
2022-08-13,12,2688,2982.786865234375
2022-08-13,13,2877,3066.74560546875
2022-08-13,14,2955,3226.782470703125
2022-08-13,15,3160,3338.16650390625
2022-08-13,16,3292,3367.805908203125
2022-08-13,17,3486,3432.46484375
2022-08-13,18,3590,3534.753662109375
2022-08-13,19,3551,3445.58203125
2022-08-13,20,3468,3375.489501953125
2022-08-13,21,3315,3155.40771484375
2022-08-13,22,3079,2913.863525390625
2022-08-13,23,2854,2669.84765625
2022-08-13,24,2706,2495.490966796875
2022-08-14,1,2573,2359.02587890625
2022-08-14,2,2475,2253.742431640625
2022-08-14,3,2422,2218.1748046875
2022-08-14,4,2359,2261.015380859375
2022-08-14,5,2308,2245.402099609375
2022-08-14,6,2317,2157.9833984375
2022-08-14,7,2434,2248.00341796875
2022-08-14,8,2471,2238.962646484375
2022-08-14,9,2460,2315.287109375
2022-08-14,10,2458,2257.69091796875
2022-08-14,11,2393,2348.554443359375
2022-08-14,12,2450,2492.52685546875
2022-08-14,13,2638,2558.114501953125
2022-08-14,14,2891,2751.13623046875
2022-08-14,15,3096,3056.137939453125
2022-08-14,16,3329,3380.74365234375
2022-08-14,17,3599,3510.41943359375
2022-08-14,18,3678,3405.2763671875
2022-08-14,19,3611,3351.730224609375
2022-08-14,20,3520,3322.705810546875
2022-08-14,21,3373,3130.340576171875
2022-08-14,22,3178,2913.863525390625
2022-08-14,23,2931,2669.84765625
2022-08-14,24,2733,2494.214111328125
2022-08-15,1,2568,2372.94580078125
2022-08-15,2,2466,2261.166015625
2022-08-15,3,2424,2217.9755859375
2022-08-15,4,2443,2217.46875
2022-08-15,5,2552,2310.513671875
2022-08-15,6,2689,2437.12646484375
2022-08-15,7,2775,2574.7314453125
2022-08-15,8,2780,2741.832275390625
2022-08-15,9,2774,2640.032958984375
2022-08-15,10,2808,2766.505859375
2022-08-15,11,2841,2593.391357421875
2022-08-15,12,2914,2700.740234375
2022-08-15,13,3026,2777.49365234375
2022-08-15,14,3194,2864.593994140625
2022-08-15,15,3409,3063.452392578125
2022-08-15,16,3568,3220.530517578125
2022-08-15,17,3734,3397.2060546875
2022-08-15,18,3751,3393.416748046875
2022-08-15,19,3638,3159.139404296875
2022-08-15,20,3491,3168.5146484375
2022-08-15,21,3281,3142.14453125
2022-08-15,22,2986,2846.825439453125
2022-08-15,23,2733,2625.390625
2022-08-15,24,2610,2499.473876953125
2022-08-16,1,2512,2350.34326171875
2022-08-16,2,2510,2252.94189453125
2022-08-16,3,2417,2214.297607421875
2022-08-16,4,2352,2222.52490234375
2022-08-16,5,2393,2310.22802734375
2022-08-16,6,2519,2420.9404296875
2022-08-16,7,2634,2519.382080078125
2022-08-16,8,2726,2581.9833984375
2022-08-16,9,2585,2605.50927734375
2022-08-16,10,2612,2598.46826171875
2022-08-16,11,2698,2687.841796875
2022-08-16,12,2776,2597.59033203125
2022-08-16,13,2958,2821.050048828125
2022-08-16,14,3205,2931.236083984375
2022-08-16,15,3429,3058.6005859375
2022-08-16,16,3595,3212.640625
2022-08-16,17,3753,3314.1728515625
2022-08-16,18,3752,3425.50048828125
2022-08-16,19,3652,3380.190673828125
2022-08-16,20,3503,3311.079833984375
2022-08-16,21,3308,3183.389404296875
2022-08-16,22,3023,2942.720458984375
2022-08-16,23,2776,2685.49169921875
2022-08-16,24,2652,2501.552734375
2022-08-17,1,2524,2350.34326171875
2022-08-17,2,2424,2271.9052734375
2022-08-17,3,2404,2272.052490234375
2022-08-17,4,2353,2293.224853515625
2022-08-17,5,2483,2355.761474609375
2022-08-17,6,2601,2445.77734375
2022-08-17,7,2771,2604.34228515625
2022-08-17,8,2805,2702.017333984375
2022-08-17,9,2760,2637.83154296875
2022-08-17,10,2780,2742.641845703125
2022-08-17,11,2763,2795.33984375
2022-08-17,12,2857,2904.378662109375
2022-08-17,13,3029,2848.736572265625
2022-08-17,14,3260,2891.623779296875
2022-08-17,15,3412,2989.746337890625
2022-08-17,16,3567,3184.056884765625
2022-08-17,17,3738,3335.801025390625
2022-08-17,18,3731,3469.08349609375
2022-08-17,19,3627,3447.340087890625
2022-08-17,20,3519,3405.320068359375
2022-08-17,21,3350,3226.893310546875
2022-08-17,22,3105,2931.818603515625
2022-08-17,23,2865,2681.66162109375
2022-08-17,24,2681,2512.8134765625
2022-08-18,1,2563,2350.34326171875
2022-08-18,2,2520,2252.94189453125
2022-08-18,3,2430,2214.297607421875
2022-08-18,4,2397,2214.0546875
2022-08-18,5,2504,2297.660400390625
2022-08-18,6,2643,2389.728759765625
2022-08-18,7,2726,2563.559814453125
2022-08-18,8,2788,2668.78271484375
2022-08-18,9,2757,2617.60400390625
2022-08-18,10,2756,2716.320556640625
2022-08-18,11,2791,2560.55029296875
2022-08-18,12,2893,2671.264404296875
2022-08-18,13,2995,2746.617919921875
2022-08-18,14,3132,2805.03857421875
2022-08-18,15,3278,2989.610107421875
2022-08-18,16,3404,3177.934326171875
2022-08-18,17,3555,3201.72119140625
2022-08-18,18,3581,3216.10791015625
2022-08-18,19,3506,3124.765625
2022-08-18,20,3388,3136.03564453125
2022-08-18,21,3228,2908.04296875
2022-08-18,22,2939,2656.11279296875
2022-08-18,23,2709,2457.03759765625
2022-08-18,24,2581,2318.648193359375
2022-08-19,1,2443,2220.6796875
2022-08-19,2,2351,2150.0849609375
2022-08-19,3,2304,2107.307861328125
2022-08-19,4,2304,2107.965087890625
2022-08-19,5,2369,2208.318359375
2022-08-19,6,2496,2344.093017578125
2022-08-19,7,2623,2455.048583984375
2022-08-19,8,2770,2522.76953125
2022-08-19,9,2706,2357.68017578125
2022-08-19,10,2607,2232.925048828125
2022-08-19,11,2495,2229.3505859375
2022-08-19,12,2547,2311.722412109375
2022-08-19,13,2670,2548.6396484375
2022-08-19,14,2783,2709.72607421875
2022-08-19,15,2975,2849.343017578125
2022-08-19,16,3136,3099.038330078125
2022-08-19,17,3261,3100.022705078125
2022-08-19,18,3219,3017.990966796875
2022-08-19,19,3147,2971.30078125
2022-08-19,20,3084,3001.826904296875
2022-08-19,21,2982,2895.57275390625
2022-08-19,22,2834,2662.11083984375
2022-08-19,23,2612,2454.317626953125
2022-08-19,24,2498,2296.573486328125
2022-08-20,1,2384,2202.2587890625
2022-08-20,2,2295,2132.285888671875
2022-08-20,3,2196,2064.73486328125
2022-08-20,4,2171,2028.1888427734375
2022-08-20,5,2178,1989.7540283203125
2022-08-20,6,2219,2040.2479248046875
2022-08-20,7,2344,2065.46435546875
2022-08-20,8,2470,1993.424560546875
2022-08-20,9,2265,1974.270263671875
2022-08-20,10,2082,1854.4892578125
2022-08-20,11,2020,1870.052490234375
2022-08-20,12,2080,1939.03369140625
2022-08-20,13,2097,2152.0078125
2022-08-20,14,2261,2312.276123046875
2022-08-20,15,2469,2507.5830078125
2022-08-20,16,2690,2588.90966796875
2022-08-20,17,2900,2780.94287109375
2022-08-20,18,2992,2845.124755859375
2022-08-20,19,2988,2858.658935546875
2022-08-20,20,2962,2856.93603515625
2022-08-20,21,2879,2719.79345703125
2022-08-20,22,2733,2592.073974609375
2022-08-20,23,2579,2434.5361328125
2022-08-20,24,2494,2294.679443359375
2022-08-21,1,2397,2181.351806640625
2022-08-21,2,2306,2115.514404296875
2022-08-21,3,2234,2072.81396484375
2022-08-21,4,2209,2012.587158203125
2022-08-21,5,2176,2026.9603271484375
2022-08-21,6,2187,2044.0914306640625
2022-08-21,7,2264,2152.565673828125
2022-08-21,8,2387,2177.111083984375
2022-08-21,9,2511,2128.68505859375
2022-08-21,10,2496,1952.897216796875
2022-08-21,11,2290,1947.103271484375
2022-08-21,12,2022,1895.829833984375
2022-08-21,13,2011,2108.7509765625
2022-08-21,14,2062,2251.88525390625
2022-08-21,15,2278,2551.418212890625
2022-08-21,16,2571,2825.80859375
2022-08-21,17,2833,2956.27783203125
2022-08-21,18,2959,2935.93701171875
2022-08-21,19,2973,2895.345703125
2022-08-21,20,2945,2847.5517578125
2022-08-21,21,2818,2699.571533203125
2022-08-21,22,2622,2582.94873046875
2022-08-21,23,2445,2411.5107421875
2022-08-21,24,2366,2281.751953125
2022-08-22,1,2294,2187.659912109375
2022-08-22,2,2205,2122.23388671875
2022-08-22,3,2156,2097.28076171875
2022-08-22,4,2195,2105.187255859375
2022-08-22,5,2313,2190.17041015625
2022-08-22,6,2485,2307.22314453125
2022-08-22,7,2591,2455.78759765625
2022-08-22,8,2611,2485.20068359375
2022-08-22,9,2607,2409.64599609375
2022-08-22,10,2519,2378.568115234375
2022-08-22,11,2494,2274.826416015625
2022-08-22,12,2566,2360.962646484375
2022-08-22,13,2658,2584.37841796875
2022-08-22,14,2781,2764.4423828125
2022-08-22,15,3004,2850.05322265625
2022-08-22,16,3182,3144.267333984375
2022-08-22,17,3352,3217.53515625
2022-08-22,18,3378,3243.439697265625
2022-08-22,19,3303,3179.64306640625
2022-08-22,20,3204,3121.525146484375
2022-08-22,21,3033,2924.239990234375
2022-08-22,22,2793,2674.208251953125
2022-08-22,23,2573,2463.30126953125
2022-08-22,24,2451,2317.931884765625
2022-08-23,1,2347,2216.710205078125
2022-08-23,2,2291,2139.337890625
2022-08-23,3,2222,2123.4384765625
2022-08-23,4,2227,2137.8818359375
2022-08-23,5,2337,2224.381591796875
2022-08-23,6,2505,2345.801025390625
2022-08-23,7,2653,2442.28857421875
2022-08-23,8,2768,2502.7734375
2022-08-23,9,2690,2345.572021484375
2022-08-23,10,2601,2266.767333984375
2022-08-23,11,2545,2346.527099609375
2022-08-23,12,2558,2504.18603515625
2022-08-23,13,2646,2692.91796875
2022-08-23,14,2786,2783.599853515625
2022-08-23,15,2968,3039.80322265625
2022-08-23,16,3150,3228.81640625
2022-08-23,17,3303,3185.861083984375
2022-08-23,18,3311,3177.527099609375
2022-08-23,19,3261,3201.265625
2022-08-23,20,3178,3126.906005859375
2022-08-23,21,3024,2960.785400390625
2022-08-23,22,2780,2713.2724609375
2022-08-23,23,2570,2449.281982421875
2022-08-23,24,2463,2301.686279296875
2022-08-24,1,2360,2224.20751953125
2022-08-24,2,2328,2148.98583984375
2022-08-24,3,2236,2107.307861328125
2022-08-24,4,2226,2104.44775390625
2022-08-24,5,2328,2223.64599609375
2022-08-24,6,2496,2405.525634765625
2022-08-24,7,2685,2536.1669921875
2022-08-24,8,2839,2591.281005859375
2022-08-24,9,2788,2615.110107421875
2022-08-24,10,2704,2623.78955078125
2022-08-24,11,2622,2700.38818359375
2022-08-24,12,2603,2597.593994140625
2022-08-24,13,2710,2794.722900390625
2022-08-24,14,2940,2906.6220703125
2022-08-24,15,3145,3112.949462890625
2022-08-24,16,3294,3199.38916015625
2022-08-24,17,3420,3243.383056640625
2022-08-24,18,3410,3214.379150390625
2022-08-24,19,3346,3115.716796875
2022-08-24,20,3249,3162.33447265625
2022-08-24,21,3098,3159.9833984375
2022-08-24,22,2848,2874.58935546875
2022-08-24,23,2628,2609.71875
2022-08-24,24,2524,2395.104248046875
2022-08-25,1,2444,2225.265625
2022-08-25,2,2411,2170.613525390625
2022-08-25,3,2362,2167.727783203125
2022-08-25,4,2333,2187.3447265625
2022-08-25,5,2401,2278.995361328125
2022-08-25,6,2519,2389.728759765625
2022-08-25,7,2679,2570.488037109375
2022-08-25,8,2743,2657.00390625
2022-08-25,9,2852,2608.8896484375
2022-08-25,10,2737,2737.941162109375
2022-08-25,11,2682,2806.092041015625
2022-08-25,12,2761,2886.328369140625
2022-08-25,13,2833,2920.602294921875
2022-08-25,14,3021,3067.547119140625
2022-08-25,15,3215,3126.056640625
2022-08-25,16,3414,3236.403076171875
2022-08-25,17,3582,3448.478515625
2022-08-25,18,3601,3444.495361328125
2022-08-25,19,3512,3239.695068359375
2022-08-25,20,3413,3176.8291015625
2022-08-25,21,3251,3124.20703125
2022-08-25,22,3001,2846.825439453125
2022-08-25,23,2768,2595.989501953125
2022-08-25,24,2625,2404.502197265625
2022-08-26,1,2490,2319.453125
2022-08-26,2,2396,2235.60546875
2022-08-26,3,2321,2192.1826171875
2022-08-26,4,2321,2224.545166015625
2022-08-26,5,2419,2297.098388671875
2022-08-26,6,2568,2393.217041015625
2022-08-26,7,2745,2591.88818359375
2022-08-26,8,2881,2742.909912109375
2022-08-26,9,2901,2638.98486328125
2022-08-26,10,2842,2623.78955078125
2022-08-26,11,2795,2704.75
2022-08-26,12,2924,2583.770263671875
2022-08-26,13,3093,2781.843017578125
2022-08-26,14,3178,2897.71875
2022-08-26,15,3309,3026.182861328125
2022-08-26,16,3439,3127.688720703125
2022-08-26,17,3571,3421.4189453125
2022-08-26,18,3518,3367.56982421875
2022-08-26,19,3402,3210.685791015625
2022-08-26,20,3319,3103.957763671875
2022-08-26,21,3117,2978.986083984375
2022-08-26,22,2905,2713.2724609375
2022-08-26,23,2723,2449.281982421875
2022-08-26,24,2599,2312.570068359375
2022-08-27,1,2459,2211.142822265625
2022-08-27,2,2342,2133.970458984375
2022-08-27,3,2290,2078.98828125
2022-08-27,4,2303,2073.771484375
2022-08-27,5,2227,2067.697021484375
2022-08-27,6,2268,2062.60986328125
2022-08-27,7,2318,2112.079345703125
2022-08-27,8,2292,2089.43505859375
2022-08-27,9,2234,2029.2342529296875
2022-08-27,10,2256,1877.477783203125
2022-08-27,11,2192,1991.235107421875
2022-08-27,12,2227,2008.87353515625
2022-08-27,13,2330,2108.211669921875
2022-08-27,14,2423,2175.043212890625
2022-08-27,15,2736,2366.56103515625
2022-08-27,16,2854,2585.6982421875
2022-08-27,17,3070,2796.810791015625
2022-08-27,18,3132,2845.677001953125
2022-08-27,19,3090,2830.013427734375
2022-08-27,20,3015,2824.142578125
2022-08-27,21,2898,2721.480712890625
2022-08-27,22,2719,2587.1845703125
2022-08-27,23,2556,2439.348388671875
2022-08-27,24,2477,2284.7744140625
2022-08-28,1,2378,2212.906494140625
2022-08-28,2,2414,2136.142822265625
2022-08-28,3,2353,2087.614013671875
2022-08-28,4,2284,2072.599365234375
2022-08-28,5,2167,2067.697021484375
2022-08-28,6,2199,2071.23095703125
2022-08-28,7,2278,2150.898193359375
2022-08-28,8,2140,2249.31787109375
2022-08-28,9,1988,2174.184814453125
2022-08-28,10,1979,1955.397705078125
2022-08-28,11,1953,1863.4298095703125
2022-08-28,12,1984,1937.3868408203125
2022-08-28,13,2091,2051.224609375
2022-08-28,14,2241,2096.91064453125
2022-08-28,15,2463,2293.558349609375
2022-08-28,16,2748,2571.27392578125
2022-08-28,17,2970,2766.7373046875
2022-08-28,18,3053,2816.432373046875
2022-08-28,19,3055,2796.69091796875
2022-08-28,20,2999,2809.94482421875
2022-08-28,21,2859,2679.423828125
2022-08-28,22,2658,2581.507568359375
2022-08-28,23,2477,2403.135498046875
2022-08-28,24,2404,2290.04541015625
2022-08-29,1,2303,2223.552978515625
2022-08-29,2,2232,2152.8427734375
2022-08-29,3,2232,2111.90283203125
2022-08-29,4,2238,2137.578857421875
2022-08-29,5,2365,2255.655029296875
2022-08-29,6,2532,2405.525634765625
2022-08-29,7,2663,2525.540771484375
2022-08-29,8,2748,2575.296630859375
2022-08-29,9,2731,2490.486328125
2022-08-29,10,2646,2311.810791015625
2022-08-29,11,2536,2424.609619140625
2022-08-29,12,2524,2472.390380859375
2022-08-29,13,2640,2586.15380859375
2022-08-29,14,2792,2741.27392578125
2022-08-29,15,2997,2864.8759765625
2022-08-29,16,3205,2969.984130859375
2022-08-29,17,3388,3084.813232421875
2022-08-29,18,3388,3069.210693359375
2022-08-29,19,3320,2986.18408203125
2022-08-29,20,3224,3000.646484375
2022-08-29,21,3058,2870.6513671875
2022-08-29,22,2805,2670.721435546875
2022-08-29,23,2576,2452.239013671875
2022-08-29,24,2471,2297.085205078125
2022-08-30,1,2337,2225.413818359375
2022-08-30,2,2254,2150.20458984375
2022-08-30,3,2209,2111.90283203125
2022-08-30,4,2216,2137.578857421875
2022-08-30,5,2330,2228.9150390625
2022-08-30,6,2499,2405.56201171875
2022-08-30,7,2780,2536.1669921875
2022-08-30,8,2885,2596.3291015625
2022-08-30,9,2786,2625.64404296875
2022-08-30,10,2624,2758.803955078125
2022-08-30,11,2640,2899.315673828125
2022-08-30,12,2774,3018.573974609375
2022-08-30,13,2966,3108.250732421875
2022-08-30,14,3208,3125.328369140625
2022-08-30,15,3464,3284.59033203125
2022-08-30,16,3661,3496.986328125
2022-08-30,17,3790,3497.248046875
2022-08-30,18,3716,3438.75830078125
2022-08-30,19,3627,3414.40283203125
2022-08-30,20,3498,3334.343505859375
2022-08-30,21,3296,3140.489501953125
2022-08-30,22,3008,2933.4228515625
2022-08-30,23,2745,2695.0615234375
2022-08-30,24,2595,2549.9765625
2022-08-31,1,2473,2352.700439453125
2022-08-31,2,2445,2263.950927734375
2022-08-31,3,2351,2233.831787109375
2022-08-31,4,2278,2217.46875
2022-08-31,5,2375,2310.276123046875
2022-08-31,6,2524,2457.12939453125
2022-08-31,7,2700,2595.994873046875
2022-08-31,8,2960,2667.3828125
2022-08-31,9,2985,2678.5419921875
2022-08-31,10,2942,2809.384521484375
2022-08-31,11,2986,3320.2763671875
2022-08-31,12,3179,3284.6396484375
2022-08-31,13,3394,3355.679443359375
2022-08-31,14,3615,3493.15869140625
2022-08-31,15,3838,3714.10009765625
2022-08-31,16,4021,3798.047607421875
2022-08-31,17,4158,3874.5048828125
2022-08-31,18,4081,3750.56103515625
2022-08-31,19,3984,3799.49560546875
2022-08-31,20,3831,3740.443359375
2022-08-31,21,3606,3498.246826171875
2022-08-31,22,3278,3192.96875
2022-08-31,23,2981,2920.032958984375
2022-08-31,24,2817,2721.005859375
2022-09-01,1,2658,2628.75439453125
2022-09-01,2,2544,2472.3193359375
2022-09-01,3,2434,2414.02197265625
2022-09-01,4,2438,2400.650634765625
2022-09-01,5,2496,2377.023681640625
2022-09-01,6,2650,2436.586181640625
2022-09-01,7,2772,2539.90576171875
2022-09-01,8,2865,2664.10791015625
2022-09-01,9,2893,2601.15673828125
2022-09-01,10,2976,2621.516357421875
2022-09-01,11,3187,2660.765625
2022-09-01,12,3405,3028.15380859375
2022-09-01,13,3619,3359.9462890625
2022-09-01,14,3919,3612.801025390625
2022-09-01,15,4360,3886.7939453125
2022-09-01,16,4483,3937.023193359375
2022-09-01,17,4320,3845.27880859375
2022-09-01,18,4137,3614.637451171875
2022-09-01,19,4015,3491.77880859375
2022-09-01,20,3896,3340.19677734375
2022-09-01,21,3721,3074.0537109375
2022-09-01,22,3414,2875.306640625
2022-09-01,23,3136,2776.94482421875
2022-09-01,24,3012,2582.427490234375
2022-09-02,1,2922,2582.4482421875
2022-09-02,2,2903,2416.740234375
2022-09-02,3,2705,2352.753173828125
2022-09-02,4,2581,2313.5888671875
2022-09-02,5,2661,2354.417724609375
2022-09-02,6,2811,2442.5546875
2022-09-02,7,2973,2557.4462890625
2022-09-02,8,3185,2702.47119140625
2022-09-02,9,3187,2667.023681640625
2022-09-02,10,3286,2865.165283203125
2022-09-02,11,3440,3018.465087890625
2022-09-02,12,3614,2911.635009765625
2022-09-02,13,3848,3168.66943359375
2022-09-02,14,4068,3547.572509765625
2022-09-02,15,4190,3628.22412109375
2022-09-02,16,4301,3677.709716796875
2022-09-02,17,4227,3700.309814453125
2022-09-02,18,4088,3691.297119140625
2022-09-02,19,3966,3528.626220703125
2022-09-02,20,3849,3594.7900390625
2022-09-02,21,3726,3395.81396484375
2022-09-02,22,3505,3098.448974609375
2022-09-02,23,3241,2821.47802734375
2022-09-02,24,3105,2669.451171875
2022-09-03,1,2961,2622.08544921875
2022-09-03,2,2888,2475.04150390625
2022-09-03,3,2833,2417.174560546875
2022-09-03,4,2750,2378.184814453125
2022-09-03,5,2664,2370.45556640625
2022-09-03,6,2711,2370.415283203125
2022-09-03,7,2969,2445.71484375
2022-09-03,8,3157,2599.1171875
2022-09-03,9,3099,2816.059814453125
2022-09-03,10,3287,2978.417724609375
2022-09-03,11,3516,3249.19140625
2022-09-03,12,3682,3430.054931640625
2022-09-03,13,3845,3394.405029296875
2022-09-03,14,4035,3661.799560546875
2022-09-03,15,4196,3869.875
2022-09-03,16,4302,4076.584228515625
2022-09-03,17,4406,4235.87841796875
2022-09-03,18,4362,4143.5
2022-09-03,19,4306,4032.074462890625
2022-09-03,20,4240,3848.343505859375
2022-09-03,21,4115,3616.463623046875
2022-09-03,22,3914,3316.71728515625
2022-09-03,23,3697,3035.813232421875
2022-09-03,24,3542,2809.931884765625
2022-09-04,1,3431,2622.08544921875
2022-09-04,2,3319,2475.04150390625
2022-09-04,3,3188,2419.06787109375
2022-09-04,4,3117,2383.203857421875
2022-09-04,5,3093,2370.45556640625
2022-09-04,6,3147,2370.415283203125
2022-09-04,7,3269,2441.306396484375
2022-09-04,8,3381,2575.38134765625
2022-09-04,9,3600,2793.019775390625
2022-09-04,10,3763,2887.15869140625
2022-09-04,11,3757,3009.114990234375
2022-09-04,12,3813,3007.2041015625
2022-09-04,13,3840,3475.12646484375
2022-09-04,14,3914,3765.457275390625
2022-09-04,15,4043,3890.3662109375
2022-09-04,16,4039,4071.67138671875
2022-09-04,17,4168,3908.400146484375
2022-09-04,18,4128,3661.193115234375
2022-09-04,19,4072,3693.823486328125
2022-09-04,20,4031,3811.713134765625
2022-09-04,21,3906,3562.613525390625
2022-09-04,22,3670,3260.4873046875
2022-09-04,23,3391,3026.211669921875
2022-09-04,24,3212,2800.2890625
2022-09-05,1,3017,2632.223876953125
2022-09-05,2,2862,2473.599609375
2022-09-05,3,2742,2408.974609375
2022-09-05,4,2690,2399.73779296875
2022-09-05,5,2711,2438.89599609375
2022-09-05,6,2841,2459.88916015625
2022-09-05,7,3080,2471.7685546875
2022-09-05,8,3247,2506.7666015625
2022-09-05,9,3140,2574.906982421875
2022-09-05,10,3243,2658.791015625
2022-09-05,11,3351,2790.773681640625
2022-09-05,12,3443,2894.144775390625
2022-09-05,13,3605,3035.609375
2022-09-05,14,3805,3270.871826171875
2022-09-05,15,3975,3340.3876953125
2022-09-05,16,4101,3388.333984375
2022-09-05,17,4201,3432.365966796875
2022-09-05,18,4150,3566.7236328125
2022-09-05,19,4035,3505.31787109375
2022-09-05,20,3876,3373.86767578125
2022-09-05,21,3685,3001.871337890625
2022-09-05,22,3376,2869.65966796875
2022-09-05,23,3103,2582.5712890625
2022-09-05,24,2969,2528.516357421875
2022-09-06,1,2781,2450.238525390625
2022-09-06,2,2649,2302.865234375
2022-09-06,3,2575,2293.60791015625
2022-09-06,4,2552,2278.7353515625
2022-09-06,5,2636,2349.428955078125
2022-09-06,6,2801,2436.586181640625
2022-09-06,7,3023,2543.502685546875
2022-09-06,8,3332,2660.084228515625
2022-09-06,9,3309,2601.067626953125
2022-09-06,10,3211,2620.23583984375
2022-09-06,11,3397,2815.281982421875
2022-09-06,12,3575,2911.635009765625
2022-09-06,13,3746,3071.497802734375
2022-09-06,14,3956,3444.703369140625
2022-09-06,15,4227,3718.7265625
2022-09-06,16,4322,3890.045166015625
2022-09-06,17,4322,4010.246826171875
2022-09-06,18,4086,3886.69189453125
2022-09-06,19,4029,3827.764892578125
2022-09-06,20,3970,3683.670654296875
2022-09-06,21,3860,3374.6640625
2022-09-06,22,3616,3098.448974609375
2022-09-06,23,3342,2821.47802734375
2022-09-06,24,3214,2681.20361328125
2022-09-07,1,3129,2620.833984375
2022-09-07,2,3017,2472.3193359375
2022-09-07,3,2864,2416.0126953125
2022-09-07,4,2748,2400.650634765625
2022-09-07,5,2775,2453.701416015625
2022-09-07,6,2935,2471.56982421875
2022-09-07,7,3079,2570.613525390625
2022-09-07,8,3277,2705.743896484375
2022-09-07,9,3390,2730.61083984375
2022-09-07,10,3553,2898.415283203125
2022-09-07,11,3691,3099.427490234375
2022-09-07,12,3890,3234.103515625
2022-09-07,13,4100,3439.39794921875
2022-09-07,14,4338,3620.36181640625
2022-09-07,15,4570,3831.484619140625
2022-09-07,16,4633,4069.22216796875
2022-09-07,17,4617,4195.966796875
2022-09-07,18,4464,4015.2197265625
2022-09-07,19,4342,3827.45947265625
2022-09-07,20,4209,3712.745361328125
2022-09-07,21,4052,3411.435546875
2022-09-07,22,3731,3095.03369140625
2022-09-07,23,3423,2798.935302734375
2022-09-07,24,3250,2644.9287109375
2022-09-08,1,3032,2628.75439453125
2022-09-08,2,2862,2472.3193359375
2022-09-08,3,2786,2412.300048828125
2022-09-08,4,2768,2405.669677734375
2022-09-08,5,2912,2453.701416015625
2022-09-08,6,3174,2529.821044921875
2022-09-08,7,3351,2604.191162109375
2022-09-08,8,3477,2715.214111328125
2022-09-08,9,3538,2842.385498046875
2022-09-08,10,3587,2899.195556640625
2022-09-08,11,3730,2941.236328125
2022-09-08,12,4002,2996.208984375
2022-09-08,13,4212,3268.8544921875
2022-09-08,14,4188,3217.7958984375
2022-09-08,15,4291,3142.52734375
2022-09-08,16,4178,3448.5810546875
2022-09-08,17,4050,3724.40234375
2022-09-08,18,4017,3944.984375
2022-09-08,19,4028,3927.03369140625
2022-09-08,20,4003,3669.523681640625
2022-09-08,21,3904,3411.435546875
2022-09-08,22,3650,3095.03369140625
2022-09-08,23,3407,2798.935302734375
2022-09-08,24,3315,2644.9287109375
2022-09-09,1,3164,2628.75439453125
2022-09-09,2,3082,2472.3193359375
2022-09-09,3,3052,2412.300048828125
2022-09-09,4,3218,2405.669677734375
2022-09-09,5,3439,2432.5830078125
2022-09-09,6,3567,2471.56982421875
2022-09-09,7,3791,2553.80322265625
2022-09-09,8,3898,2763.8251953125
2022-09-09,9,3835,2817.68896484375
2022-09-09,10,3646,2779.55615234375
2022-09-09,11,3828,2674.59619140625
2022-09-09,12,3748,2568.900390625
2022-09-09,13,3628,2686.63916015625
2022-09-09,14,3608,2806.883544921875
2022-09-09,15,3528,2792.5087890625
2022-09-09,16,3404,2844.287841796875
2022-09-09,17,3328,2897.32275390625
2022-09-09,18,3278,2984.79833984375
2022-09-09,19,3220,2992.285888671875
2022-09-09,20,3151,2919.9375
2022-09-09,21,3076,3009.443359375
2022-09-09,22,2921,2914.88818359375
2022-09-09,23,2726,2611.145751953125
2022-09-09,24,2571,2538.91357421875
2022-09-10,1,2470,2447.248779296875
2022-09-10,2,2426,2312.660400390625
2022-09-10,3,2388,2262.089111328125
2022-09-10,4,2363,2253.33154296875
2022-09-10,5,2370,2317.29345703125
2022-09-10,6,2448,2299.555419921875
2022-09-10,7,2498,2382.202880859375
2022-09-10,8,2514,2462.507568359375
2022-09-10,9,2645,2502.71923828125
2022-09-10,10,2672,2321.098388671875
2022-09-10,11,2739,2438.517333984375
2022-09-10,12,2741,2324.783447265625
2022-09-10,13,2770,2244.7685546875
2022-09-10,14,2761,2248.969970703125
2022-09-10,15,2882,2493.335693359375
2022-09-10,16,2958,2623.6318359375
2022-09-10,17,3059,2745.078125
2022-09-10,18,3142,2993.261474609375
2022-09-10,19,3189,3038.168701171875
2022-09-10,20,3149,2920.0693359375
2022-09-10,21,3098,2931.525146484375
2022-09-10,22,2956,2744.866455078125
2022-09-10,23,2798,2624.89794921875
2022-09-10,24,2695,2570.939453125
2022-09-11,1,2588,2508.92724609375
2022-09-11,2,2476,2402.081298828125
2022-09-11,3,2474,2331.876953125
2022-09-11,4,2444,2380.8095703125
2022-09-11,5,2368,2284.7314453125
2022-09-11,6,2379,2203.460693359375
2022-09-11,7,2449,2285.9169921875
2022-09-11,8,2404,2304.6513671875
2022-09-11,9,2387,2303.042724609375
2022-09-11,10,2436,2225.29052734375
2022-09-11,11,2573,2243.84619140625
2022-09-11,12,2720,2091.3095703125
2022-09-11,13,2959,2190.34521484375
2022-09-11,14,3271,2299.58740234375
2022-09-11,15,3473,2291.875244140625
2022-09-11,16,3436,2562.434326171875
2022-09-11,17,3523,2782.25537109375
2022-09-11,18,3609,3058.115234375
2022-09-11,19,3610,3149.882568359375
2022-09-11,20,3502,2987.417236328125
2022-09-11,21,3349,2931.525146484375
2022-09-11,22,3122,2785.957275390625
2022-09-11,23,2917,2642.3291015625
2022-09-11,24,2851,2493.627197265625
2022-09-12,1,2805,2421.532470703125
2022-09-12,2,2742,2308.883056640625
2022-09-12,3,2627,2309.20263671875
2022-09-12,4,2601,2282.67578125
2022-09-12,5,2628,2350.831787109375
2022-09-12,6,2846,2428.362548828125
2022-09-12,7,3010,2555.16552734375
2022-09-12,8,3118,2762.82666015625
2022-09-12,9,3177,2925.169677734375
2022-09-12,10,3071,2727.115234375
2022-09-12,11,3112,2630.870361328125
2022-09-12,12,3118,2626.253173828125
2022-09-12,13,3114,2594.3291015625
2022-09-12,14,3168,2490.4736328125
2022-09-12,15,3294,2553.24267578125
2022-09-12,16,3483,2809.802001953125
2022-09-12,17,3622,3060.129638671875
2022-09-12,18,3592,3203.840087890625
2022-09-12,19,3570,3175.974609375
2022-09-12,20,3452,3062.418701171875
2022-09-12,21,3324,2943.29931640625
2022-09-12,22,3134,2750.140380859375
2022-09-12,23,2891,2580.703857421875
2022-09-12,24,2676,2415.487548828125
2022-09-13,1,2569,2286.628173828125
2022-09-13,2,2582,2222.822265625
2022-09-13,3,2570,2175.345703125
2022-09-13,4,2519,2155.1904296875
2022-09-13,5,2536,2237.34716796875
2022-09-13,6,2696,2431.14599609375
2022-09-13,7,2790,2537.05712890625
2022-09-13,8,2859,2748.0634765625
2022-09-13,9,2882,2787.425048828125
2022-09-13,10,2768,2634.64404296875
2022-09-13,11,2807,2532.880859375
2022-09-13,12,2779,2349.5478515625
2022-09-13,13,2815,2263.056640625
2022-09-13,14,2951,2256.09326171875
2022-09-13,15,3101,2420.52392578125
2022-09-13,16,3236,2605.830078125
2022-09-13,17,3357,2888.760498046875
2022-09-13,18,3350,3033.429931640625
2022-09-13,19,3307,3056.98193359375
2022-09-13,20,3192,2973.367919921875
2022-09-13,21,3028,2805.145751953125
2022-09-13,22,2807,2604.1435546875
2022-09-13,23,2603,2432.12548828125
2022-09-13,24,2472,2299.95263671875
2022-09-14,1,2366,2237.165771484375
2022-09-14,2,2389,2185.14111328125
2022-09-14,3,2341,2128.272705078125
2022-09-14,4,2307,2166.173583984375
2022-09-14,5,2359,2184.996337890625
2022-09-14,6,2533,2288.688720703125
2022-09-14,7,2645,2399.697265625
2022-09-14,8,2704,2515.838134765625
2022-09-14,9,2726,2591.036376953125
2022-09-14,10,2645,2601.87109375
2022-09-14,11,2569,2578.135986328125
2022-09-14,12,2403,2490.490478515625
2022-09-14,13,2234,2391.9951171875
2022-09-14,14,2340,2366.931396484375
2022-09-14,15,2558,2414.5166015625
2022-09-14,16,2781,2543.161376953125
2022-09-14,17,2966,2690.316650390625
2022-09-14,18,3025,2764.317626953125
2022-09-14,19,3024,2880.352783203125
2022-09-14,20,2924,2762.309326171875
2022-09-14,21,2787,2610.61328125
2022-09-14,22,2603,2405.4609375
2022-09-14,23,2411,2211.298583984375
2022-09-14,24,2325,2111.7421875
2022-09-15,1,2202,2023.5909423828125
2022-09-15,2,2127,2002.2236328125
2022-09-15,3,2085,1975.6505126953125
2022-09-15,4,2112,1960.017578125
2022-09-15,5,2220,2080.914794921875
2022-09-15,6,2392,2244.1728515625
2022-09-15,7,2571,2372.95654296875
2022-09-15,8,2694,2390.816162109375
2022-09-15,9,2403,2316.07080078125
2022-09-15,10,2089,2193.914306640625
2022-09-15,11,2009,2198.85546875
2022-09-15,12,1988,2099.272705078125
2022-09-15,13,2110,1989.8743896484375
2022-09-15,14,2310,2021.47412109375
2022-09-15,15,2460,2110.34521484375
2022-09-15,16,2712,2317.301025390625
2022-09-15,17,2904,2700.509033203125
2022-09-15,18,2974,2778.321533203125
2022-09-15,19,2990,2880.352783203125
2022-09-15,20,2886,2732.2841796875
2022-09-15,21,2731,2519.410888671875
2022-09-15,22,2522,2340.087890625
2022-09-15,23,2340,2174.1845703125
2022-09-15,24,2273,2064.7373046875
2022-09-16,1,2204,2020.1922607421875
2022-09-16,2,2174,1963.4725341796875
2022-09-16,3,2135,1940.7762451171875
2022-09-16,4,2089,1935.639892578125
2022-09-16,5,2130,2037.1214599609375
2022-09-16,6,2271,2233.2548828125
2022-09-16,7,2389,2320.029052734375
2022-09-16,8,2449,2317.79443359375
2022-09-16,9,2445,2212.610595703125
2022-09-16,10,2124,2102.59423828125
2022-09-16,11,1910,2151.2509765625
2022-09-16,12,1887,2095.8525390625
2022-09-16,13,1976,1971.2061767578125
2022-09-16,14,2156,2060.04150390625
2022-09-16,15,2359,2312.27294921875
2022-09-16,16,2601,2479.36474609375
2022-09-16,17,2781,2666.743408203125
2022-09-16,18,2838,2766.5224609375
2022-09-16,19,2841,2872.334716796875
2022-09-16,20,2759,2734.427734375
2022-09-16,21,2644,2523.928466796875
2022-09-16,22,2481,2343.648681640625
2022-09-16,23,2311,2201.22509765625
2022-09-16,24,2230,2066.30810546875
2022-09-17,1,2106,2001.1126708984375
2022-09-17,2,2027,1926.1038818359375
2022-09-17,3,1981,1900.9329833984375
2022-09-17,4,1977,1878.5770263671875
2022-09-17,5,2020,1908.0933837890625
2022-09-17,6,2077,1967.7730712890625
2022-09-17,7,2176,2038.2933349609375
2022-09-17,8,2354,2121.8876953125
2022-09-17,9,2469,2056.35693359375
2022-09-17,10,2267,1850.2852783203125
2022-09-17,11,1992,1830.6435546875
2022-09-17,12,1679,1773.250244140625
2022-09-17,13,1578,1771.787841796875
2022-09-17,14,1705,1817.604248046875
2022-09-17,15,1970,2045.3646240234375
2022-09-17,16,2241,2214.891357421875
2022-09-17,17,2489,2403.3095703125
2022-09-17,18,2613,2516.330322265625
2022-09-17,19,2656,2586.703857421875
2022-09-17,20,2595,2599.42626953125
2022-09-17,21,2524,2473.50537109375
2022-09-17,22,2397,2321.435791015625
2022-09-17,23,2275,2225.59228515625
2022-09-17,24,2198,2140.450439453125
2022-09-18,1,2135,2053.583740234375
2022-09-18,2,2064,1973.8160400390625
2022-09-18,3,2014,1927.2852783203125
2022-09-18,4,1987,1934.448486328125
2022-09-18,5,1974,1935.1859130859375
2022-09-18,6,2003,1972.4803466796875
2022-09-18,7,2106,2033.4927978515625
2022-09-18,8,2191,2063.60498046875
2022-09-18,9,2183,1988.8580322265625
2022-09-18,10,1863,1905.0330810546875
2022-09-18,11,1630,1878.578857421875
2022-09-18,12,1571,1869.142333984375
2022-09-18,13,1541,1842.064453125
2022-09-18,14,1689,1817.869140625
2022-09-18,15,1937,1901.1380615234375
2022-09-18,16,2272,2228.285400390625
2022-09-18,17,2535,2428.20068359375
2022-09-18,18,2662,2516.330322265625
2022-09-18,19,2700,2605.573974609375
2022-09-18,20,2620,2599.42626953125
2022-09-18,21,2505,2433.09130859375
2022-09-18,22,2344,2252.357666015625
2022-09-18,23,2186,2135.331298828125
2022-09-18,24,2126,2095.05322265625
2022-09-19,1,2057,2047.0733642578125
2022-09-19,2,1999,2017.7705078125
2022-09-19,3,1966,1977.6331787109375
2022-09-19,4,2000,1985.32470703125
2022-09-19,5,2107,2099.629638671875
2022-09-19,6,2237,2199.869140625
2022-09-19,7,2345,2285.6455078125
2022-09-19,8,2391,2294.6328125
2022-09-19,9,2211,2163.1865234375
2022-09-19,10,1993,2060.37451171875
2022-09-19,11,1856,2096.232421875
2022-09-19,12,1897,2095.34765625
2022-09-19,13,2072,2062.1181640625
2022-09-19,14,2202,2219.3876953125
2022-09-19,15,2405,2421.570068359375
2022-09-19,16,2729,2704.0205078125
2022-09-19,17,2822,2866.203369140625
2022-09-19,18,2912,2884.0263671875
2022-09-19,19,2916,2955.2109375
2022-09-19,20,2820,2820.15478515625
2022-09-19,21,2668,2655.864501953125
2022-09-19,22,2456,2410.840087890625
2022-09-19,23,2286,2207.163330078125
2022-09-19,24,2180,2105.8955078125
2022-09-20,1,2101,2021.353759765625
2022-09-20,2,2050,1977.7918701171875
2022-09-20,3,1996,1965.9373779296875
2022-09-20,4,2002,1947.2056884765625
2022-09-20,5,2102,2041.933837890625
2022-09-20,6,2242,2164.37353515625
2022-09-20,7,2284,2221.1533203125
2022-09-20,8,2279,2291.358642578125
2022-09-20,9,2266,2151.3173828125
2022-09-20,10,2258,2224.427490234375
2022-09-20,11,2157,2217.79443359375
2022-09-20,12,2092,2307.379638671875
2022-09-20,13,2117,2471.5263671875
2022-09-20,14,2302,2606.734375
2022-09-20,15,2543,2802.3330078125
2022-09-20,16,2760,2894.4521484375
2022-09-20,17,2960,3025.8388671875
2022-09-20,18,3046,3017.844970703125
2022-09-20,19,3050,2986.772705078125
2022-09-20,20,2937,2904.31640625
2022-09-20,21,2789,2734.795166015625
2022-09-20,22,2597,2581.7275390625
2022-09-20,23,2439,2408.509521484375
2022-09-20,24,2337,2289.004638671875
2022-09-21,1,2216,2130.893798828125
2022-09-21,2,2162,2064.694091796875
2022-09-21,3,2110,2033.807373046875
2022-09-21,4,2112,2055.65576171875
2022-09-21,5,2211,2146.2158203125
2022-09-21,6,2352,2297.499267578125
2022-09-21,7,2382,2376.698486328125
2022-09-21,8,2291,2349.55126953125
2022-09-21,9,2353,2309.4658203125
2022-09-21,10,2302,2229.25390625
2022-09-21,11,2257,2199.909423828125
2022-09-21,12,2133,2168.85546875
2022-09-21,13,2172,2345.40185546875
2022-09-21,14,2292,2463.830322265625
2022-09-21,15,2475,2675.45068359375
2022-09-21,16,2698,2836.03515625
2022-09-21,17,2887,3012.69140625
2022-09-21,18,2979,3039.257080078125
2022-09-21,19,2988,2978.9599609375
2022-09-21,20,2884,2851.446044921875
2022-09-21,21,2729,2683.6259765625
2022-09-21,22,2532,2441.295166015625
2022-09-21,23,2354,2266.359375
2022-09-21,24,2275,2148.5322265625
2022-09-22,1,2174,2047.0733642578125
2022-09-22,2,2075,2017.7705078125
2022-09-22,3,2017,1967.96337890625
2022-09-22,4,2024,1980.5093994140625
2022-09-22,5,2103,2098.65380859375
2022-09-22,6,2225,2164.299072265625
2022-09-22,7,2277,2207.447998046875
2022-09-22,8,2311,2298.6455078125
2022-09-22,9,2304,2145.041015625
2022-09-22,10,2176,2231.981689453125
2022-09-22,11,2021,2218.089599609375
2022-09-22,12,2007,2298.1630859375
2022-09-22,13,2142,2521.4521484375
2022-09-22,14,2374,2763.17919921875
2022-09-22,15,2654,2985.72900390625
2022-09-22,16,2891,3197.774658203125
2022-09-22,17,3073,3178.7626953125
2022-09-22,18,3124,3121.028076171875
2022-09-22,19,3097,3076.37841796875
2022-09-22,20,2971,2964.69189453125
2022-09-22,21,2813,2805.145751953125
2022-09-22,22,2606,2604.1435546875
2022-09-22,23,2409,2423.5771484375
2022-09-22,24,2331,2277.87841796875
2022-09-23,1,2224,2198.6845703125
2022-09-23,2,2173,2120.719970703125
2022-09-23,3,2135,2065.74267578125
2022-09-23,4,2143,2089.216552734375
2022-09-23,5,2227,2215.4248046875
2022-09-23,6,2372,2365.3212890625
2022-09-23,7,2468,2465.49658203125
2022-09-23,8,2545,2498.86279296875
2022-09-23,9,2507,2594.1015625
2022-09-23,10,2457,2463.148681640625
2022-09-23,11,2432,2529.288818359375
2022-09-23,12,2394,2662.21044921875
2022-09-23,13,2564,2914.219970703125
2022-09-23,14,2777,3148.063232421875
2022-09-23,15,3015,3392.005615234375
2022-09-23,16,3230,3418.22412109375
2022-09-23,17,3321,3473.595703125
2022-09-23,18,3295,3362.421630859375
2022-09-23,19,3224,3275.45947265625
2022-09-23,20,3097,3082.2490234375
2022-09-23,21,2956,2922.24560546875
2022-09-23,22,2748,2719.80615234375
2022-09-23,23,2572,2544.07080078125
2022-09-23,24,2459,2332.23974609375
2022-09-24,1,2311,2226.908203125
2022-09-24,2,2216,2164.762451171875
2022-09-24,3,2135,2093.4443359375
2022-09-24,4,2096,2088.02978515625
2022-09-24,5,2112,2073.891845703125
2022-09-24,6,2154,2053.211181640625
2022-09-24,7,2241,2131.403076171875
2022-09-24,8,2382,2215.41015625
2022-09-24,9,2437,2218.25830078125
2022-09-24,10,2345,2135.4345703125
2022-09-24,11,2300,2254.790283203125
2022-09-24,12,2398,2393.972900390625
2022-09-24,13,2568,2645.145751953125
2022-09-24,14,2766,2854.7041015625
2022-09-24,15,2978,3182.630126953125
2022-09-24,16,3140,3252.255126953125
2022-09-24,17,3282,3234.23681640625
2022-09-24,18,3274,3207.526123046875
2022-09-24,19,3201,3184.724853515625
2022-09-24,20,3079,2996.20166015625
2022-09-24,21,2930,2876.154296875
2022-09-24,22,2729,2735.686767578125
2022-09-24,23,2555,2591.26416015625
2022-09-24,24,2458,2353.00048828125
2022-09-25,1,2317,2188.886962890625
2022-09-25,2,2198,2079.460205078125
2022-09-25,3,2131,2039.399658203125
2022-09-25,4,2109,2040.834716796875
2022-09-25,5,2094,2047.4244384765625
2022-09-25,6,2103,2063.801513671875
2022-09-25,7,2145,2137.56494140625
2022-09-25,8,2248,2228.4765625
2022-09-25,9,2226,2075.875244140625
2022-09-25,10,2244,2093.342041015625
2022-09-25,11,2224,2195.963134765625
2022-09-25,12,2260,2428.253662109375
2022-09-25,13,2382,2631.171142578125
2022-09-25,14,2628,2749.220947265625
2022-09-25,15,2889,3022.689453125
2022-09-25,16,3125,3252.644775390625
2022-09-25,17,3322,3318.256103515625
2022-09-25,18,3331,3260.48095703125
2022-09-25,19,3253,3088.00390625
2022-09-25,20,3114,2947.107177734375
2022-09-25,21,2945,2890.1201171875
2022-09-25,22,2723,2729.45703125
2022-09-25,23,2525,2557.622314453125
2022-09-25,24,2475,2335.9619140625
2022-09-26,1,2339,2231.401123046875
2022-09-26,2,2236,2117.1533203125
2022-09-26,3,2176,2073.078125
2022-09-26,4,2190,2085.3642578125
2022-09-26,5,2297,2184.405517578125
2022-09-26,6,2467,2332.007568359375
2022-09-26,7,2667,2402.66748046875
2022-09-26,8,2833,2446.796142578125
2022-09-26,9,2745,2435.733642578125
2022-09-26,10,2507,2458.73828125
2022-09-26,11,2499,2536.6259765625
2022-09-26,12,2648,2707.034912109375
2022-09-26,13,2825,2875.05419921875
2022-09-26,14,3050,2971.804931640625
2022-09-26,15,3335,3130.2666015625
2022-09-26,16,3563,3126.990966796875
2022-09-26,17,3694,3289.050537109375
2022-09-26,18,3643,3318.6435546875
2022-09-26,19,3533,3210.376953125
2022-09-26,20,3338,3072.846923828125
2022-09-26,21,3139,2998.56201171875
2022-09-26,22,2889,2770.74755859375
2022-09-26,23,2690,2592.073486328125
2022-09-26,24,2580,2417.79150390625
2022-09-27,1,2403,2272.93212890625
2022-09-27,2,2289,2201.444580078125
2022-09-27,3,2222,2121.6982421875
2022-09-27,4,2230,2143.201171875
2022-09-27,5,2338,2221.44873046875
2022-09-27,6,2501,2330.12353515625
2022-09-27,7,2662,2407.76611328125
2022-09-27,8,2887,2536.375
2022-09-27,9,2888,2436.22802734375
2022-09-27,10,2758,2449.3662109375
2022-09-27,11,2767,2556.377197265625
2022-09-27,12,2886,2765.966552734375
2022-09-27,13,3055,2991.229248046875
2022-09-27,14,3310,3202.47900390625
2022-09-27,15,3547,3331.334716796875
2022-09-27,16,3743,3388.977294921875
2022-09-27,17,3845,3399.73193359375
2022-09-27,18,3771,3460.539794921875
2022-09-27,19,3644,3440.3515625
2022-09-27,20,3443,3221.891357421875
2022-09-27,21,3230,2968.257080078125
2022-09-27,22,2977,2783.699462890625
2022-09-27,23,2736,2593.663330078125
2022-09-27,24,2575,2424.412109375
2022-09-28,1,2469,2277.811767578125
2022-09-28,2,2387,2193.37646484375
2022-09-28,3,2294,2157.50732421875
2022-09-28,4,2304,2169.98583984375
2022-09-28,5,2410,2244.921142578125
2022-09-28,6,2573,2356.104248046875
2022-09-28,7,2684,2450.4501953125
2022-09-28,8,2679,2552.69921875
2022-09-28,9,2666,2482.045166015625
2022-09-28,10,2628,2449.366455078125
2022-09-28,11,2901,2536.948974609375
2022-09-28,12,3004,2686.9677734375
2022-09-28,13,3133,2942.44580078125
2022-09-28,14,3242,3197.708984375
2022-09-28,15,3433,3412.365234375
2022-09-28,16,3582,3417.781005859375
2022-09-28,17,3651,3465.0205078125
2022-09-28,18,3543,3351.90625
2022-09-28,19,3421,3182.244140625
2022-09-28,20,3191,3041.9482421875
2022-09-28,21,3048,2921.029052734375
2022-09-28,22,2800,2644.91748046875
2022-09-28,23,2585,2421.789306640625
2022-09-28,24,2500,2282.780517578125
2022-09-29,1,2375,2183.74853515625
2022-09-29,2,2262,2158.72607421875
2022-09-29,3,2204,2106.19970703125
2022-09-29,4,2220,2144.418212890625
2022-09-29,5,2315,2237.52734375
2022-09-29,6,2478,2362.616455078125
2022-09-29,7,2611,2419.3330078125
2022-09-29,8,2765,2568.64208984375
2022-09-29,9,2802,2490.185302734375
2022-09-29,10,2750,2310.8115234375
2022-09-29,11,2586,2328.960205078125
2022-09-29,12,2452,2448.553466796875
2022-09-29,13,2581,2695.480712890625
2022-09-29,14,2808,2832.787353515625
2022-09-29,15,2983,2985.35009765625
2022-09-29,16,3116,3126.03564453125
2022-09-29,17,3196,3076.49560546875
2022-09-29,18,3195,3024.685546875
2022-09-29,19,3148,2861.6845703125
2022-09-29,20,3011,2795.52490234375
2022-09-29,21,2851,2731.77587890625
2022-09-29,22,2636,2572.25146484375
2022-09-29,23,2454,2379.09814453125
2022-09-29,24,2366,2268.979248046875
2022-09-30,1,2257,2151.429931640625
2022-09-30,2,2165,2059.53662109375
2022-09-30,3,2129,2033.807373046875
2022-09-30,4,2155,2055.65576171875
2022-09-30,5,2259,2138.020751953125
2022-09-30,6,2438,2258.619140625
2022-09-30,7,2585,2367.648193359375
2022-09-30,8,2670,2471.64892578125
2022-09-30,9,2701,2552.408447265625
2022-09-30,10,2593,2490.523681640625
2022-09-30,11,2464,2327.87939453125
2022-09-30,12,2285,2215.630859375
2022-09-30,13,2210,2118.43115234375
2022-09-30,14,2287,2282.70068359375
2022-09-30,15,2445,2519.561279296875
2022-09-30,16,2627,2730.947021484375
2022-09-30,17,2780,2692.503662109375
2022-09-30,18,2814,2729.040283203125
2022-09-30,19,2789,2694.595703125
2022-09-30,20,2692,2578.324462890625
2022-09-30,21,2592,2481.06689453125
2022-09-30,22,2442,2325.23486328125
2022-09-30,23,2296,2184.832763671875
2022-09-30,24,2230,2074.404541015625
2022-10-01,1,2144,1920.9139404296875
2022-10-01,2,2057,1824.0897216796875
2022-10-01,3,2007,1769.4671630859375
2022-10-01,4,1988,1771.6104736328125
2022-10-01,5,2021,1825.2357177734375
2022-10-01,6,2092,1875.27392578125
2022-10-01,7,2157,1940.887939453125
2022-10-01,8,2247,1973.7926025390625
2022-10-01,9,2280,1852.9842529296875
2022-10-01,10,1856,1681.5882568359375
2022-10-01,11,1594,1567.184814453125
2022-10-01,12,1636,1502.8253173828125
2022-10-01,13,1671,1585.224609375
2022-10-01,14,1837,1747.5487060546875
2022-10-01,15,2053,2056.733154296875
2022-10-01,16,2305,2216.532958984375
2022-10-01,17,2546,2301.087890625
2022-10-01,18,2616,2379.614501953125
2022-10-01,19,2638,2464.964111328125
2022-10-01,20,2568,2455.100341796875
2022-10-01,21,2477,2318.02197265625
2022-10-01,22,2355,2187.033935546875
2022-10-01,23,2239,2068.51904296875
2022-10-01,24,2185,2020.262939453125
2022-10-02,1,2121,1954.0697021484375
2022-10-02,2,2083,1876.0711669921875
2022-10-02,3,2026,1838.359619140625
2022-10-02,4,1956,1836.1337890625
2022-10-02,5,1999,1881.9871826171875
2022-10-02,6,2034,1949.0772705078125
2022-10-02,7,2106,2000.2972412109375
2022-10-02,8,2197,2070.864501953125
2022-10-02,9,2117,1925.19775390625
2022-10-02,10,1891,1858.61376953125
2022-10-02,11,1756,1681.002197265625
2022-10-02,12,1686,1704.283203125
2022-10-02,13,1651,1716.0809326171875
2022-10-02,14,1840,1898.3289794921875
2022-10-02,15,2107,2061.01904296875
2022-10-02,16,2386,2341.044189453125
2022-10-02,17,2609,2448.809326171875
2022-10-02,18,2733,2551.379638671875
2022-10-02,19,2751,2550.092041015625
2022-10-02,20,2678,2572.55810546875
2022-10-02,21,2580,2436.160888671875
2022-10-02,22,2425,2327.031005859375
2022-10-02,23,2287,2227.710205078125
2022-10-02,24,2244,2191.72412109375
2022-10-03,1,2276,2097.878173828125
2022-10-03,2,2238,2044.142578125
2022-10-03,3,2155,2028.0360107421875
2022-10-03,4,2116,2033.3427734375
2022-10-03,5,2228,2119.814453125
2022-10-03,6,2408,2266.385009765625
2022-10-03,7,2597,2381.459716796875
2022-10-03,8,2799,2499.1650390625
2022-10-03,9,2671,2457.311767578125
2022-10-03,10,2452,2434.54736328125
2022-10-03,11,2228,2351.57080078125
2022-10-03,12,2149,2371.4609375
2022-10-03,13,2160,2332.455810546875
2022-10-03,14,2280,2339.019287109375
2022-10-03,15,2522,2343.451416015625
2022-10-03,16,2733,2629.883544921875
2022-10-03,17,2886,2724.224609375
2022-10-03,18,2944,2730.16455078125
2022-10-03,19,2923,2696.925048828125
2022-10-03,20,2821,2706.93798828125
2022-10-03,21,2688,2581.20849609375
2022-10-03,22,2491,2368.848876953125
2022-10-03,23,2339,2221.060546875
2022-10-03,24,2279,2147.897705078125
2022-10-04,1,2256,2030.0772705078125
2022-10-04,2,2255,1962.3226318359375
2022-10-04,3,2207,1928.6119384765625
2022-10-04,4,2116,1951.6795654296875
2022-10-04,5,2230,2069.32958984375
2022-10-04,6,2372,2232.099609375
2022-10-04,7,2505,2306.30859375
2022-10-04,8,2684,2407.0048828125
2022-10-04,9,2637,2331.398681640625
2022-10-04,10,2432,2137.041259765625
2022-10-04,11,2221,2019.754150390625
2022-10-04,12,2170,2063.1279296875
2022-10-04,13,2226,2024.7080078125
2022-10-04,14,2351,2299.19873046875
2022-10-04,15,2597,2501.70361328125
2022-10-04,16,2808,2612.718994140625
2022-10-04,17,2955,2756.48828125
2022-10-04,18,3001,2821.394287109375
2022-10-04,19,2959,2780.482421875
2022-10-04,20,2840,2728.776611328125
2022-10-04,21,2702,2594.521728515625
2022-10-04,22,2494,2410.435302734375
2022-10-04,23,2334,2242.371826171875
2022-10-04,24,2313,2137.031494140625
2022-10-05,1,2286,2029.03125
2022-10-05,2,2148,1953.224365234375
2022-10-05,3,2079,1910.830322265625
2022-10-05,4,2113,1940.6600341796875
2022-10-05,5,2206,2063.836181640625
2022-10-05,6,2388,2260.0830078125
2022-10-05,7,2535,2356.454833984375
2022-10-05,8,2677,2430.73779296875
2022-10-05,9,2531,2401.066650390625
2022-10-05,10,2314,2275.813720703125
2022-10-05,11,2129,2077.146240234375
2022-10-05,12,2111,2042.071533203125
2022-10-05,13,2274,2024.7080078125
2022-10-05,14,2470,2290.7021484375
2022-10-05,15,2665,2488.25244140625
2022-10-05,16,2832,2608.0244140625
2022-10-05,17,2909,2774.1005859375
2022-10-05,18,2943,2751.608154296875
2022-10-05,19,2907,2740.20947265625
2022-10-05,20,2805,2668.4228515625
2022-10-05,21,2688,2487.4765625
2022-10-05,22,2532,2326.604736328125
2022-10-05,23,2367,2155.65283203125
2022-10-05,24,2264,2076.4931640625
2022-10-06,1,2188,1973.5372314453125
2022-10-06,2,2152,1947.5252685546875
2022-10-06,3,2106,1942.7484130859375
2022-10-06,4,2114,1961.0028076171875
2022-10-06,5,2210,2069.32958984375
2022-10-06,6,2402,2246.427978515625
2022-10-06,7,2558,2311.3662109375
2022-10-06,8,2608,2377.775634765625
2022-10-06,9,2552,2351.938720703125
2022-10-06,10,2406,2170.166015625
2022-10-06,11,2325,2064.03466796875
2022-10-06,12,2379,2015.306884765625
2022-10-06,13,2466,2013.6405029296875
2022-10-06,14,2489,2206.4912109375
2022-10-06,15,2558,2423.92333984375
2022-10-06,16,2645,2629.403076171875
2022-10-06,17,2837,2713.7158203125
2022-10-06,18,3037,2714.469970703125
2022-10-06,19,2935,2681.888427734375
2022-10-06,20,2730,2603.2646484375
2022-10-06,21,2620,2447.94140625
2022-10-06,22,2481,2270.384033203125
2022-10-06,23,2381,2140.690673828125
2022-10-06,24,2428,2050.034423828125
2022-10-07,1,2495,1937.650390625
2022-10-07,2,2481,1878.4400634765625
2022-10-07,3,2484,1883.1153564453125
2022-10-07,4,2320,1886.9727783203125
2022-10-07,5,2239,1986.31005859375
2022-10-07,6,2320,2179.422607421875
2022-10-07,7,2399,2227.30029296875
2022-10-07,8,2534,2273.138427734375
2022-10-07,9,2520,2275.2861328125
2022-10-07,10,2221,2131.09423828125
2022-10-07,11,2090,2011.913330078125
2022-10-07,12,2192,2031.3538818359375
2022-10-07,13,2343,2063.97412109375
2022-10-07,14,2481,2294.92041015625
2022-10-07,15,2653,2450.941162109375
2022-10-07,16,2834,2540.709228515625
2022-10-07,17,2962,2665.211669921875
2022-10-07,18,2979,2763.755859375
2022-10-07,19,2924,2776.366943359375
2022-10-07,20,2849,2730.727783203125
2022-10-07,21,2807,2625.759765625
2022-10-07,22,2620,2454.064208984375
2022-10-07,23,2430,2253.892822265625
2022-10-07,24,2348,2147.897705078125
2022-10-08,1,2234,2006.6298828125
2022-10-08,2,2137,1931.6968994140625
2022-10-08,3,2090,1896.8463134765625
2022-10-08,4,2081,1841.543701171875
2022-10-08,5,2098,1877.6343994140625
2022-10-08,6,2153,1959.58544921875
2022-10-08,7,2199,1997.2457275390625
2022-10-08,8,2259,2096.798583984375
2022-10-08,9,2325,1999.9224853515625
2022-10-08,10,2162,1831.7386474609375
2022-10-08,11,2035,1698.5972900390625
2022-10-08,12,1988,1759.4647216796875
2022-10-08,13,2159,1794.5753173828125
2022-10-08,14,2326,1941.1163330078125
2022-10-08,15,2525,2091.760009765625
2022-10-08,16,2698,2425.880859375
2022-10-08,17,2882,2641.086181640625
2022-10-08,18,3043,2694.14794921875
2022-10-08,19,3011,2714.66552734375
2022-10-08,20,2947,2659.540283203125
2022-10-08,21,2857,2432.918212890625
2022-10-08,22,2733,2327.558349609375
2022-10-08,23,2499,2227.710205078125
2022-10-08,24,2301,2121.20556640625
2022-10-09,1,2192,2006.6298828125
2022-10-09,2,2183,1922.3695068359375
2022-10-09,3,2125,1892.331298828125
2022-10-09,4,2031,1897.160888671875
2022-10-09,5,2010,1916.72412109375
2022-10-09,6,2057,1968.4251708984375
2022-10-09,7,2141,1998.4517822265625
2022-10-09,8,2301,2116.039794921875
2022-10-09,9,2410,2104.231201171875
2022-10-09,10,2239,1994.2496337890625
2022-10-09,11,2007,1734.2906494140625
2022-10-09,12,1885,1750.4493408203125
2022-10-09,13,1959,1774.5718994140625
2022-10-09,14,2145,1965.5770263671875
2022-10-09,15,2347,2168.726806640625
2022-10-09,16,2567,2326.320556640625
2022-10-09,17,2742,2585.59326171875
2022-10-09,18,2826,2663.936767578125
2022-10-09,19,2811,2660.061279296875
2022-10-09,20,2721,2619.48046875
2022-10-09,21,2616,2433.261962890625
2022-10-09,22,2478,2286.2373046875
2022-10-09,23,2343,2145.213134765625
2022-10-09,24,2313,2066.682373046875
2022-10-10,1,2278,2026.87109375
2022-10-10,2,2218,1966.40771484375
2022-10-10,3,2170,1944.9130859375
2022-10-10,4,2204,1994.337890625
2022-10-10,5,2311,2088.136962890625
2022-10-10,6,2474,2223.65673828125
2022-10-10,7,2618,2310.403076171875
2022-10-10,8,2697,2400.42626953125
2022-10-10,9,2822,2278.3212890625
2022-10-10,10,2699,2255.264404296875
2022-10-10,11,2300,2176.454345703125
2022-10-10,12,2051,2043.3834228515625
2022-10-10,13,2100,2035.48828125
2022-10-10,14,2260,2190.28271484375
2022-10-10,15,2454,2282.27978515625
2022-10-10,16,2671,2485.708740234375
2022-10-10,17,2836,2568.79638671875
2022-10-10,18,2892,2640.87548828125
2022-10-10,19,2863,2631.763671875
2022-10-10,20,2740,2524.717529296875
2022-10-10,21,2614,2435.431884765625
2022-10-10,22,2438,2287.580810546875
2022-10-10,23,2346,2140.155517578125
2022-10-10,24,2417,2033.4036865234375
2022-10-11,1,2236,1963.3250732421875
2022-10-11,2,2139,1897.3206787109375
2022-10-11,3,2088,1889.4222412109375
2022-10-11,4,2112,1934.243408203125
2022-10-11,5,2234,2054.023193359375
2022-10-11,6,2385,2260.427978515625
2022-10-11,7,2531,2365.590576171875
2022-10-11,8,2612,2423.9267578125
2022-10-11,9,2627,2412.783935546875
2022-10-11,10,2384,2379.365478515625
2022-10-11,11,2108,2008.12060546875
2022-10-11,12,2012,1960.98095703125
2022-10-11,13,2004,2075.994873046875
2022-10-11,14,2218,2225.53369140625
2022-10-11,15,2489,2345.379638671875
2022-10-11,16,2681,2481.149169921875
2022-10-11,17,2769,2517.095458984375
2022-10-11,18,2820,2677.648193359375
2022-10-11,19,2802,2656.005859375
2022-10-11,20,2715,2578.93017578125
2022-10-11,21,2601,2491.994140625
2022-10-11,22,2462,2326.604736328125
2022-10-11,23,2348,2155.65283203125
2022-10-11,24,2250,2076.4931640625
2022-10-12,1,2106,2003.050537109375
2022-10-12,2,2039,1953.224365234375
2022-10-12,3,2010,1921.8033447265625
2022-10-12,4,2052,1984.4454345703125
2022-10-12,5,2172,2110.829833984375
2022-10-12,6,2365,2252.52978515625
2022-10-12,7,2497,2361.108154296875
2022-10-12,8,2568,2446.920654296875
2022-10-12,9,2602,2415.4931640625
2022-10-12,10,2570,2401.4873046875
2022-10-12,11,2433,2298.36181640625
2022-10-12,12,2186,2230.763671875
2022-10-12,13,2123,2155.021240234375
2022-10-12,14,2191,2243.45751953125
2022-10-12,15,2451,2343.451416015625
2022-10-12,16,2641,2570.796630859375
2022-10-12,17,2795,2669.296875
2022-10-12,18,2879,2746.6044921875
2022-10-12,19,2844,2739.40625
2022-10-12,20,2751,2653.3203125
2022-10-12,21,2653,2586.361083984375
2022-10-12,22,2534,2426.474853515625
2022-10-12,23,2455,2251.298828125
2022-10-12,24,2411,2143.20751953125
2022-10-13,1,2290,2087.130615234375
2022-10-13,2,2211,2029.746337890625
2022-10-13,3,2092,1995.2117919921875
2022-10-13,4,2061,2024.996826171875
2022-10-13,5,2192,2107.8798828125
2022-10-13,6,2379,2243.7890625
2022-10-13,7,2524,2361.62158203125
2022-10-13,8,2575,2476.884521484375
2022-10-13,9,2581,2378.501220703125
2022-10-13,10,2567,2401.67333984375
2022-10-13,11,2457,2461.29833984375
2022-10-13,12,2444,2259.131591796875
2022-10-13,13,2419,2248.310791015625
2022-10-13,14,2433,2232.64599609375
2022-10-13,15,2559,2345.1201171875
2022-10-13,16,2661,2469.623046875
2022-10-13,17,2681,2546.937744140625
2022-10-13,18,2746,2672.984130859375
2022-10-13,19,2716,2646.203125
2022-10-13,20,2634,2573.582763671875
2022-10-13,21,2516,2447.94140625
2022-10-13,22,2343,2292.220947265625
2022-10-13,23,2210,2166.647216796875
2022-10-13,24,2140,2076.4931640625
2022-10-14,1,2067,1986.986083984375
2022-10-14,2,2007,1948.5826416015625
2022-10-14,3,1991,1911.6182861328125
2022-10-14,4,2008,1966.97265625
2022-10-14,5,2103,2091.3916015625
2022-10-14,6,2296,2260.0830078125
2022-10-14,7,2490,2365.590576171875
2022-10-14,8,2636,2424.999755859375
2022-10-14,9,2706,2409.468505859375
2022-10-14,10,2717,2437.816650390625
2022-10-14,11,2667,2469.77490234375
2022-10-14,12,2655,2312.9208984375
2022-10-14,13,2525,2345.87646484375
2022-10-14,14,2542,2309.627197265625
2022-10-14,15,2589,2299.685302734375
2022-10-14,16,2514,2396.03466796875
2022-10-14,17,2537,2516.186279296875
2022-10-14,18,2597,2641.06103515625
2022-10-14,19,2558,2618.456298828125
2022-10-14,20,2486,2509.63037109375
2022-10-14,21,2401,2363.201904296875
2022-10-14,22,2278,2255.824462890625
2022-10-14,23,2149,2118.19873046875
2022-10-14,24,2096,2046.3809814453125
2022-10-15,1,2010,1957.4639892578125
2022-10-15,2,1942,1876.0711669921875
2022-10-15,3,1915,1852.847900390625
2022-10-15,4,1925,1854.6795654296875
2022-10-15,5,1929,1890.3668212890625
2022-10-15,6,1989,1956.6375732421875
2022-10-15,7,2080,1996.15771484375
2022-10-15,8,2244,2050.25732421875
2022-10-15,9,2374,2109.334716796875
2022-10-15,10,2439,2149.033203125
2022-10-15,11,2347,2164.770263671875
2022-10-15,12,2243,2165.847412109375
2022-10-15,13,2168,2108.57421875
2022-10-15,14,2125,2161.7744140625
2022-10-15,15,2101,2193.213134765625
2022-10-15,16,2324,2285.851318359375
2022-10-15,17,2319,2396.52783203125
2022-10-15,18,2420,2500.466796875
2022-10-15,19,2412,2454.01708984375
2022-10-15,20,2346,2387.689208984375
2022-10-15,21,2301,2265.41552734375
2022-10-15,22,2207,2155.114501953125
2022-10-15,23,2109,2054.561279296875
2022-10-15,24,2046,1974.4510498046875
2022-10-16,1,1980,1961.6328125
2022-10-16,2,1918,1888.5736083984375
2022-10-16,3,1891,1841.158447265625
2022-10-16,4,1860,1842.8236083984375
2022-10-16,5,1859,1891.6243896484375
2022-10-16,6,1920,1951.3939208984375
2022-10-16,7,1998,1985.572509765625
2022-10-16,8,2004,2062.30224609375
2022-10-16,9,1985,2206.537353515625
2022-10-16,10,2197,2189.33154296875
2022-10-16,11,2301,2204.878662109375
2022-10-16,12,2157,2132.41064453125
2022-10-16,13,2088,2109.71826171875
2022-10-16,14,1995,2044.2047119140625
2022-10-16,15,2056,2151.450439453125
2022-10-16,16,2175,2433.15966796875
2022-10-16,17,2374,2387.83203125
2022-10-16,18,2548,2480.165771484375
2022-10-16,19,2542,2497.119873046875
2022-10-16,20,2506,2413.940185546875
2022-10-16,21,2355,2276.178955078125
2022-10-16,22,2199,2145.56201171875
2022-10-16,23,2078,2026.2572021484375
2022-10-16,24,2038,1915.881103515625
2022-10-17,1,1944,1894.857666015625
2022-10-17,2,1894,1848.3153076171875
2022-10-17,3,1900,1812.6622314453125
2022-10-17,4,1884,1847.2872314453125
2022-10-17,5,2004,1966.1256103515625
2022-10-17,6,2167,2122.064208984375
2022-10-17,7,2274,2206.014892578125
2022-10-17,8,2394,2279.59716796875
2022-10-17,9,2330,2150.153564453125
2022-10-17,10,2032,1978.8375244140625
2022-10-17,11,1841,1843.921142578125
2022-10-17,12,1828,1873.34912109375
2022-10-17,13,1930,1949.7794189453125
2022-10-17,14,2077,2152.481689453125
2022-10-17,15,2285,2346.943359375
2022-10-17,16,2489,2479.35302734375
2022-10-17,17,2689,2573.7900390625
2022-10-17,18,2778,2711.36328125
2022-10-17,19,2729,2671.46875
2022-10-17,20,2611,2591.1669921875
2022-10-17,21,2461,2443.423828125
2022-10-17,22,2270,2281.42041015625
2022-10-17,23,2113,2140.690673828125
2022-10-17,24,2036,2048.57373046875
2022-10-18,1,1928,1917.9468994140625
2022-10-18,2,1889,1837.1591796875
2022-10-18,3,1853,1808.88623046875
2022-10-18,4,1842,1858.2078857421875
2022-10-18,5,1956,1964.3448486328125
2022-10-18,6,2135,2122.064208984375
2022-10-18,7,2292,2203.943603515625
2022-10-18,8,2344,2262.208984375
2022-10-18,9,2359,2135.61181640625
2022-10-18,10,2223,2101.043212890625
2022-10-18,11,2195,2112.981689453125
2022-10-18,12,2209,2063.61279296875
2022-10-18,13,2283,2179.748779296875
2022-10-18,14,2516,2417.788818359375
2022-10-18,15,2772,2623.781982421875
2022-10-18,16,3004,2832.463134765625
2022-10-18,17,3139,3239.124755859375
2022-10-18,18,3146,3439.22265625
2022-10-18,19,3032,3332.01220703125
2022-10-18,20,2885,3082.399658203125
2022-10-18,21,2719,2813.621826171875
2022-10-18,22,2484,2562.309814453125
2022-10-18,23,2335,2355.15478515625
2022-10-18,24,2398,2233.420654296875
2022-10-19,1,2294,2057.23388671875
2022-10-19,2,2285,1987.0103759765625
2022-10-19,3,2185,1995.2117919921875
2022-10-19,4,2019,2033.275390625
2022-10-19,5,2079,2103.6806640625
2022-10-19,6,2253,2274.969970703125
2022-10-19,7,2329,2358.7421875
2022-10-19,8,2391,2433.82958984375
2022-10-19,9,2376,2408.475830078125
2022-10-19,10,2245,2449.266845703125
2022-10-19,11,2318,2371.789794921875
2022-10-19,12,2472,2460.260498046875
2022-10-19,13,2694,2565.79638671875
2022-10-19,14,2977,2903.484375
2022-10-19,15,3287,3323.859130859375
2022-10-19,16,3462,3420.978759765625
2022-10-19,17,3530,3562.1572265625
2022-10-19,18,3475,3455.013916015625
2022-10-19,19,3318,3175.306640625
2022-10-19,20,3159,3140.962158203125
2022-10-19,21,2996,2990.921630859375
2022-10-19,22,2733,2678.40576171875
2022-10-19,23,2536,2382.18017578125
2022-10-19,24,2470,2218.416015625
2022-10-20,1,2452,2068.042724609375
2022-10-20,2,2355,1947.807861328125
2022-10-20,3,2179,1929.1417236328125
2022-10-20,4,2056,1960.567138671875
2022-10-20,5,2134,2048.9404296875
2022-10-20,6,2284,2189.340576171875
2022-10-20,7,2339,2280.30224609375
2022-10-20,8,2353,2281.75341796875
2022-10-20,9,2359,2283.78271484375
2022-10-20,10,2340,2368.3720703125
2022-10-20,11,2367,2367.0927734375
2022-10-20,12,2408,2297.448974609375
2022-10-20,13,2525,2232.120361328125
2022-10-20,14,2671,2371.58447265625
2022-10-20,15,2880,2618.326171875
2022-10-20,16,3010,2714.83642578125
2022-10-20,17,3117,2723.3466796875
2022-10-20,18,3124,2887.570068359375
2022-10-20,19,3024,2743.337158203125
2022-10-20,20,2877,2690.709716796875
2022-10-20,21,2715,2709.2099609375
2022-10-20,22,2517,2493.938232421875
2022-10-20,23,2337,2327.587158203125
2022-10-20,24,2256,2199.38818359375
2022-10-21,1,2184,2045.104248046875
2022-10-21,2,2133,1956.9521484375
2022-10-21,3,2102,1916.8194580078125
2022-10-21,4,2080,1944.391357421875
2022-10-21,5,2153,2012.4664306640625
2022-10-21,6,2303,2158.08642578125
2022-10-21,7,2445,2231.5546875
2022-10-21,8,2622,2283.54345703125
2022-10-21,9,2590,2338.01708984375
2022-10-21,10,2336,2073.199951171875
2022-10-21,11,2024,1978.256591796875
2022-10-21,12,1966,1954.46533203125
2022-10-21,13,2063,2034.4449462890625
2022-10-21,14,2238,2269.525390625
2022-10-21,15,2470,2333.855224609375
2022-10-21,16,2667,2547.213623046875
2022-10-21,17,2795,2582.629150390625
2022-10-21,18,2831,2678.9560546875
2022-10-21,19,2762,2636.8671875
2022-10-21,20,2665,2550.270751953125
2022-10-21,21,2571,2447.94140625
2022-10-21,22,2434,2292.220947265625
2022-10-21,23,2325,2155.322509765625
2022-10-21,24,2248,2076.4931640625
2022-10-22,1,2144,1985.33447265625
2022-10-22,2,2048,1924.354736328125
2022-10-22,3,1978,1867.8905029296875
2022-10-22,4,1964,1867.136962890625
2022-10-22,5,2015,1900.724853515625
2022-10-22,6,2085,1956.6375732421875
2022-10-22,7,2175,1997.8753662109375
2022-10-22,8,2420,2118.455810546875
2022-10-22,9,2575,2148.054931640625
2022-10-22,10,2337,2149.033203125
2022-10-22,11,2128,2153.604736328125
2022-10-22,12,1803,2124.224853515625
2022-10-22,13,1833,2083.51611328125
2022-10-22,14,2036,2123.506103515625
2022-10-22,15,2251,2205.158203125
2022-10-22,16,2322,2307.154541015625
2022-10-22,17,2380,2400.22314453125
2022-10-22,18,2463,2498.525634765625
2022-10-22,19,2435,2444.324462890625
2022-10-22,20,2375,2364.423828125
2022-10-22,21,2295,2242.62451171875
2022-10-22,22,2177,2112.31689453125
2022-10-22,23,2062,1991.0863037109375
2022-10-22,24,2025,1913.335205078125
2022-10-23,1,1934,1869.8466796875
2022-10-23,2,1878,1808.389892578125
2022-10-23,3,1843,1774.1556396484375
2022-10-23,4,1830,1776.400390625
2022-10-23,5,1817,1811.4952392578125
2022-10-23,6,1845,1864.7442626953125
2022-10-23,7,1884,1927.39794921875
2022-10-23,8,2028,1957.4000244140625
2022-10-23,9,2156,1837.380615234375
2022-10-23,10,1909,1682.4237060546875
2022-10-23,11,1654,1564.754150390625
2022-10-23,12,1376,1646.9161376953125
2022-10-23,13,1396,1711.3740234375
2022-10-23,14,1502,1895.11474609375
2022-10-23,15,1715,2053.786376953125
2022-10-23,16,1995,2250.672607421875
2022-10-23,17,2282,2321.318359375
2022-10-23,18,2453,2465.229736328125
2022-10-23,19,2438,2426.17431640625
2022-10-23,20,2365,2345.8408203125
2022-10-23,21,2266,2232.214599609375
2022-10-23,22,2123,2079.60107421875
2022-10-23,23,2011,1957.2816162109375
2022-10-23,24,1952,1883.8231201171875
2022-10-24,1,1866,1843.0567626953125
2022-10-24,2,1772,1792.5748291015625
2022-10-24,3,1775,1772.2554931640625
2022-10-24,4,1837,1810.7012939453125
2022-10-24,5,1924,1939.6961669921875
2022-10-24,6,2077,2108.614501953125
2022-10-24,7,2193,2202.648681640625
2022-10-24,8,2290,2160.479248046875
2022-10-24,9,2229,2012.3807373046875
2022-10-24,10,1969,1818.6392822265625
2022-10-24,11,1736,1765.081787109375
2022-10-24,12,1609,1762.8734130859375
2022-10-24,13,1645,1849.15869140625
2022-10-24,14,1792,2071.308837890625
2022-10-24,15,2054,2209.77392578125
2022-10-24,16,2318,2363.9140625
2022-10-24,17,2543,2581.585693359375
2022-10-24,18,2665,2679.233154296875
2022-10-24,19,2621,2614.26708984375
2022-10-24,20,2517,2496.03955078125
2022-10-24,21,2375,2340.00927734375
2022-10-24,22,2223,2148.579833984375
2022-10-24,23,2079,1999.6431884765625
2022-10-24,24,2028,1916.1683349609375
2022-10-25,1,1961,1848.0235595703125
2022-10-25,2,1892,1803.5181884765625
2022-10-25,3,1862,1785.813232421875
2022-10-25,4,1908,1814.1025390625
2022-10-25,5,2041,1930.4676513671875
2022-10-25,6,2200,2119.61328125
2022-10-25,7,2273,2232.96044921875
2022-10-25,8,2236,2149.131103515625
2022-10-25,9,2193,1961.9656982421875
2022-10-25,10,1982,1807.3231201171875
2022-10-25,11,1850,1805.8868408203125
2022-10-25,12,1785,1875.75732421875
2022-10-25,13,1694,1921.3426513671875
2022-10-25,14,1836,2077.844970703125
2022-10-25,15,2055,2209.77392578125
2022-10-25,16,2281,2363.9140625
2022-10-25,17,2496,2540.875
2022-10-25,18,2619,2657.2109375
2022-10-25,19,2577,2594.1318359375
2022-10-25,20,2478,2472.945068359375
2022-10-25,21,2348,2340.00927734375
2022-10-25,22,2189,2146.4814453125
2022-10-25,23,2053,1991.0166015625
2022-10-25,24,1996,1924.472900390625
2022-10-26,1,1933,1843.9364013671875
2022-10-26,2,1869,1789.3114013671875
2022-10-26,3,1850,1763.903076171875
2022-10-26,4,1887,1806.76904296875
2022-10-26,5,2002,1945.2357177734375
2022-10-26,6,2186,2117.8095703125
2022-10-26,7,2257,2197.35400390625
2022-10-26,8,2236,2174.950927734375
2022-10-26,9,2303,2053.569580078125
2022-10-26,10,2105,1972.2957763671875
2022-10-26,11,1913,1749.0516357421875
2022-10-26,12,1734,1761.3121337890625
2022-10-26,13,1701,1794.7044677734375
2022-10-26,14,1793,1924.05126953125
2022-10-26,15,2060,2108.488525390625
2022-10-26,16,2316,2250.927978515625
2022-10-26,17,2499,2469.663818359375
2022-10-26,18,2646,2649.114013671875
2022-10-26,19,2598,2587.987060546875
2022-10-26,20,2489,2472.945068359375
2022-10-26,21,2351,2340.00927734375
2022-10-26,22,2218,2182.180419921875
2022-10-26,23,2075,2037.0521240234375
2022-10-26,24,2018,1945.40869140625
2022-10-27,1,1940,1855.3924560546875
2022-10-27,2,1890,1795.2347412109375
2022-10-27,3,1863,1774.9527587890625
2022-10-27,4,1914,1811.9031982421875
2022-10-27,5,2045,1951.9156494140625
2022-10-27,6,2223,2120.326171875
2022-10-27,7,2292,2204.799072265625
2022-10-27,8,2130,2189.5419921875
2022-10-27,9,1987,2052.131591796875
2022-10-27,10,1869,1921.7213134765625
2022-10-27,11,1803,1763.3720703125
2022-10-27,12,1708,1753.8974609375
2022-10-27,13,1796,1794.7044677734375
2022-10-27,14,2136,1945.07080078125
2022-10-27,15,2281,2156.552490234375
2022-10-27,16,2391,2368.10107421875
2022-10-27,17,2563,2534.6064453125
2022-10-27,18,2680,2651.066162109375
2022-10-27,19,2629,2598.461669921875
2022-10-27,20,2540,2496.03955078125
2022-10-27,21,2393,2340.00927734375
2022-10-27,22,2233,2146.133544921875
2022-10-27,23,2083,1998.278076171875
2022-10-27,24,2057,1917.851806640625
2022-10-28,1,1992,1838.285400390625
2022-10-28,2,1920,1792.5748291015625
2022-10-28,3,1899,1770.7822265625
2022-10-28,4,1933,1809.5369873046875
2022-10-28,5,2006,1935.9512939453125
2022-10-28,6,2175,2114.9130859375
2022-10-28,7,2247,2197.283203125
2022-10-28,8,2192,2154.9619140625
2022-10-28,9,2229,1991.7601318359375
2022-10-28,10,2115,1900.703369140625
2022-10-28,11,1976,1763.89306640625
2022-10-28,12,1769,1787.0557861328125
2022-10-28,13,1739,1856.1121826171875
2022-10-28,14,1888,2028.63037109375
2022-10-28,15,2137,2162.339599609375
2022-10-28,16,2331,2316.70458984375
2022-10-28,17,2540,2519.865966796875
2022-10-28,18,2638,2651.066162109375
2022-10-28,19,2583,2598.461669921875
2022-10-28,20,2489,2496.03955078125
2022-10-28,21,2383,2340.00927734375
2022-10-28,22,2237,2148.579833984375
2022-10-28,23,2110,2005.271728515625
2022-10-28,24,2038,1932.9310302734375
2022-10-29,1,1987,1846.5633544921875
2022-10-29,2,1928,1794.2191162109375
2022-10-29,3,1865,1761.50244140625
2022-10-29,4,1849,1759.5296630859375
2022-10-29,5,1862,1786.235595703125
2022-10-29,6,1905,1850.8870849609375
2022-10-29,7,1920,1885.6055908203125
2022-10-29,8,1856,1864.4285888671875
2022-10-29,9,1775,1741.2840576171875
2022-10-29,10,1618,1679.448486328125
2022-10-29,11,1532,1531.8675537109375
2022-10-29,12,1578,1505.2236328125
2022-10-29,13,1686,1577.999755859375
2022-10-29,14,1736,1732.854736328125
2022-10-29,15,1882,1918.9576416015625
2022-10-29,16,2131,2179.401123046875
2022-10-29,17,2348,2335.68017578125
2022-10-29,18,2462,2485.406494140625
2022-10-29,19,2400,2460.67724609375
2022-10-29,20,2320,2372.96826171875
2022-10-29,21,2227,2239.810302734375
2022-10-29,22,2115,2085.100341796875
2022-10-29,23,2011,1965.3460693359375
2022-10-29,24,1982,1887.7568359375
2022-10-30,1,1929,1843.53076171875
2022-10-30,2,1845,1784.8363037109375
2022-10-30,3,1805,1751.6800537109375
2022-10-30,4,1786,1746.0386962890625
2022-10-30,5,1792,1780.7708740234375
2022-10-30,6,1828,1837.7529296875
2022-10-30,7,1846,1889.73681640625
2022-10-30,8,1750,1852.812255859375
2022-10-30,9,1669,1725.88134765625
2022-10-30,10,1522,1657.720947265625
2022-10-30,11,1486,1666.7650146484375
2022-10-30,12,1506,1721.325439453125
2022-10-30,13,1556,1727.3564453125
2022-10-30,14,1740,1900.7864990234375
2022-10-30,15,1983,2088.48828125
2022-10-30,16,2199,2310.91845703125
2022-10-30,17,2458,2407.40771484375
2022-10-30,18,2575,2535.0869140625
2022-10-30,19,2514,2490.065185546875
2022-10-30,20,2422,2375.819091796875
2022-10-30,21,2303,2250.63720703125
2022-10-30,22,2145,2128.303466796875
2022-10-30,23,2019,1988.491455078125
2022-10-30,24,1959,1896.10400390625
2022-10-31,1,1903,1848.12646484375
2022-10-31,2,1888,1787.949462890625
2022-10-31,3,1846,1768.6290283203125
2022-10-31,4,1856,1804.1070556640625
2022-10-31,5,1979,1931.7301025390625
2022-10-31,6,2150,2106.80712890625
2022-10-31,7,2224,2205.12548828125
2022-10-31,8,2125,2179.394775390625
2022-10-31,9,2096,1982.592529296875
2022-10-31,10,2032,1827.1326904296875
2022-10-31,11,2020,1993.4239501953125
2022-10-31,12,2055,2054.94580078125
2022-10-31,13,2215,2095.197998046875
2022-10-31,14,2228,2197.440185546875
2022-10-31,15,2433,2276.221923828125
2022-10-31,16,2508,2444.623291015625
2022-10-31,17,2697,2591.5205078125
2022-10-31,18,2648,2712.39208984375
2022-10-31,19,2572,2631.976806640625
2022-10-31,20,2498,2538.19580078125
2022-10-31,21,2406,2405.164306640625
2022-10-31,22,2240,2206.418701171875
2022-10-31,23,2110,2049.358154296875
2022-10-31,24,2050,1987.1297607421875
2022-11-01,1,1976,1881.3258056640625
2022-11-01,2,1933,1812.909912109375
2022-11-01,3,1919,1795.5848388671875
2022-11-01,4,1915,1782.4644775390625
2022-11-01,5,1965,1826.572265625
2022-11-01,6,2117,1968.17138671875
2022-11-01,7,2258,2099.267578125
2022-11-01,8,2180,2181.23388671875
2022-11-01,9,2216,2218.026123046875
2022-11-01,10,2156,2055.28515625
2022-11-01,11,2142,2154.187744140625
2022-11-01,12,1938,2116.111083984375
2022-11-01,13,1955,1926.3209228515625
2022-11-01,14,2024,1973.53564453125
2022-11-01,15,2122,2075.435791015625
2022-11-01,16,2268,2267.3955078125
2022-11-01,17,2485,2468.279296875
2022-11-01,18,2598,2630.126220703125
2022-11-01,19,2533,2599.438232421875
2022-11-01,20,2430,2498.7294921875
2022-11-01,21,2295,2373.690673828125
2022-11-01,22,2122,2220.056884765625
2022-11-01,23,2063,2067.66015625
2022-11-01,24,2212,1946.2154541015625
2022-11-02,1,2148,1864.500244140625
2022-11-02,2,2043,1800.63037109375
2022-11-02,3,1870,1764.24755859375
2022-11-02,4,1844,1779.30908203125
2022-11-02,5,1957,1837.32275390625
2022-11-02,6,2152,1976.21240234375
2022-11-02,7,2292,2102.822265625
2022-11-02,8,2333,2168.6572265625
2022-11-02,9,2338,2366.387939453125
2022-11-02,10,2054,2312.000244140625
2022-11-02,11,1760,2152.9716796875
2022-11-02,12,1753,1857.097900390625
2022-11-02,13,1789,1848.0081787109375
2022-11-02,14,1871,1884.1700439453125
2022-11-02,15,2028,2004.93310546875
2022-11-02,16,2200,2223.573974609375
2022-11-02,17,2432,2460.453369140625
2022-11-02,18,2571,2627.013427734375
2022-11-02,19,2516,2600.5888671875
2022-11-02,20,2410,2498.364013671875
2022-11-02,21,2288,2376.984130859375
2022-11-02,22,2133,2230.401611328125
2022-11-02,23,2000,2069.02294921875
2022-11-02,24,1974,1945.6971435546875
2022-11-03,1,1968,1861.6839599609375
2022-11-03,2,1992,1797.703125
2022-11-03,3,1914,1767.6103515625
2022-11-03,4,1852,1784.74658203125
2022-11-03,5,1978,1845.0543212890625
2022-11-03,6,2171,1971.200439453125
2022-11-03,7,2271,2099.311767578125
2022-11-03,8,2182,2137.1591796875
2022-11-03,9,2079,2011.235107421875
2022-11-03,10,2015,1957.12939453125
2022-11-03,11,1996,1832.9176025390625
2022-11-03,12,1883,1762.0189208984375
2022-11-03,13,1699,1775.628662109375
2022-11-03,14,1727,1849.1300048828125
2022-11-03,15,1902,1969.743896484375
2022-11-03,16,2126,2252.52001953125
2022-11-03,17,2412,2498.636962890625
2022-11-03,18,2616,2635.919921875
2022-11-03,19,2623,2623.53369140625
2022-11-03,20,2493,2539.1796875
2022-11-03,21,2364,2447.210693359375
2022-11-03,22,2193,2310.992919921875
2022-11-03,23,2072,2142.629638671875
2022-11-03,24,2062,1997.9593505859375
2022-11-04,1,2010,1917.5657958984375
2022-11-04,2,1961,1840.420654296875
2022-11-04,3,1932,1833.6983642578125
2022-11-04,4,1955,1827.22705078125
2022-11-04,5,2054,1905.99951171875
2022-11-04,6,2271,2064.31982421875
2022-11-04,7,2371,2224.576904296875
2022-11-04,8,2302,2174.0517578125
2022-11-04,9,2205,1994.36376953125
2022-11-04,10,2056,1859.3291015625
2022-11-04,11,1898,1746.65673828125
2022-11-04,12,1795,1703.1888427734375
2022-11-04,13,1650,1754.67529296875
2022-11-04,14,1751,1851.4632568359375
2022-11-04,15,1936,2008.94580078125
2022-11-04,16,2195,2238.520263671875
2022-11-04,17,2425,2468.279296875
2022-11-04,18,2569,2632.239990234375
2022-11-04,19,2530,2594.927001953125
2022-11-04,20,2429,2511.28466796875
2022-11-04,21,2321,2381.746337890625
2022-11-04,22,2178,2254.1845703125
2022-11-04,23,2068,2107.776123046875
2022-11-04,24,2003,1981.8095703125
2022-11-05,1,1938,1890.5252685546875
2022-11-05,2,1940,1808.0321044921875
2022-11-05,3,1917,1795.15966796875
2022-11-05,4,1889,1780.9801025390625
2022-11-05,5,1932,1802.6864013671875
2022-11-05,6,2017,1849.9327392578125
2022-11-05,7,2015,1900.154296875
2022-11-05,8,1902,1834.8914794921875
2022-11-05,9,1735,1693.3154296875
2022-11-05,10,1520,1630.00390625
2022-11-05,11,1367,1502.159912109375
2022-11-05,12,1319,1442.859619140625
2022-11-05,13,1317,1480.2083740234375
2022-11-05,14,1449,1602.4552001953125
2022-11-05,15,1779,1799.5399169921875
2022-11-05,16,2134,2080.058349609375
2022-11-05,17,2264,2283.4814453125
2022-11-05,18,2430,2471.355712890625
2022-11-05,19,2360,2455.476806640625
2022-11-05,20,2293,2389.516357421875
2022-11-05,21,2213,2282.7001953125
2022-11-05,22,2094,2185.885986328125
2022-11-05,23,1995,2059.492919921875
2022-11-05,24,1934,1922.503173828125
2022-11-06,1,1880,1880.4705810546875
2022-11-06,2,1786,1812.9398193359375
2022-11-06,3,1744,1769.9068603515625
2022-11-06,4,1773,1747.0751953125
2022-11-06,5,1822,1739.9556884765625
2022-11-06,6,1859,1795.42578125
2022-11-06,7,1858,1833.071533203125
2022-11-06,8,1723,1809.5311279296875
2022-11-06,9,1523,1686.057373046875
2022-11-06,10,1428,1606.1038818359375
2022-11-06,11,1398,1512.7222900390625
2022-11-06,12,1358,1451.205078125
2022-11-06,13,1436,1515.416259765625
2022-11-06,14,1669,1656.8868408203125
2022-11-06,15,1956,1843.174560546875
2022-11-06,16,2263,2045.800537109375
2022-11-06,17,2465,2289.626708984375
2022-11-06,18,2420,2471.355712890625
2022-11-06,19,2347,2453.05712890625
2022-11-06,20,2261,2376.537109375
2022-11-06,21,2168,2269.122314453125
2022-11-06,22,2057,2151.671875
2022-11-06,23,1953,2017.88623046875
2022-11-06,24,1858,1899.1414794921875
2022-11-07,1,1986,1862.05517578125
2022-11-07,2,1892,1797.703125
2022-11-07,3,1852,1766.02685546875
2022-11-07,4,1843,1774.8067626953125
2022-11-07,5,1883,1846.7969970703125
2022-11-07,6,2006,1980.41064453125
2022-11-07,7,2155,2119.1953125
2022-11-07,8,2223,2165.439208984375
2022-11-07,9,2179,2281.754150390625
2022-11-07,10,2154,2308.4521484375
2022-11-07,11,2190,2292.1328125
2022-11-07,12,2184,2280.615234375
2022-11-07,13,2144,2287.805419921875
2022-11-07,14,2179,2160.67431640625
2022-11-07,15,2268,2204.427490234375
2022-11-07,16,2457,2316.900146484375
2022-11-07,17,2610,2501.728271484375
2022-11-07,18,2705,2647.1767578125
2022-11-07,19,2646,2599.993408203125
2022-11-07,20,2559,2498.7294921875
2022-11-07,21,2442,2373.690673828125
2022-11-07,22,2279,2220.056884765625
2022-11-07,23,2101,2067.66015625
2022-11-07,24,1999,1943.6346435546875
2022-11-08,1,2008,1860.2166748046875
2022-11-08,2,1934,1797.40380859375
2022-11-08,3,1955,1764.24755859375
2022-11-08,4,1885,1781.4512939453125
2022-11-08,5,1894,1833.1444091796875
2022-11-08,6,2027,1965.3028564453125
2022-11-08,7,2189,2104.75390625
2022-11-08,8,2369,2172.700927734375
2022-11-08,9,2643,2430.97265625
2022-11-08,10,2782,2341.392333984375
2022-11-08,11,2771,2272.71337890625
2022-11-08,12,2685,2453.50634765625
2022-11-08,13,2604,2418.602783203125
2022-11-08,14,2515,2370.225830078125
2022-11-08,15,2493,2422.11669921875
2022-11-08,16,2506,2523.418212890625
2022-11-08,17,2640,2560.755859375
2022-11-08,18,2783,2665.841064453125
2022-11-08,19,2701,2621.354248046875
2022-11-08,20,2610,2495.76904296875
2022-11-08,21,2481,2373.690673828125
2022-11-08,22,2310,2230.401611328125
2022-11-08,23,2124,2069.02294921875
2022-11-08,24,2021,1945.35009765625
2022-11-09,1,1990,1861.6839599609375
2022-11-09,2,1937,1797.3377685546875
2022-11-09,3,1908,1762.8843994140625
2022-11-09,4,1887,1783.84521484375
2022-11-09,5,1975,1845.0543212890625
2022-11-09,6,2052,1972.728759765625
2022-11-09,7,2181,2096.932373046875
2022-11-09,8,2185,2122.3623046875
2022-11-09,9,2121,2021.6129150390625
2022-11-09,10,2116,1885.5084228515625
2022-11-09,11,1966,1790.6641845703125
2022-11-09,12,1866,1770.690185546875
2022-11-09,13,1699,1796.4669189453125
2022-11-09,14,1714,1861.82080078125
2022-11-09,15,1882,1973.4622802734375
2022-11-09,16,2140,2170.7197265625
2022-11-09,17,2448,2454.23583984375
2022-11-09,18,2645,2654.659912109375
2022-11-09,19,2632,2649.231201171875
2022-11-09,20,2562,2555.648193359375
2022-11-09,21,2474,2449.612060546875
2022-11-09,22,2344,2310.992919921875
2022-11-09,23,2176,2142.629638671875
2022-11-09,24,2058,2001.2371826171875
2022-11-10,1,2030,1911.0782470703125
2022-11-10,2,1958,1848.65625
2022-11-10,3,1897,1822.819580078125
2022-11-10,4,1890,1827.22705078125
2022-11-10,5,1956,1906.094970703125
2022-11-10,6,2130,2062.438720703125
2022-11-10,7,2282,2231.843505859375
2022-11-10,8,2260,2173.48974609375
2022-11-10,9,2019,2027.043212890625
2022-11-10,10,1781,1877.49609375
2022-11-10,11,1568,1739.9486083984375
2022-11-10,12,1601,1684.5987548828125
2022-11-10,13,1755,1687.9134521484375
2022-11-10,14,1957,1818.694091796875
2022-11-10,15,2110,1985.5386962890625
2022-11-10,16,2216,2226.568603515625
2022-11-10,17,2474,2460.453369140625
2022-11-10,18,2648,2639.1943359375
2022-11-10,19,2612,2617.089111328125
2022-11-10,20,2545,2539.1796875
2022-11-10,21,2482,2412.497802734375
2022-11-10,22,2347,2291.64794921875
2022-11-10,23,2175,2147.897705078125
2022-11-10,24,2057,2024.962158203125
2022-11-11,1,2017,1963.70654296875
2022-11-11,2,1953,1888.2213134765625
2022-11-11,3,1906,1837.341064453125
2022-11-11,4,1882,1836.144775390625
2022-11-11,5,1937,1878.9315185546875
2022-11-11,6,2077,1951.87939453125
2022-11-11,7,2182,2041.746337890625
2022-11-11,8,2210,2015.6160888671875
2022-11-11,9,2045,1891.511962890625
2022-11-11,10,1949,1719.5648193359375
2022-11-11,11,1911,1669.317138671875
2022-11-11,12,1887,1645.7220458984375
2022-11-11,13,1791,1691.7523193359375
2022-11-11,14,1825,1777.8668212890625
2022-11-11,15,1980,1911.275146484375
2022-11-11,16,2151,2160.285400390625
2022-11-11,17,2400,2359.03955078125
2022-11-11,18,2574,2520.06689453125
2022-11-11,19,2529,2470.9248046875
2022-11-11,20,2467,2397.441650390625
2022-11-11,21,2399,2379.434814453125
2022-11-11,22,2307,2285.0048828125
2022-11-11,23,2192,2146.29296875
2022-11-11,24,2098,2025.087158203125
2022-11-12,1,2061,1915.1171875
2022-11-12,2,1992,1858.4549560546875
2022-11-12,3,1935,1816.918212890625
2022-11-12,4,1908,1817.2193603515625
2022-11-12,5,1931,1828.4334716796875
2022-11-12,6,1992,1873.8035888671875
2022-11-12,7,2010,1954.65966796875
2022-11-12,8,1925,1885.1514892578125
2022-11-12,9,1762,1742.36572265625
2022-11-12,10,1588,1626.5352783203125
2022-11-12,11,1389,1492.10595703125
2022-11-12,12,1410,1442.0706787109375
2022-11-12,13,1595,1453.6285400390625
2022-11-12,14,1782,1610.814208984375
2022-11-12,15,1871,1815.6795654296875
2022-11-12,16,1971,2035.3394775390625
2022-11-12,17,2245,2279.966796875
2022-11-12,18,2434,2475.995849609375
2022-11-12,19,2421,2467.441650390625
2022-11-12,20,2373,2410.14208984375
2022-11-12,21,2311,2334.768798828125
2022-11-12,22,2265,2247.79296875
2022-11-12,23,2280,2086.6904296875
2022-11-12,24,2125,1952.4476318359375
2022-11-13,1,1975,1888.2757568359375
2022-11-13,2,1911,1807.593017578125
2022-11-13,3,1852,1779.31201171875
2022-11-13,4,1831,1749.3350830078125
2022-11-13,5,1830,1766.3262939453125
2022-11-13,6,1875,1798.3316650390625
2022-11-13,7,1921,1847.739501953125
2022-11-13,8,1930,1823.0152587890625
2022-11-13,9,1963,1852.107177734375
2022-11-13,10,1919,1731.154541015625
2022-11-13,11,1796,1662.3292236328125
2022-11-13,12,1647,1638.75
2022-11-13,13,1507,1606.401611328125
2022-11-13,14,1508,1647.904052734375
2022-11-13,15,1717,1913.043212890625
2022-11-13,16,2032,2151.07275390625
2022-11-13,17,2344,2317.44921875
2022-11-13,18,2570,2512.269287109375
2022-11-13,19,2550,2505.572265625
2022-11-13,20,2482,2430.3115234375
2022-11-13,21,2388,2360.021240234375
2022-11-13,22,2279,2262.38916015625
2022-11-13,23,2099,2111.01123046875
2022-11-13,24,1991,1971.01318359375
2022-11-14,1,1980,1928.0169677734375
2022-11-14,2,1926,1887.45556640625
2022-11-14,3,1873,1834.3829345703125
2022-11-14,4,1868,1825.4979248046875
2022-11-14,5,1932,1907.5263671875
2022-11-14,6,2096,2061.046875
2022-11-14,7,2278,2231.843505859375
2022-11-14,8,2245,2182.0302734375
2022-11-14,9,2011,2036.84033203125
2022-11-14,10,1802,1851.278564453125
2022-11-14,11,1740,1745.9290771484375
2022-11-14,12,1743,1700.6036376953125
2022-11-14,13,1768,1753.455810546875
2022-11-14,14,1961,1843.00732421875
2022-11-14,15,2153,1992.9210205078125
2022-11-14,16,2226,2223.573974609375
2022-11-14,17,2512,2460.453369140625
2022-11-14,18,2690,2642.59912109375
2022-11-14,19,2657,2611.9111328125
2022-11-14,20,2573,2532.519775390625
2022-11-14,21,2478,2412.497802734375
2022-11-14,22,2330,2281.165771484375
2022-11-14,23,2169,2119.221435546875
2022-11-14,24,2056,1991.6505126953125
2022-11-15,1,2010,1928.0169677734375
2022-11-15,2,1954,1911.23095703125
2022-11-15,3,1889,1830.7237548828125
2022-11-15,4,1891,1827.22705078125
2022-11-15,5,1969,1907.5263671875
2022-11-15,6,2161,2061.046875
2022-11-15,7,2308,2223.62646484375
2022-11-15,8,2246,2158.772705078125
2022-11-15,9,2040,1979.71728515625
2022-11-15,10,1833,1846.0252685546875
2022-11-15,11,1738,1742.0067138671875
2022-11-15,12,1783,1704.723876953125
2022-11-15,13,1867,1743.34228515625
2022-11-15,14,1973,1852.3326416015625
2022-11-15,15,2116,1997.6806640625
2022-11-15,16,2271,2215.823974609375
2022-11-15,17,2533,2461.550048828125
2022-11-15,18,2666,2653.119140625
2022-11-15,19,2621,2619.5673828125
2022-11-15,20,2533,2525.9560546875
2022-11-15,21,2435,2416.8369140625
2022-11-15,22,2305,2269.196044921875
2022-11-15,23,2131,2107.776123046875
2022-11-15,24,2004,1972.7271728515625
2022-11-16,1,1976,1893.118408203125
2022-11-16,2,1920,1829.2445068359375
2022-11-16,3,1906,1783.3548583984375
2022-11-16,4,1862,1778.8304443359375
2022-11-16,5,1930,1843.918212890625
2022-11-16,6,2117,1982.749267578125
2022-11-16,7,2263,2135.56640625
2022-11-16,8,2240,2110.960693359375
2022-11-16,9,2074,1975.412353515625
2022-11-16,10,2024,1849.14404296875
2022-11-16,11,1844,1741.4027099609375
2022-11-16,12,1729,1704.2672119140625
2022-11-16,13,1742,1722.689697265625
2022-11-16,14,1873,1851.3756103515625
2022-11-16,15,2049,2020.6871337890625
2022-11-16,16,2265,2251.30859375
2022-11-16,17,2496,2468.279296875
2022-11-16,18,2647,2640.40771484375
2022-11-16,19,2599,2596.50830078125
2022-11-16,20,2523,2525.9560546875
2022-11-16,21,2431,2395.671875
2022-11-16,22,2301,2253.806640625
2022-11-16,23,2133,2088.960693359375
2022-11-16,24,2029,1959.6390380859375
2022-11-17,1,1977,1882.4483642578125
2022-11-17,2,1935,1820.5108642578125
2022-11-17,3,1916,1815.3958740234375
2022-11-17,4,1899,1827.22705078125
2022-11-17,5,1966,1905.873779296875
2022-11-17,6,2106,2064.310791015625
2022-11-17,7,2286,2209.51708984375
2022-11-17,8,2313,2137.06298828125
2022-11-17,9,2174,2000.514404296875
2022-11-17,10,2188,1876.9906005859375
2022-11-17,11,2027,1773.5050048828125
2022-11-17,12,2020,1725.7064208984375
2022-11-17,13,2081,1776.27001953125
2022-11-17,14,2062,1925.10400390625
2022-11-17,15,2213,2129.136474609375
2022-11-17,16,2362,2296.38232421875
2022-11-17,17,2561,2508.4580078125
2022-11-17,18,2658,2666.567138671875
2022-11-17,19,2613,2629.04443359375
2022-11-17,20,2524,2505.21875
2022-11-17,21,2433,2375.3017578125
2022-11-17,22,2327,2250.587890625
2022-11-17,23,2175,2088.960693359375
2022-11-17,24,2054,1980.0125732421875
2022-11-18,1,2024,1908.412353515625
2022-11-18,2,2029,1841.9852294921875
2022-11-18,3,1982,1831.33544921875
2022-11-18,4,1913,1827.22705078125
2022-11-18,5,1976,1906.094970703125
2022-11-18,6,2157,2061.240966796875
2022-11-18,7,2305,2224.576904296875
2022-11-18,8,2260,2163.15673828125
2022-11-18,9,2023,2051.699462890625
2022-11-18,10,1853,1857.059326171875
2022-11-18,11,1736,1762.56884765625
2022-11-18,12,1736,1700.6036376953125
2022-11-18,13,1943,1753.455810546875
2022-11-18,14,2102,1845.861083984375
2022-11-18,15,2238,1992.9210205078125
2022-11-18,16,2269,2221.40380859375
2022-11-18,17,2480,2460.453369140625
2022-11-18,18,2595,2647.62060546875
2022-11-18,19,2540,2622.25390625
2022-11-18,20,2468,2510.618408203125
2022-11-18,21,2389,2407.994384765625
2022-11-18,22,2290,2280.87548828125
2022-11-18,23,2163,2140.604248046875
2022-11-18,24,2045,1999.399169921875
2022-11-19,1,1995,1913.1224365234375
2022-11-19,2,1927,1832.5946044921875
2022-11-19,3,1890,1774.4923095703125
2022-11-19,4,1864,1739.1544189453125
2022-11-19,5,1879,1758.71533203125
2022-11-19,6,1936,1860.5186767578125
2022-11-19,7,1979,1958.678955078125
2022-11-19,8,1934,1870.2803955078125
2022-11-19,9,1779,1695.19140625
2022-11-19,10,1627,1606.5316162109375
2022-11-19,11,1512,1513.6309814453125
2022-11-19,12,1576,1451.205078125
2022-11-19,13,1718,1518.0595703125
2022-11-19,14,1719,1678.18115234375
2022-11-19,15,1836,1866.2314453125
2022-11-19,16,2047,2081.0302734375
2022-11-19,17,2276,2296.3564453125
2022-11-19,18,2428,2482.772705078125
2022-11-19,19,2394,2457.783447265625
2022-11-19,20,2340,2391.982666015625
2022-11-19,21,2284,2279.601318359375
2022-11-19,22,2209,2171.516357421875
2022-11-19,23,2099,2045.99609375
2022-11-19,24,2001,1913.3995361328125
2022-11-20,1,1979,1882.3834228515625
2022-11-20,2,1922,1804.9466552734375
2022-11-20,3,1911,1780.964111328125
2022-11-20,4,1875,1784.135009765625
2022-11-20,5,1852,1810.528564453125
2022-11-20,6,1918,1876.8404541015625
2022-11-20,7,1946,1967.9571533203125
2022-11-20,8,1928,1863.365234375
2022-11-20,9,1845,1697.8367919921875
2022-11-20,10,1744,1615.0714111328125
2022-11-20,11,1659,1523.8621826171875
2022-11-20,12,1637,1483.5614013671875
2022-11-20,13,1677,1581.19677734375
2022-11-20,14,1723,1770.5562744140625
2022-11-20,15,1818,1984.4698486328125
2022-11-20,16,2083,2183.31298828125
2022-11-20,17,2313,2325.94921875
2022-11-20,18,2468,2484.176025390625
2022-11-20,19,2449,2457.62060546875
2022-11-20,20,2382,2381.882080078125
2022-11-20,21,2300,2273.34716796875
2022-11-20,22,2199,2166.77734375
2022-11-20,23,2062,2045.4056396484375
2022-11-20,24,1968,1922.769775390625
2022-11-21,1,1928,1875.43115234375
2022-11-21,2,1890,1812.9171142578125
2022-11-21,3,1846,1778.5264892578125
2022-11-21,4,1819,1790.3316650390625
2022-11-21,5,1881,1848.8135986328125
2022-11-21,6,2024,2022.9498291015625
2022-11-21,7,2169,2156.478271484375
2022-11-21,8,2210,2131.168701171875
2022-11-21,9,2254,2003.6812744140625
2022-11-21,10,2116,1868.5205078125
2022-11-21,11,1979,1801.071533203125
2022-11-21,12,1894,1830.3685302734375
2022-11-21,13,1985,1903.630859375
2022-11-21,14,1996,2023.895263671875
2022-11-21,15,2078,2158.203857421875
2022-11-21,16,2256,2325.89404296875
2022-11-21,17,2479,2517.003662109375
2022-11-21,18,2619,2646.241455078125
2022-11-21,19,2567,2592.2138671875
2022-11-21,20,2489,2498.478515625
2022-11-21,21,2391,2371.637939453125
2022-11-21,22,2270,2232.193359375
2022-11-21,23,2113,2092.15625
2022-11-21,24,1994,1965.150390625
2022-11-22,1,1967,1878.8165283203125
2022-11-22,2,1896,1816.3267822265625
2022-11-22,3,1881,1785.28173828125
2022-11-22,4,1921,1785.7476806640625
2022-11-22,5,1958,1864.453369140625
2022-11-22,6,2058,2071.288818359375
2022-11-22,7,2212,2224.576904296875
2022-11-22,8,2279,2168.950927734375
2022-11-22,9,2352,2054.91162109375
2022-11-22,10,2169,1869.19580078125
2022-11-22,11,1742,1775.5469970703125
2022-11-22,12,1625,1732.91748046875
2022-11-22,13,1655,1775.7164306640625
2022-11-22,14,1754,1887.1568603515625
2022-11-22,15,1947,2060.0390625
2022-11-22,16,2206,2252.280517578125
2022-11-22,17,2471,2468.279296875
2022-11-22,18,2608,2644.18603515625
2022-11-22,19,2572,2598.2333984375
2022-11-22,20,2490,2508.533447265625
2022-11-22,21,2407,2375.4091796875
2022-11-22,22,2290,2254.1845703125
2022-11-22,23,2145,2117.53076171875
2022-11-22,24,2012,1991.6505126953125
2022-11-23,1,1977,1928.0169677734375
2022-11-23,2,1913,1887.45556640625
2022-11-23,3,1879,1832.716064453125
2022-11-23,4,1878,1845.996826171875
2022-11-23,5,1935,1927.9752197265625
2022-11-23,6,2071,2091.402099609375
2022-11-23,7,2206,2227.2763671875
2022-11-23,8,2170,2187.4501953125
2022-11-23,9,2090,2065.122802734375
2022-11-23,10,2001,1870.139404296875
2022-11-23,11,1964,1774.243896484375
2022-11-23,12,1865,1728.71923828125
2022-11-23,13,1806,1762.28173828125
2022-11-23,14,1781,1862.47509765625
2022-11-23,15,1963,2016.25439453125
2022-11-23,16,2215,2241.665771484375
2022-11-23,17,2456,2468.279296875
2022-11-23,18,2608,2638.182861328125
2022-11-23,19,2549,2604.83740234375
2022-11-23,20,2469,2509.96875
2022-11-23,21,2382,2412.6962890625
2022-11-23,22,2282,2295.409912109375
2022-11-23,23,2148,2122.515625
2022-11-23,24,2029,1991.6505126953125
2022-11-24,1,1960,1921.5283203125
2022-11-24,2,1891,1851.6966552734375
2022-11-24,3,1852,1822.2078857421875
2022-11-24,4,1824,1823.9827880859375
2022-11-24,5,1832,1873.0106201171875
2022-11-24,6,1893,1917.6143798828125
2022-11-24,7,1942,1980.0687255859375
2022-11-24,8,1866,1986.9576416015625
2022-11-24,9,1731,1878.491943359375
2022-11-24,10,1749,1742.3499755859375
2022-11-24,11,1721,1718.134521484375
2022-11-24,12,1709,1728.4029541015625
2022-11-24,13,1691,1805.6827392578125
2022-11-24,14,1709,1940.5501708984375
2022-11-24,15,1871,2127.82470703125
2022-11-24,16,2030,2313.6884765625
2022-11-24,17,2223,2416.6201171875
2022-11-24,18,2270,2529.016845703125
2022-11-24,19,2183,2435.397216796875
2022-11-24,20,2128,2347.15380859375
2022-11-24,21,2085,2294.307373046875
2022-11-24,22,2036,2178.0576171875
2022-11-24,23,1938,2050.830322265625
2022-11-24,24,1853,1937.0072021484375
2022-11-25,1,1823,1866.2845458984375
2022-11-25,2,1767,1801.6263427734375
2022-11-25,3,1714,1769.360595703125
2022-11-25,4,1709,1780.0477294921875
2022-11-25,5,1755,1847.0302734375
2022-11-25,6,1829,1987.9061279296875
2022-11-25,7,1892,2137.166259765625
2022-11-25,8,1840,2129.41455078125
2022-11-25,9,1733,2002.8055419921875
2022-11-25,10,1562,1856.7186279296875
2022-11-25,11,1431,1814.0245361328125
2022-11-25,12,1460,1799.361328125
2022-11-25,13,1535,1890.6217041015625
2022-11-25,14,1768,2025.71435546875
2022-11-25,15,2003,2146.873291015625
2022-11-25,16,1999,2323.8046875
2022-11-25,17,2259,2538.986572265625
2022-11-25,18,2400,2646.241455078125
2022-11-25,19,2349,2592.677001953125
2022-11-25,20,2292,2496.094482421875
2022-11-25,21,2234,2371.10498046875
2022-11-25,22,2169,2230.755615234375
2022-11-25,23,2048,2102.783447265625
2022-11-25,24,1936,1976.7474365234375
2022-11-26,1,1897,1901.363525390625
2022-11-26,2,1846,1828.7559814453125
2022-11-26,3,1791,1794.45849609375
2022-11-26,4,1806,1796.47509765625
2022-11-26,5,1793,1812.803466796875
2022-11-26,6,1860,1877.6505126953125
2022-11-26,7,1883,1953.734375
2022-11-26,8,1877,1872.8145751953125
2022-11-26,9,1725,1681.1474609375
2022-11-26,10,1546,1596.7119140625
2022-11-26,11,1428,1530.63818359375
2022-11-26,12,1324,1511.8719482421875
2022-11-26,13,1369,1530.4842529296875
2022-11-26,14,1453,1656.8868408203125
2022-11-26,15,1641,1856.7230224609375
2022-11-26,16,1928,2067.0380859375
2022-11-26,17,2207,2327.331298828125
2022-11-26,18,2397,2494.311767578125
2022-11-26,19,2352,2460.939697265625
2022-11-26,20,2309,2387.230224609375
2022-11-26,21,2255,2310.8642578125
2022-11-26,22,2176,2203.6904296875
2022-11-26,23,2053,2077.0390625
2022-11-26,24,1943,1962.6181640625
2022-11-27,1,1903,1906.1029052734375
2022-11-27,2,1854,1837.540771484375
2022-11-27,3,1790,1792.6790771484375
2022-11-27,4,1751,1784.135009765625
2022-11-27,5,1782,1808.46142578125
2022-11-27,6,1852,1880.4613037109375
2022-11-27,7,1852,1956.2479248046875
2022-11-27,8,1763,1922.931884765625
2022-11-27,9,1650,1764.27734375
2022-11-27,10,1647,1621.2664794921875
2022-11-27,11,1573,1523.8355712890625
2022-11-27,12,1545,1511.8719482421875
2022-11-27,13,1590,1531.6448974609375
2022-11-27,14,1553,1656.8868408203125
2022-11-27,15,1741,1855.8326416015625
2022-11-27,16,2006,2061.0927734375
2022-11-27,17,2331,2320.458251953125
2022-11-27,18,2481,2499.110107421875
2022-11-27,19,2447,2478.58740234375
2022-11-27,20,2385,2387.230224609375
2022-11-27,21,2301,2278.947998046875
2022-11-27,22,2185,2193.192626953125
2022-11-27,23,2034,2050.970458984375
2022-11-27,24,1960,1913.31103515625
2022-11-28,1,2011,1870.8714599609375
2022-11-28,2,2013,1818.498046875
2022-11-28,3,1969,1789.6199951171875
2022-11-28,4,1912,1776.14111328125
2022-11-28,5,1908,1847.849853515625
2022-11-28,6,2001,1972.5733642578125
2022-11-28,7,2171,2109.203125
2022-11-28,8,2339,2195.279296875
2022-11-28,9,2556,2219.240966796875
2022-11-28,10,2489,2095.572021484375
2022-11-28,11,2097,2088.88427734375
2022-11-28,12,1906,2103.525146484375
2022-11-28,13,1905,2240.785888671875
2022-11-28,14,1984,2147.18896484375
2022-11-28,15,2112,2159.991455078125
2022-11-28,16,2314,2313.51904296875
2022-11-28,17,2531,2494.41455078125
2022-11-28,18,2685,2675.76416015625
2022-11-28,19,2656,2643.142822265625
2022-11-28,20,2586,2511.7490234375
2022-11-28,21,2487,2381.7392578125
2022-11-28,22,2351,2248.569580078125
2022-11-28,23,2161,2075.751220703125
2022-11-28,24,2055,1947.3623046875
2022-11-29,1,2039,1871.694091796875
2022-11-29,2,1932,1803.7860107421875
2022-11-29,3,1950,1769.7635498046875
2022-11-29,4,1883,1776.935546875
2022-11-29,5,1869,1841.804443359375
2022-11-29,6,1997,1989.142333984375
2022-11-29,7,2185,2122.830078125
2022-11-29,8,2282,2179.431396484375
2022-11-29,9,2167,2124.033935546875
2022-11-29,10,2096,2097.690673828125
2022-11-29,11,2034,2214.31591796875
2022-11-29,12,1997,2273.71630859375
2022-11-29,13,2026,2275.603759765625
2022-11-29,14,2179,2229.9736328125
2022-11-29,15,2218,2213.408447265625
2022-11-29,16,2230,2321.425048828125
2022-11-29,17,2501,2474.652099609375
2022-11-29,18,2681,2646.267333984375
2022-11-29,19,2661,2622.21630859375
2022-11-29,20,2591,2546.27001953125
2022-11-29,21,2496,2437.2568359375
2022-11-29,22,2369,2308.312255859375
2022-11-29,23,2199,2142.629638671875
2022-11-29,24,2078,2001.2371826171875
2022-11-30,1,2139,1911.0782470703125
2022-11-30,2,2050,1847.9012451171875
2022-11-30,3,2025,1811.5718994140625
2022-11-30,4,1995,1814.9708251953125
2022-11-30,5,2002,1906.9168701171875
2022-11-30,6,2086,2043.8199462890625
2022-11-30,7,2277,2173.98193359375
2022-11-30,8,2347,2257.439697265625
2022-11-30,9,2276,2165.4853515625
2022-11-30,10,2211,2035.1253662109375
2022-11-30,11,2140,1967.7296142578125
2022-11-30,12,2099,2077.547607421875
2022-11-30,13,2193,2243.1142578125
2022-11-30,14,2182,2212.334716796875
2022-11-30,15,2158,2208.2412109375
2022-11-30,16,2245,2285.799072265625
2022-11-30,17,2583,2486.6767578125
2022-11-30,18,2744,2665.00732421875
2022-11-30,19,2702,2648.63916015625
2022-11-30,20,2631,2560.68115234375
2022-11-30,21,2529,2439.658203125
2022-11-30,22,2400,2310.475341796875
2022-11-30,23,2232,2142.629638671875
2022-11-30,24,2084,1999.201904296875
2022-12-01,1,1989,2065.54736328125
2022-12-01,2,1902,2026.4271240234375
2022-12-01,3,1861,1959.3250732421875
2022-12-01,4,1868,1888.918212890625
2022-12-01,5,1893,1918.630859375
2022-12-01,6,2024,2030.891357421875
2022-12-01,7,2222,2193.59228515625
2022-12-01,8,2358,2267.3193359375
2022-12-01,9,2353,2371.909912109375
2022-12-01,10,2286,2227.170654296875
2022-12-01,11,2453,2185.947998046875
2022-12-01,12,2484,2186.54296875
2022-12-01,13,2153,2232.43505859375
2022-12-01,14,2151,2199.25927734375
2022-12-01,15,2189,2214.69189453125
2022-12-01,16,2350,2336.3232421875
2022-12-01,17,2580,2593.72802734375
2022-12-01,18,2733,2833.92236328125
2022-12-01,19,2700,2790.79443359375
2022-12-01,20,2629,2702.66357421875
2022-12-01,21,2535,2598.49072265625
2022-12-01,22,2393,2474.630859375
2022-12-01,23,2221,2317.016845703125
2022-12-01,24,2179,2143.886962890625
2022-12-02,1,2265,2119.533935546875
2022-12-02,2,2178,1927.82470703125
2022-12-02,3,2040,1884.463623046875
2022-12-02,4,1930,1907.3939208984375
2022-12-02,5,1923,1935.269287109375
2022-12-02,6,2035,2050.501220703125
2022-12-02,7,2211,2218.261962890625
2022-12-02,8,2268,2246.260009765625
2022-12-02,9,2213,2162.022216796875
2022-12-02,10,2042,2036.3824462890625
2022-12-02,11,1966,2066.020263671875
2022-12-02,12,1948,1932.8948974609375
2022-12-02,13,1964,2078.24365234375
2022-12-02,14,1982,2166.705322265625
2022-12-02,15,2137,2251.18212890625
2022-12-02,16,2324,2366.288818359375
2022-12-02,17,2536,2574.3779296875
2022-12-02,18,2649,2795.529541015625
2022-12-02,19,2592,2765.294921875
2022-12-02,20,2533,2686.087646484375
2022-12-02,21,2447,2606.633056640625
2022-12-02,22,2350,2460.176025390625
2022-12-02,23,2207,2329.8720703125
2022-12-02,24,2072,2269.54736328125
2022-12-03,1,2051,2110.1953125
2022-12-03,2,1947,1938.6588134765625
2022-12-03,3,1907,1850.9483642578125
2022-12-03,4,1912,1854.08203125
2022-12-03,5,1864,1846.87353515625
2022-12-03,6,1916,1857.804443359375
2022-12-03,7,1987,1933.572998046875
2022-12-03,8,1994,1925.8271484375
2022-12-03,9,1935,1867.494873046875
2022-12-03,10,1830,1776.0723876953125
2022-12-03,11,1780,1767.3499755859375
2022-12-03,12,1847,1801.1558837890625
2022-12-03,13,1988,1731.1865234375
2022-12-03,14,1988,1808.537353515625
2022-12-03,15,1941,1972.3399658203125
2022-12-03,16,2128,2234.46337890625
2022-12-03,17,2359,2467.40576171875
2022-12-03,18,2501,2646.225341796875
2022-12-03,19,2490,2646.488525390625
2022-12-03,20,2449,2619.774169921875
2022-12-03,21,2387,2536.31201171875
2022-12-03,22,2293,2391.41796875
2022-12-03,23,2159,2225.93310546875
2022-12-03,24,2056,2078.24365234375
2022-12-04,1,2029,2119.346923828125
2022-12-04,2,1937,1943.22705078125
2022-12-04,3,1869,1835.512451171875
2022-12-04,4,1831,1809.6470947265625
2022-12-04,5,1776,1812.7550048828125
2022-12-04,6,1827,1860.971435546875
2022-12-04,7,1859,1933.572998046875
2022-12-04,8,1806,1925.8271484375
2022-12-04,9,1617,1847.43505859375
2022-12-04,10,1457,1727.268798828125
2022-12-04,11,1372,1615.056640625
2022-12-04,12,1430,1643.91650390625
2022-12-04,13,1698,1697.00048828125
2022-12-04,14,1803,1717.6666259765625
2022-12-04,15,1861,1964.854248046875
2022-12-04,16,2066,2158.1318359375
2022-12-04,17,2342,2418.2861328125
2022-12-04,18,2583,2632.552001953125
2022-12-04,19,2581,2635.164306640625
2022-12-04,20,2502,2559.016845703125
2022-12-04,21,2369,2465.884033203125
2022-12-04,22,2194,2347.5859375
2022-12-04,23,1983,2187.115966796875
2022-12-04,24,1833,2014.8406982421875
2022-12-05,1,1781,1977.2979736328125
2022-12-05,2,1726,1919.3885498046875
2022-12-05,3,1694,1881.5498046875
2022-12-05,4,1671,1890.7137451171875
2022-12-05,5,1707,1895.582275390625
2022-12-05,6,1834,2017.3194580078125
2022-12-05,7,2024,2197.29345703125
2022-12-05,8,2123,2316.376220703125
2022-12-05,9,2098,2422.689208984375
2022-12-05,10,1908,2160.809814453125
2022-12-05,11,1798,2026.58544921875
2022-12-05,12,1895,1875.7742919921875
2022-12-05,13,2009,1853.1407470703125
2022-12-05,14,2143,1946.984619140625
2022-12-05,15,2121,2077.674560546875
2022-12-05,16,2305,2261.666015625
2022-12-05,17,2549,2575.146484375
2022-12-05,18,2713,2807.35009765625
2022-12-05,19,2688,2775.989013671875
2022-12-05,20,2602,2701.185302734375
2022-12-05,21,2481,2582.9931640625
2022-12-05,22,2357,2458.235107421875
2022-12-05,23,2237,2278.022705078125
2022-12-05,24,2153,2147.631591796875
2022-12-06,1,2005,2081.414306640625
2022-12-06,2,1900,1939.09228515625
2022-12-06,3,1914,1887.7529296875
2022-12-06,4,1854,1886.0411376953125
2022-12-06,5,1886,1929.1888427734375
2022-12-06,6,2092,2047.436767578125
2022-12-06,7,2307,2214.036376953125
2022-12-06,8,2409,2302.679443359375
2022-12-06,9,2416,2318.716796875
2022-12-06,10,2213,2062.489990234375
2022-12-06,11,1997,1961.8250732421875
2022-12-06,12,1921,1965.3394775390625
2022-12-06,13,2051,2110.172119140625
2022-12-06,14,2246,2227.497802734375
2022-12-06,15,2335,2221.34521484375
2022-12-06,16,2404,2337.599365234375
2022-12-06,17,2610,2604.47607421875
2022-12-06,18,2811,2805.868408203125
2022-12-06,19,2792,2774.21728515625
2022-12-06,20,2708,2704.789794921875
2022-12-06,21,2601,2603.650390625
2022-12-06,22,2446,2470.2529296875
2022-12-06,23,2256,2278.53369140625
2022-12-06,24,2118,2128.850341796875
2022-12-07,1,2085,2002.0928955078125
2022-12-07,2,2001,1937.684326171875
2022-12-07,3,1952,1891.0516357421875
2022-12-07,4,1992,1905.052734375
2022-12-07,5,2001,1938.70068359375
2022-12-07,6,2138,2048.77197265625
2022-12-07,7,2335,2236.767578125
2022-12-07,8,2389,2493.800048828125
2022-12-07,9,2266,2246.30810546875
2022-12-07,10,2083,2035.4915771484375
2022-12-07,11,1920,1993.1573486328125
2022-12-07,12,1825,1877.749755859375
2022-12-07,13,1802,1856.323486328125
2022-12-07,14,1919,1987.8779296875
2022-12-07,15,2203,2148.12060546875
2022-12-07,16,2518,2299.7392578125
2022-12-07,17,2671,2565.2236328125
2022-12-07,18,2835,2794.17822265625
2022-12-07,19,2853,2777.4453125
2022-12-07,20,2779,2707.95361328125
2022-12-07,21,2694,2596.86181640625
2022-12-07,22,2565,2476.916015625
2022-12-07,23,2372,2330.72216796875
2022-12-07,24,2228,2179.439208984375
2022-12-08,1,2256,2062.58056640625
2022-12-08,2,2238,2002.02880859375
2022-12-08,3,2231,1944.7215576171875
2022-12-08,4,2188,1954.0704345703125
2022-12-08,5,2155,1990.7532958984375
2022-12-08,6,2292,2191.166015625
2022-12-08,7,2490,2433.40234375
2022-12-08,8,2555,2450.071533203125
2022-12-08,9,2517,2269.57421875
2022-12-08,10,2199,1994.149658203125
2022-12-08,11,1875,1840.18603515625
2022-12-08,12,1803,1760.294921875
2022-12-08,13,1873,1771.216796875
2022-12-08,14,2018,1863.6873779296875
2022-12-08,15,2192,2009.8701171875
2022-12-08,16,2399,2236.417236328125
2022-12-08,17,2675,2571.12646484375
2022-12-08,18,2886,2777.02685546875
2022-12-08,19,2878,2758.468505859375
2022-12-08,20,2823,2691.528076171875
2022-12-08,21,2742,2604.5830078125
2022-12-08,22,2611,2480.45556640625
2022-12-08,23,2459,2342.84521484375
2022-12-08,24,2337,2208.477783203125
2022-12-09,1,2225,2059.80859375
2022-12-09,2,2137,2001.5194091796875
2022-12-09,3,2104,1930.8289794921875
2022-12-09,4,2094,1943.1363525390625
2022-12-09,5,2131,1979.260986328125
2022-12-09,6,2288,2191.166015625
2022-12-09,7,2503,2433.40234375
2022-12-09,8,2540,2456.1201171875
2022-12-09,9,2401,2275.59423828125
2022-12-09,10,2196,1999.4111328125
2022-12-09,11,1984,1840.18603515625
2022-12-09,12,1925,1754.7381591796875
2022-12-09,13,1837,1808.3380126953125
2022-12-09,14,1882,1912.1119384765625
2022-12-09,15,2037,2047.314453125
2022-12-09,16,2261,2236.5380859375
2022-12-09,17,2532,2571.12646484375
2022-12-09,18,2735,2777.02685546875
2022-12-09,19,2710,2763.60693359375
2022-12-09,20,2660,2716.650390625
2022-12-09,21,2596,2637.89306640625
2022-12-09,22,2497,2508.97119140625
2022-12-09,23,2333,2323.526611328125
2022-12-09,24,2203,2202.997802734375
2022-12-10,1,2131,2070.681640625
2022-12-10,2,2049,1989.5697021484375
2022-12-10,3,2008,1936.925537109375
2022-12-10,4,1959,1940.4786376953125
2022-12-10,5,1953,1933.6583251953125
2022-12-10,6,2009,2009.673828125
2022-12-10,7,2092,2096.60693359375
2022-12-10,8,2088,2076.988037109375
2022-12-10,9,1933,1956.680419921875
2022-12-10,10,1660,1744.720703125
2022-12-10,11,1425,1618.369873046875
2022-12-10,12,1351,1566.649169921875
2022-12-10,13,1429,1573.592529296875
2022-12-10,14,1536,1678.0767822265625
2022-12-10,15,1720,1827.3831787109375
2022-12-10,16,1977,2110.37548828125
2022-12-10,17,2294,2405.571044921875
2022-12-10,18,2490,2639.461669921875
2022-12-10,19,2473,2645.28759765625
2022-12-10,20,2427,2598.654052734375
2022-12-10,21,2367,2523.432373046875
2022-12-10,22,2285,2423.451904296875
2022-12-10,23,2148,2266.022216796875
2022-12-10,24,2031,2101.535888671875
2022-12-11,1,1994,2079.4150390625
2022-12-11,2,1903,2014.6513671875
2022-12-11,3,1867,1918.4283447265625
2022-12-11,4,1792,1851.828369140625
2022-12-11,5,1791,1842.019287109375
2022-12-11,6,1806,1872.0721435546875
2022-12-11,7,1867,1931.4041748046875
2022-12-11,8,1982,1976.6607666015625
2022-12-11,9,2151,1980.7139892578125
2022-12-11,10,2275,2043.4119873046875
2022-12-11,11,2275,2001.656005859375
2022-12-11,12,2386,2172.128173828125
2022-12-11,13,2419,2157.770263671875
2022-12-11,14,2341,2166.96826171875
2022-12-11,15,2353,2274.862548828125
2022-12-11,16,2427,2445.565673828125
2022-12-11,17,2583,2549.29248046875
2022-12-11,18,2646,2711.827392578125
2022-12-11,19,2617,2725.31103515625
2022-12-11,20,2557,2600.722900390625
2022-12-11,21,2472,2528.069580078125
2022-12-11,22,2351,2420.648193359375
2022-12-11,23,2224,2273.046630859375
2022-12-11,24,2077,2120.5986328125
2022-12-12,1,2025,2055.936279296875
2022-12-12,2,1977,2026.8382568359375
2022-12-12,3,1946,1929.162109375
2022-12-12,4,1879,1918.4146728515625
2022-12-12,5,1955,1980.7884521484375
2022-12-12,6,2112,2117.948974609375
2022-12-12,7,2345,2284.42236328125
2022-12-12,8,2531,2369.302734375
2022-12-12,9,2644,2368.91357421875
2022-12-12,10,2658,2331.896728515625
2022-12-12,11,2356,2359.712646484375
2022-12-12,12,2256,2287.056884765625
2022-12-12,13,2245,2221.380859375
2022-12-12,14,2502,2199.777587890625
2022-12-12,15,2567,2301.169921875
2022-12-12,16,2556,2460.917724609375
2022-12-12,17,2811,2672.111572265625
2022-12-12,18,3004,2941.369384765625
2022-12-12,19,2977,2928.1572265625
2022-12-12,20,2915,2888.60498046875
2022-12-12,21,2821,2789.407958984375
2022-12-12,22,2666,2630.677978515625
2022-12-12,23,2463,2401.496337890625
2022-12-12,24,2298,2221.981201171875
2022-12-13,1,2200,2123.4287109375
2022-12-13,2,2156,2021.0736083984375
2022-12-13,3,2123,1980.24462890625
2022-12-13,4,2083,2001.11767578125
2022-12-13,5,2126,2082.568603515625
2022-12-13,6,2285,2136.957275390625
2022-12-13,7,2537,2300.20654296875
2022-12-13,8,2677,2410.528564453125
2022-12-13,9,2652,2262.679931640625
2022-12-13,10,2413,2065.415771484375
2022-12-13,11,2141,1996.8812255859375
2022-12-13,12,2106,1893.0225830078125
2022-12-13,13,2204,1855.6500244140625
2022-12-13,14,2321,2051.6162109375
2022-12-13,15,2347,2163.90087890625
2022-12-13,16,2434,2330.87451171875
2022-12-13,17,2680,2590.425048828125
2022-12-13,18,2918,2857.02734375
2022-12-13,19,2891,2843.184814453125
2022-12-13,20,2845,2832.048828125
2022-12-13,21,2769,2784.25634765625
2022-12-13,22,2625,2630.677978515625
2022-12-13,23,2423,2401.496337890625
2022-12-13,24,2261,2221.981201171875
2022-12-14,1,2212,2138.081298828125
2022-12-14,2,2136,2078.521484375
2022-12-14,3,2105,2031.8072509765625
2022-12-14,4,2110,2052.177734375
2022-12-14,5,2201,2110.094482421875
2022-12-14,6,2310,2304.81787109375
2022-12-14,7,2533,2449.0302734375
2022-12-14,8,2545,2452.232666015625
2022-12-14,9,2335,2238.06201171875
2022-12-14,10,2123,2019.930908203125
2022-12-14,11,1985,1844.3525390625
2022-12-14,12,1967,1754.7381591796875
2022-12-14,13,1956,1799.8671875
2022-12-14,14,2034,1856.3773193359375
2022-12-14,15,2111,2005.7886962890625
2022-12-14,16,2298,2240.2783203125
2022-12-14,17,2611,2573.669189453125
2022-12-14,18,2853,2857.02734375
2022-12-14,19,2853,2843.184814453125
2022-12-14,20,2805,2832.048828125
2022-12-14,21,2722,2696.80029296875
2022-12-14,22,2574,2587.23388671875
2022-12-14,23,2372,2401.496337890625
2022-12-14,24,2203,2221.981201171875
2022-12-15,1,2160,2123.4287109375
2022-12-15,2,2086,1987.4468994140625
2022-12-15,3,2034,1932.6348876953125
2022-12-15,4,2031,1954.9132080078125
2022-12-15,5,2131,1990.7532958984375
2022-12-15,6,2256,2191.166015625
2022-12-15,7,2474,2433.40234375
2022-12-15,8,2546,2452.232666015625
2022-12-15,9,2525,2236.128662109375
2022-12-15,10,2547,2015.6177978515625
2022-12-15,11,2516,1844.9381103515625
2022-12-15,12,2457,1765.8052978515625
2022-12-15,13,2251,1817.9644775390625
2022-12-15,14,2334,1914.7532958984375
2022-12-15,15,2464,2033.92138671875
2022-12-15,16,2555,2273.101318359375
2022-12-15,17,2732,2638.442138671875
2022-12-15,18,2872,2853.7431640625
2022-12-15,19,2834,2839.147216796875
2022-12-15,20,2774,2716.02490234375
2022-12-15,21,2684,2591.629150390625
2022-12-15,22,2514,2471.1865234375
2022-12-15,23,2323,2296.91943359375
2022-12-15,24,2215,2142.053955078125
2022-12-16,1,2178,2116.548095703125
2022-12-16,2,2184,2012.683349609375
2022-12-16,3,2131,1917.482177734375
2022-12-16,4,2098,1893.7781982421875
2022-12-16,5,2116,1931.5137939453125
2022-12-16,6,2250,2076.06982421875
2022-12-16,7,2443,2239.508056640625
2022-12-16,8,2568,2330.85498046875
2022-12-16,9,2478,2249.4326171875
2022-12-16,10,2238,2186.518310546875
2022-12-16,11,2049,2070.265869140625
2022-12-16,12,1941,1870.1309814453125
2022-12-16,13,1949,1876.0103759765625
2022-12-16,14,2062,1904.8033447265625
2022-12-16,15,2123,2049.75390625
2022-12-16,16,2264,2308.26123046875
2022-12-16,17,2557,2541.170166015625
2022-12-16,18,2730,2772.804443359375
2022-12-16,19,2704,2774.30908203125
2022-12-16,20,2653,2691.528076171875
2022-12-16,21,2587,2597.942138671875
2022-12-16,22,2495,2487.92041015625
2022-12-16,23,2347,2322.6328125
2022-12-16,24,2220,2160.260009765625
2022-12-17,1,2188,2036.443603515625
2022-12-17,2,2109,1953.9681396484375
2022-12-17,3,2084,1914.031494140625
2022-12-17,4,2067,1898.5235595703125
2022-12-17,5,2077,1925.6102294921875
2022-12-17,6,2103,1976.9556884765625
2022-12-17,7,2198,1987.9384765625
2022-12-17,8,2217,1996.5164794921875
2022-12-17,9,2097,1894.930908203125
2022-12-17,10,1952,1785.75048828125
2022-12-17,11,1889,1692.48583984375
2022-12-17,12,2085,1622.919189453125
2022-12-17,13,2153,1611.6646728515625
2022-12-17,14,2223,1766.060302734375
2022-12-17,15,2205,1946.7601318359375
2022-12-17,16,2287,2186.785888671875
2022-12-17,17,2514,2437.15576171875
2022-12-17,18,2687,2651.576171875
2022-12-17,19,2664,2661.36328125
2022-12-17,20,2588,2594.58154296875
2022-12-17,21,2524,2522.310302734375
2022-12-17,22,2432,2416.234130859375
2022-12-17,23,2278,2262.26513671875
2022-12-17,24,2139,2110.067138671875
2022-12-18,1,2096,2079.4150390625
2022-12-18,2,2039,2014.6513671875
2022-12-18,3,2005,1910.522216796875
2022-12-18,4,1968,1859.5791015625
2022-12-18,5,1917,1858.9091796875
2022-12-18,6,1964,1981.637451171875
2022-12-18,7,2054,2037.6151123046875
2022-12-18,8,2041,2051.88037109375
2022-12-18,9,1864,1905.9923095703125
2022-12-18,10,1669,1732.5787353515625
2022-12-18,11,1572,1593.232421875
2022-12-18,12,1584,1561.0499267578125
2022-12-18,13,1683,1573.592529296875
2022-12-18,14,1813,1671.9210205078125
2022-12-18,15,1950,1796.438720703125
2022-12-18,16,2058,2067.6416015625
2022-12-18,17,2380,2404.270263671875
2022-12-18,18,2588,2645.5166015625
2022-12-18,19,2598,2671.35791015625
2022-12-18,20,2591,2606.900634765625
2022-12-18,21,2540,2584.777587890625
2022-12-18,22,2442,2477.93408203125
2022-12-18,23,2284,2308.098876953125
2022-12-18,24,2165,2114.474365234375
2022-12-19,1,2152,2096.134521484375
2022-12-19,2,2109,1984.0618896484375
2022-12-19,3,2015,1932.6348876953125
2022-12-19,4,2028,1985.2969970703125
2022-12-19,5,2113,2077.827392578125
2022-12-19,6,2261,2191.166015625
2022-12-19,7,2466,2433.40234375
2022-12-19,8,2528,2452.232666015625
2022-12-19,9,2415,2236.128662109375
2022-12-19,10,2221,1999.11474609375
2022-12-19,11,2019,1821.344970703125
2022-12-19,12,1879,1754.2576904296875
2022-12-19,13,1900,1767.479736328125
2022-12-19,14,2048,1869.0594482421875
2022-12-19,15,2140,2025.05224609375
2022-12-19,16,2267,2276.211181640625
2022-12-19,17,2600,2577.08349609375
2022-12-19,18,2830,2777.8681640625
2022-12-19,19,2830,2776.404541015625
2022-12-19,20,2781,2797.90771484375
2022-12-19,21,2716,2658.9716796875
2022-12-19,22,2587,2477.316162109375
2022-12-19,23,2391,2296.63623046875
2022-12-19,24,2223,2186.48828125
2022-12-20,1,2171,2088.105712890625
2022-12-20,2,2117,1984.0618896484375
2022-12-20,3,2072,1962.7763671875
2022-12-20,4,2070,2001.11767578125
2022-12-20,5,2130,2077.827392578125
2022-12-20,6,2326,2191.166015625
2022-12-20,7,2509,2410.667236328125
2022-12-20,8,2569,2438.879150390625
2022-12-20,9,2407,2270.760009765625
2022-12-20,10,2183,2040.310791015625
2022-12-20,11,1977,1989.033447265625
2022-12-20,12,1886,1877.749755859375
2022-12-20,13,1889,1798.8343505859375
2022-12-20,14,1947,1872.3468017578125
2022-12-20,15,2116,2025.05224609375
2022-12-20,16,2308,2276.211181640625
2022-12-20,17,2581,2528.651611328125
2022-12-20,18,2818,2779.865478515625
2022-12-20,19,2818,2771.7587890625
2022-12-20,20,2770,2709.40576171875
2022-12-20,21,2702,2605.855712890625
2022-12-20,22,2584,2476.916015625
2022-12-20,23,2392,2309.990966796875
2022-12-20,24,2243,2165.47119140625
2022-12-21,1,2213,2072.41162109375
2022-12-21,2,2184,1984.0618896484375
2022-12-21,3,2185,1932.6348876953125
2022-12-21,4,2137,1954.9132080078125
2022-12-21,5,2185,1990.7532958984375
2022-12-21,6,2292,2202.915283203125
2022-12-21,7,2483,2406.63037109375
2022-12-21,8,2554,2438.879150390625
2022-12-21,9,2468,2237.783447265625
2022-12-21,10,2350,1998.0716552734375
2022-12-21,11,2183,1840.2901611328125
2022-12-21,12,2003,1776.2723388671875
2022-12-21,13,1952,1860.6949462890625
2022-12-21,14,1921,1913.526611328125
2022-12-21,15,2032,2053.972900390625
2022-12-21,16,2324,2259.4990234375
2022-12-21,17,2667,2532.677734375
2022-12-21,18,2841,2764.2236328125
2022-12-21,19,2826,2754.32373046875
2022-12-21,20,2769,2691.8759765625
2022-12-21,21,2698,2597.670166015625
2022-12-21,22,2591,2462.9697265625
2022-12-21,23,2426,2280.8818359375
2022-12-21,24,2282,2141.27099609375
2022-12-22,1,2234,2048.176025390625
2022-12-22,2,2168,1964.4093017578125
2022-12-22,3,2068,1929.2496337890625
2022-12-22,4,2068,1919.588134765625
2022-12-22,5,2137,1957.1343994140625
2022-12-22,6,2272,2112.46630859375
2022-12-22,7,2434,2297.617431640625
2022-12-22,8,2456,2380.348388671875
2022-12-22,9,2339,2203.099853515625
2022-12-22,10,2308,2025.284423828125
2022-12-22,11,2126,1841.5999755859375
2022-12-22,12,2013,1777.96533203125
2022-12-22,13,1962,1899.3363037109375
2022-12-22,14,1944,1950.8515625
2022-12-22,15,2080,2092.21435546875
2022-12-22,16,2308,2302.944580078125
2022-12-22,17,2562,2564.45556640625
2022-12-22,18,2767,2767.5244140625
2022-12-22,19,2757,2765.765380859375
2022-12-22,20,2704,2681.15380859375
2022-12-22,21,2636,2572.744384765625
2022-12-22,22,2530,2453.64794921875
2022-12-22,23,2374,2287.913330078125
2022-12-22,24,2228,2126.515380859375
2022-12-23,1,2205,2036.068603515625
2022-12-23,2,2161,1950.103759765625
2022-12-23,3,2103,1928.087646484375
2022-12-23,4,2100,1919.588134765625
2022-12-23,5,2142,1972.5316162109375
2022-12-23,6,2195,2111.155029296875
2022-12-23,7,2335,2287.645263671875
2022-12-23,8,2333,2416.56640625
2022-12-23,9,2143,2203.338623046875
2022-12-23,10,1910,2011.8824462890625
2022-12-23,11,1760,1835.49072265625
2022-12-23,12,1634,1784.1805419921875
2022-12-23,13,1773,1858.503173828125
2022-12-23,14,1944,1939.04248046875
2022-12-23,15,2058,2067.5654296875
2022-12-23,16,2218,2291.59375
2022-12-23,17,2489,2534.19970703125
2022-12-23,18,2698,2754.1962890625
2022-12-23,19,2674,2740.079833984375
2022-12-23,20,2619,2694.765380859375
2022-12-23,21,2560,2590.306640625
2022-12-23,22,2469,2478.841552734375
2022-12-23,23,2319,2308.073486328125
2022-12-23,24,2187,2183.406494140625
2022-12-24,1,2132,2051.79345703125
2022-12-24,2,2075,2019.478759765625
2022-12-24,3,2020,1921.906494140625
2022-12-24,4,1960,1896.713134765625
2022-12-24,5,1969,1911.8436279296875
2022-12-24,6,2024,1979.0897216796875
2022-12-24,7,2099,2024.8609619140625
2022-12-24,8,2111,2041.140625
2022-12-24,9,2065,1899.74658203125
2022-12-24,10,2000,1774.2196044921875
2022-12-24,11,1736,1636.836181640625
2022-12-24,12,1589,1655.85986328125
2022-12-24,13,1507,1724.7325439453125
2022-12-24,14,1567,1787.2830810546875
2022-12-24,15,1802,1951.6431884765625
2022-12-24,16,2124,2141.299072265625
2022-12-24,17,2378,2400.23046875
2022-12-24,18,2552,2624.203369140625
2022-12-24,19,2505,2612.7353515625
2022-12-24,20,2429,2569.38720703125
2022-12-24,21,2365,2475.921875
2022-12-24,22,2300,2347.314453125
2022-12-24,23,2194,2188.650390625
2022-12-24,24,2096,1998.29638671875
2022-12-25,1,2038,1986.119873046875
2022-12-25,2,1966,1947.8009033203125
2022-12-25,3,1910,1854.793701171875
2022-12-25,4,1878,1810.9925537109375
2022-12-25,5,1890,1789.02099609375
2022-12-25,6,1922,1817.56005859375
2022-12-25,7,1964,1897.3685302734375
2022-12-25,8,1960,1862.270751953125
2022-12-25,9,1934,1788.6068115234375
2022-12-25,10,1870,1720.443359375
2022-12-25,11,1741,1652.0318603515625
2022-12-25,12,1498,1765.0948486328125
2022-12-25,13,1428,1860.4063720703125
2022-12-25,14,1543,1897.83251953125
2022-12-25,15,1722,1991.9505615234375
2022-12-25,16,1989,2196.718994140625
2022-12-25,17,2271,2334.232177734375
2022-12-25,18,2436,2500.581787109375
2022-12-25,19,2411,2465.972412109375
2022-12-25,20,2359,2410.652099609375
2022-12-25,21,2312,2329.7646484375
2022-12-25,22,2254,2248.337158203125
2022-12-25,23,2140,2123.477294921875
2022-12-25,24,2015,1996.5142822265625
2022-12-26,1,1953,2017.7545166015625
2022-12-26,2,1891,1938.5692138671875
2022-12-26,3,1848,1889.08984375
2022-12-26,4,1839,1881.9259033203125
2022-12-26,5,1861,1887.7978515625
2022-12-26,6,1925,1941.119873046875
2022-12-26,7,1994,2055.1787109375
2022-12-26,8,1939,2097.266845703125
2022-12-26,9,1791,1924.649658203125
2022-12-26,10,1696,1829.819091796875
2022-12-26,11,1609,1880.2147216796875
2022-12-26,12,1619,1956.9100341796875
2022-12-26,13,1749,2166.201904296875
2022-12-26,14,2021,2334.289794921875
2022-12-26,15,1965,2315.02587890625
2022-12-26,16,2150,2373.205322265625
2022-12-26,17,2448,2475.91552734375
2022-12-26,18,2652,2660.048828125
2022-12-26,19,2624,2589.746337890625
2022-12-26,20,2571,2489.947998046875
2022-12-26,21,2442,2390.718994140625
2022-12-26,22,2339,2291.3466796875
2022-12-26,23,2261,2154.353271484375
2022-12-26,24,2226,2071.103515625
2022-12-27,1,2287,1979.539306640625
2022-12-27,2,2229,1924.9185791015625
2022-12-27,3,2008,1893.9876708984375
2022-12-27,4,1875,1904.1251220703125
2022-12-27,5,1892,1890.6270751953125
2022-12-27,6,1990,2012.8082275390625
2022-12-27,7,2125,2196.30224609375
2022-12-27,8,2188,2233.740966796875
2022-12-27,9,2072,2182.67724609375
2022-12-27,10,1918,2073.943603515625
2022-12-27,11,1980,2009.1322021484375
2022-12-27,12,2103,1992.86474609375
2022-12-27,13,2103,2033.450439453125
2022-12-27,14,2122,2136.76171875
2022-12-27,15,2248,2228.5810546875
2022-12-27,16,2396,2364.809814453125
2022-12-27,17,2557,2577.778564453125
2022-12-27,18,2706,2799.4501953125
2022-12-27,19,2673,2778.347412109375
2022-12-27,20,2586,2662.435791015625
2022-12-27,21,2466,2533.981201171875
2022-12-27,22,2358,2424.125244140625
2022-12-27,23,2197,2245.21337890625
2022-12-27,24,2063,2090.152587890625
2022-12-28,1,1999,1979.539306640625
2022-12-28,2,1927,1926.39794921875
2022-12-28,3,1866,1883.270263671875
2022-12-28,4,1856,1890.2109375
2022-12-28,5,1879,1891.7626953125
2022-12-28,6,1966,2015.6142578125
2022-12-28,7,2096,2197.29345703125
2022-12-28,8,2189,2224.676513671875
2022-12-28,9,2209,2241.299560546875
2022-12-28,10,2271,2320.160888671875
2022-12-28,11,2097,2205.831298828125
2022-12-28,12,1924,2197.76611328125
2022-12-28,13,1842,1986.51904296875
2022-12-28,14,1757,2074.41162109375
2022-12-28,15,1850,2188.621337890625
2022-12-28,16,2106,2308.18603515625
2022-12-28,17,2411,2528.97998046875
2022-12-28,18,2637,2746.2490234375
2022-12-28,19,2619,2729.596435546875
2022-12-28,20,2551,2704.373291015625
2022-12-28,21,2464,2598.49072265625
2022-12-28,22,2351,2461.38671875
2022-12-28,23,2197,2281.946044921875
2022-12-28,24,2092,2144.214111328125
2022-12-29,1,2059,2117.891845703125
2022-12-29,2,1968,1930.950439453125
2022-12-29,3,1859,1884.463623046875
2022-12-29,4,1848,1907.3939208984375
2022-12-29,5,1911,1935.5635986328125
2022-12-29,6,1971,2026.466552734375
2022-12-29,7,2108,2196.30224609375
2022-12-29,8,2221,2235.25341796875
2022-12-29,9,2303,2187.265380859375
2022-12-29,10,2293,2362.822021484375
2022-12-29,11,2088,2351.4638671875
2022-12-29,12,2202,2276.855712890625
2022-12-29,13,2415,2229.1806640625
2022-12-29,14,2375,2231.115234375
2022-12-29,15,2411,2402.895263671875
2022-12-29,16,2457,2412.825927734375
2022-12-29,17,2574,2597.064208984375
2022-12-29,18,2664,2846.718505859375
2022-12-29,19,2630,2800.202880859375
2022-12-29,20,2556,2678.33935546875
2022-12-29,21,2469,2577.29541015625
2022-12-29,22,2346,2459.24853515625
2022-12-29,23,2189,2249.7900390625
2022-12-29,24,2094,2090.108154296875
2022-12-30,1,2012,2009.0599365234375
2022-12-30,2,1896,1926.2083740234375
2022-12-30,3,1880,1885.5748291015625
2022-12-30,4,1931,1897.8739013671875
2022-12-30,5,1873,1943.864501953125
2022-12-30,6,2008,2026.466552734375
2022-12-30,7,2138,2198.663818359375
2022-12-30,8,2226,2243.662353515625
2022-12-30,9,2150,2244.602783203125
2022-12-30,10,2164,2334.601318359375
2022-12-30,11,2321,2382.45849609375
2022-12-30,12,2383,2407.76025390625
2022-12-30,13,2408,2297.02001953125
2022-12-30,14,2282,2291.33203125
2022-12-30,15,2248,2428.068359375
2022-12-30,16,2296,2553.630859375
2022-12-30,17,2434,2619.731201171875
2022-12-30,18,2593,2846.718505859375
2022-12-30,19,2570,2800.202880859375
2022-12-30,20,2505,2695.013916015625
2022-12-30,21,2429,2603.005859375
2022-12-30,22,2332,2441.469970703125
2022-12-30,23,2191,2249.7900390625
2022-12-30,24,2112,2091.575927734375
2022-12-31,1,2010,2009.8646240234375
2022-12-31,2,1903,1929.1541748046875
2022-12-31,3,1856,1841.544189453125
2022-12-31,4,1837,1812.97509765625
2022-12-31,5,1800,1762.487548828125
2022-12-31,6,1835,1826.9927978515625
2022-12-31,7,1887,1907.5513916015625
2022-12-31,8,1910,1919.7384033203125
2022-12-31,9,1919,1944.2852783203125
2022-12-31,10,1945,2083.8291015625
2022-12-31,11,2049,2071.237060546875
2022-12-31,12,2088,2052.0595703125
2022-12-31,13,2104,2043.26123046875
2022-12-31,14,2090,2086.63818359375
2022-12-31,15,2180,2244.885498046875
2022-12-31,16,2294,2406.417236328125
2022-12-31,17,2441,2496.825927734375
2022-12-31,18,2562,2674.61572265625
2022-12-31,19,2524,2662.373779296875
2022-12-31,20,2434,2570.090576171875
2022-12-31,21,2343,2521.964599609375
2022-12-31,22,2253,2349.396240234375
2022-12-31,23,2159,2187.115966796875
2022-12-31,24,2098,2014.8406982421875
